region,func,w,lambda_eur,n_open,sum_y_lp,travelcost_multistart,travelcost_lp_relaxation,facilitycost_eur,totalcost_eur,mean_traveltime_min,frac_open,baseline_facilities,baseline_travelcost,on_pareto_frontier
Netherlands,LINEAR,0.0001,10.00,14994,14994.000,1255328,1255328,149940,1405268,0.0719,0,1615,60676723,True
Netherlands,LINEAR,0.00015,15.00,14993,14993.000,1255340,1255340,224895,1480235,0.0719,0,1615,60676723,True
Netherlands,LINEAR,0.0002,20.00,14993,14993.000,1255340,1255340,299860,1555200,0.0719,0,1615,60676723,True
Netherlands,LINEAR,0.0003,30.00,14992,14992.000,1255365,1255365,449760,1705125,0.0719,0,1615,60676723,True
Netherlands,LINEAR,0.0005,50.00,14991,14991.000,1255400,1255400,749550,2004950,0.0719,0,1615,60676723,True
Netherlands,LINEAR,0.0007,70.00,14984,14984.000,1255815,1255815,1048880,2304695,0.0719,0,1615,60676723,True
Netherlands,LINEAR,0.001,100.00,14935,14935.000,1260297,1260297,1493500,2753797,0.0722,0,1615,60676723,True
Netherlands,LINEAR,0.0015,150.00,14384,14384.500,1332178,1332075,2157600,3489778,0.0763,3,1615,60676723,True
Netherlands,LINEAR,0.002,200.00,13425,13425.000,1500448,1500446,2685000,4185448,0.0859,6,1615,60676723,True
Netherlands,LINEAR,0.003,300.00,11891,11891.000,1880173,1880145,3567300,5447473,0.1077,14,1615,60676723,True
Netherlands,LINEAR,0.005,500.00,10118,10118.000,2568396,2568373,5059000,7627396,0.1471,12,1615,60676723,True
Netherlands,LINEAR,0.007,700.00,9095,9095.000,3174261,3174261,6366500,9540761,0.1818,0,1615,60676723,True
Netherlands,LINEAR,0.01,1000.00,8157,8157.000,3960421,3960390,8157000,12117421,0.2268,16,1615,60676723,True
Netherlands,LINEAR,0.015,1500.00,7197,7197.000,5133334,5133234,10795500,15928834,0.294,12,1615,60676723,True
Netherlands,LINEAR,0.02,2000.00,6534,6533.500,6283895,6284887,13068000,19351895,0.3599,3,1615,60676723,True
Netherlands,LINEAR,0.03,3000.00,5652,5652.000,8472459,8472225,16956000,25428459,0.4853,20,1615,60676723,True
Netherlands,LINEAR,0.05,5000.00,4624,4624.000,12474031,12474001,23120000,35594031,0.7145,4,1615,60676723,True
Netherlands,LINEAR,0.07,7000.00,3952,3952.000,16461500,16461500,27664000,44125500,0.9429,0,1615,60676723,True
Netherlands,LINEAR,0.1,10000.00,3220,3219.500,22647737,22652379,32200000,54847737,1.2972,11,1615,60676723,True
Netherlands,LINEAR,0.15,15000.00,2446,2445.500,32105462,32109494,36690000,68795462,1.8389,31,1615,60676723,True
Netherlands,LINEAR,0.2,20000.00,1900,1899.830,41590157,41587045,38000000,79590157,2.3822,57,1615,60676723,True
Netherlands,LINEAR,0.22427,22427.00,1735,1735.000,45088880,45080882,38910845,83999725,2.5825,61,1615,60676723,True
Netherlands,LINEAR,0.23749,23749.00,1642,1642.000,47238233,47229528,38995858,86234091,2.7057,63,1615,60676723,True
Netherlands,LINEAR,0.24091,24091.00,1623,1623.000,47693450,47684573,39099693,86793143,2.7317,55,1615,60676723,True
Netherlands,LINEAR,0.24264,24264.00,1618,1617.830,47813511,47809356,39259152,87072663,2.7386,57,1615,60676723,True
Netherlands,LINEAR,0.24439,24439.00,1609,1608.830,48033419,48028397,39322351,87355770,2.7512,59,1615,60676723,True
Netherlands,LINEAR,0.25149,25149.00,1578,1577.500,48799438,48805593,39685122,88484560,2.7951,52,1615,60676723,True
Netherlands,LINEAR,0.3,30000.00,1334,1334.420,55481849,55459326,40020000,95501849,3.1778,63,1615,60676723,True
Netherlands,LINEAR,0.3,30000.00,1334,1334.420,55481849,55459326,40020000,95501849,3.1778,63,1615,60676723,True
Netherlands,LINEAR,0.31544,31544.00,1269,1269.250,57477702,57459536,40029336,97507038,3.2921,65,1615,60676723,True
Netherlands,LINEAR,0.31623,31623.00,1265,1265.250,57604248,57585753,40003095,97607343,3.2994,61,1615,60676723,True
Netherlands,LINEAR,0.33682,33682.00,1192,1192.000,59990511,59976359,40148944,100139455,3.4361,70,1615,60676723,True
Netherlands,LINEAR,0.34087,34087.00,1180,1180.500,60404499,60365845,40222660,100627159,3.4598,85,1615,60676723,True
Netherlands,LINEAR,0.34239,34239.00,1174,1174.000,60608649,60588039,40196586,100805235,3.4715,88,1615,60676723,True
Netherlands,LINEAR,0.34805,34805.00,1155,1154.580,61265726,61258255,40199775,101465501,3.5091,120,1615,60676723,True
Netherlands,LINEAR,0.35965,35965.00,1113,1113.250,62747351,62718638,40029045,102776396,3.594,97,1615,60676723,True
Netherlands,LINEAR,0.3873,38730.00,1044,1043.500,65314126,65317994,40434120,105748246,3.741,66,1615,60676723,True
Netherlands,LINEAR,0.41007,41007.00,996,995.900,67238925,67211893,40842972,108081897,3.8512,96,1615,60676723,True
Netherlands,LINEAR,0.5,50000.00,831,831.000,74728392,74671842,41550000,116278392,4.2802,125,1615,60676723,True
Netherlands,LINEAR,0.7,70000.00,648,648.000,85704775,85385098,45360000,131064775,4.9089,162,1615,60676723,True
Netherlands,LINEAR,1,100000.00,503,502.670,111298575,97450091,50300000,161598575,6.3748,332,1615,60676723,True
Netherlands,LINEAR,1.5,150000.00,406,406.030,184140420,109203081,60900000,245040420,10.547,530,1615,60676723,True
Netherlands,LOGISTIC,0.0001,10.00,7736,7736.000,1360694,1360693,77360,1438054,0.2534,16,1615,1906710,True
Netherlands,LOGISTIC,0.0002,20.00,6232,6231.500,1382188,1382196,124640,1506828,0.398,29,1615,1906710,True
Netherlands,LOGISTIC,0.0005,50.00,4378,4377.500,1441517,1441540,218900,1660417,0.7917,11,1615,1906710,True
Netherlands,LOGISTIC,0.001,100.00,2980,2980.330,1542368,1542324,298000,1840368,1.4484,18,1615,1906710,True
Netherlands,LOGISTIC,0.002,200.00,1788,1788.380,1711325,1711155,357600,2068925,2.5277,104,1615,1906710,True
Netherlands,LOGISTIC,0.0022427,224.27,1638,1638.000,1743002,1742920,367354,2110356,2.7269,80,1615,1906710,True
Netherlands,LOGISTIC,0.002275,227.50,1613,1612.670,1748652,1748642,366958,2115610,2.7622,86,1615,1906710,True
Netherlands,LOGISTIC,0.0023079,230.79,1597,1597.000,1752342,1752225,368572,2120914,2.7851,106,1615,1906710,True
Netherlands,LOGISTIC,0.0023749,237.49,1567,1567.500,1759357,1759152,372147,2131504,2.8293,75,1615,1906710,True
Netherlands,LOGISTIC,0.0025149,251.49,1476,1476.170,1781708,1781469,371199,2152907,2.9664,138,1615,1906710,True
Netherlands,LOGISTIC,0.0029576,295.76,1279,1278.920,1835446,1835149,378277,2213723,3.2935,130,1615,1906710,True
Netherlands,LOGISTIC,0.0031623,316.23,1204,1204.130,1858249,1857972,380741,2238990,3.4315,125,1615,1906710,True
Netherlands,LOGISTIC,0.0033721,337.21,1153,1152.930,1874955,1874702,388803,2263758,3.5316,147,1615,1906710,True
Netherlands,LOGISTIC,0.003546,354.60,1110,1110.000,1889860,1889562,393606,2283466,3.6199,127,1615,1906710,True
Netherlands,LOGISTIC,0.0036007,360.07,1100,1099.830,1893439,1893202,396077,2289516,3.6419,122,1615,1906710,True
Netherlands,LOGISTIC,0.0037208,372.08,1068,1067.670,1905153,1904998,397381,2302534,3.7095,121,1615,1906710,True
Netherlands,LOGISTIC,0.003755,375.50,1057,1057.330,1909353,1908860,396904,2306256,3.7346,136,1615,1906710,True
Netherlands,LOGISTIC,0.0038448,384.48,1043,1043.170,1914643,1914245,401013,2315656,3.7662,115,1615,1906710,True
Netherlands,LOGISTIC,0.0039764,397.64,1019,1019.080,1924082,1923670,405195,2329277,3.8217,149,1615,1906710,True
Netherlands,LOGISTIC,0.005,500.00,846,846.080,2000777,1999879,423000,2423777,4.2579,173,1615,1906710,True
Netherlands,LOGISTIC,0.01,1000.00,554,553.630,2282835,2203239,554000,2836835,5.8259,329,1615,1906710,True
Netherlands,LOGISTIC,0.02,2000.00,403,403.390,3044916,2407248,806000,3850916,11.073,612,1615,1906710,True
Netherlands,LOGISTIC,0.2,20000.00,237,237.250,4397767,3456340,4740000,9137767,19.7194,550,1615,1906710,True
Netherlands,LOGISTIC,0.5,50000.00,143,143.250,6861807,6833605,7150000,14011807,38.3903,36,1615,1906710,True
Luxembourg,LINEAR,0.0001,10.00,945,945.000,41124,41124,9450,50574,0.0648,0,86,2402833,True
Luxembourg,LINEAR,0.0002,20.00,944,944.000,41139,41139,18880,60019,0.0648,0,86,2402833,True
Luxembourg,LINEAR,0.0005,50.00,944,944.000,41139,41139,47200,88339,0.0648,0,86,2402833,True
Luxembourg,LINEAR,0.001,100.00,943,943.000,41237,41237,94300,135537,0.065,0,86,2402833,True
Luxembourg,LINEAR,0.002,200.00,870,870.000,52945,52945,174000,226945,0.0835,0,86,2402833,True
Luxembourg,LINEAR,0.005,500.00,674,674.000,118737,118737,337000,455737,0.1872,0,86,2402833,True
Luxembourg,LINEAR,0.01,1000.00,505,505.000,238464,238464,505000,743464,0.3759,0,86,2402833,True
Luxembourg,LINEAR,0.02,2000.00,355,355.000,454766,454766,710000,1164766,0.7168,0,86,2402833,True
Luxembourg,LINEAR,0.05,5000.00,199,199.000,946793,946793,995000,1941793,1.4923,0,86,2402833,True
Luxembourg,LINEAR,0.1,10000.00,121,121.000,1499297,1499297,1210000,2709297,2.3632,0,86,2402833,True
Luxembourg,LINEAR,0.14142,14142.00,92,92.000,1830962,1830962,1301064,3132026,2.886,0,86,2402833,True
Luxembourg,LINEAR,0.15422,15422.00,87,87.000,1904076,1904076,1341714,3245790,3.0012,0,86,2402833,True
Luxembourg,LINEAR,0.16818,16818.00,79,79.000,2031826,2031826,1328622,3360448,3.2026,0,86,2402833,True
Luxembourg,LINEAR,0.2,20000.00,69,69.000,2207711,2207711,1380000,3587711,3.4798,0,86,2402833,True
Luxembourg,LINEAR,0.2,20000.00,69,69.000,2207711,2207711,1380000,3587711,3.4798,0,86,2402833,True
Luxembourg,LINEAR,0.20049,20049.00,69,69.000,2207711,2207711,1383381,3591092,3.4798,0,86,2402833,True
Luxembourg,LINEAR,0.22859,22859.00,63,63.000,2335834,2335834,1440117,3775951,3.6818,0,86,2402833,True
Luxembourg,LINEAR,0.24409,24409.00,62,62.000,2358959,2358959,1513358,3872317,3.7182,0,86,2402833,True
Luxembourg,LINEAR,0.25149,25149.00,61,61.000,2385109,2383963,1534089,3919198,3.7594,6,86,2402833,True
Luxembourg,LINEAR,0.25222,25222.00,61,61.000,2385109,2383963,1538542,3923651,3.7594,6,86,2402833,True
Luxembourg,LINEAR,0.2543,25430.00,61,61.000,2385109,2383963,1551230,3936339,3.7594,6,86,2402833,True
Luxembourg,LINEAR,0.25511,25511.00,61,61.000,2385109,2383963,1556171,3941280,3.7594,6,86,2402833,True
Luxembourg,LINEAR,0.25639,25639.00,59,59.000,2435139,2435139,1512701,3947840,3.8383,0,86,2402833,True
Luxembourg,LINEAR,0.25879,25879.00,59,59.000,2435139,2435139,1526861,3962000,3.8383,0,86,2402833,True
Luxembourg,LINEAR,0.26063,26063.00,59,59.000,2435139,2435139,1537717,3972856,3.8383,0,86,2402833,True
Luxembourg,LINEAR,0.26631,26631.00,58,57.500,2461669,2474973,1544598,4006267,3.8801,3,86,2402833,True
Luxembourg,LINEAR,0.28201,28201.00,53,53.000,2598498,2598498,1494653,4093151,4.0958,0,86,2402833,True
Luxembourg,LINEAR,0.31623,31623.00,50,50.000,2686781,2686781,1581150,4267931,4.2349,0,86,2402833,True
Luxembourg,LINEAR,0.5,50000.00,34,33.500,3325268,3346092,1700000,5025268,5.2413,19,86,2402833,True
Luxembourg,LINEAR,1,100000.00,22,22.000,4197312,4148075,2200000,6397312,6.6145,24,86,2402833,True
Luxembourg,LINEAR,2,200000.00,18,18.330,4828904,4635685,3600000,8428904,7.3248,25,86,2402833,True
Luxembourg,LINEAR,5,500000.00,15,15.500,6077183,5398884,7500000,13577183,8.1979,51,86,2402833,True
Luxembourg,LOGISTIC,0.0001,10.00,469,469.000,50402,50402,4690,55092,0.4392,0,86,71132,True
Luxembourg,LOGISTIC,0.0002,20.00,320,319.500,52556,52564,6400,58956,0.8388,3,86,71132,True
Luxembourg,LOGISTIC,0.0005,50.00,182,181.500,57047,57061,9100,66147,1.6471,19,86,71132,True
Luxembourg,LOGISTIC,0.001,100.00,108,108.000,62531,62531,10800,73331,2.5888,0,86,71132,True
Luxembourg,LOGISTIC,0.0014142,141.42,89,89.000,64786,64786,12586,77372,2.9662,0,86,71132,True
Luxembourg,LOGISTIC,0.0014452,144.52,86,86.000,65216,65214,12429,77645,3.0399,8,86,71132,True
Luxembourg,LOGISTIC,0.0014768,147.68,84,84.000,65504,65504,12405,77909,3.0888,0,86,71132,True
Luxembourg,LOGISTIC,0.0015422,154.22,82,82.000,65805,65805,12646,78451,3.1392,0,86,71132,True
Luxembourg,LOGISTIC,0.0016818,168.18,79,79.000,66285,66282,13286,79571,3.2182,4,86,71132,True
Luxembourg,LOGISTIC,0.0018787,187.87,71,71.000,67723,67723,13339,81062,3.4504,0,86,71132,True
Luxembourg,LOGISTIC,0.002,200.00,68,68.000,68295,68295,13600,81895,3.5338,0,86,71132,True
Luxembourg,LOGISTIC,0.002,200.00,68,68.000,68295,68295,13600,81895,3.5338,0,86,71132,True
Luxembourg,LOGISTIC,0.0024424,244.24,60,60.000,70055,70055,14654,84709,3.8105,0,86,71132,True
Luxembourg,LOGISTIC,0.0025149,251.49,58,58.000,70555,70555,14586,85141,3.8997,0,86,71132,True
Luxembourg,LOGISTIC,0.0026079,260.79,57,57.000,70812,70812,14865,85677,3.9461,0,86,71132,True
Luxembourg,LOGISTIC,0.0026294,262.94,57,57.000,70812,70812,14988,85800,3.9461,0,86,71132,True
Luxembourg,LOGISTIC,0.002651,265.10,55,55.250,71351,71274,14581,85932,4.0443,11,86,71132,True
Luxembourg,LOGISTIC,0.0026631,266.31,55,55.000,71351,71340,14647,85998,4.0443,10,86,71132,True
Luxembourg,LOGISTIC,0.0026949,269.49,55,55.000,71351,71340,14822,86173,4.0443,10,86,71132,True
Luxembourg,LOGISTIC,0.0027847,278.47,54,54.000,71616,71616,15037,86653,4.085,0,86,71132,True
Luxembourg,LOGISTIC,0.0028201,282.01,54,54.000,71616,71616,15229,86845,4.085,0,86,71132,True
Luxembourg,LOGISTIC,0.0031623,316.23,54,54.000,71616,71616,17076,88692,4.085,0,86,71132,True
Luxembourg,LOGISTIC,0.0031751,317.51,54,54.000,71616,71616,17146,88762,4.085,0,86,71132,True
Luxembourg,LOGISTIC,0.005,500.00,40,39.500,77049,77227,20000,97049,4.8474,9,86,71132,True
Luxembourg,LOGISTIC,0.01,1000.00,24,24.370,88428,87771,24000,112428,6.3376,41,86,71132,True
Luxembourg,LOGISTIC,0.02,2000.00,19,19.000,96348,95410,38000,134348,7.3602,26,86,71132,True
Luxembourg,LOGISTIC,0.05,5000.00,16,15.670,107959,106668,80000,187959,8.9467,35,86,71132,True
Luxembourg,LOGISTIC,0.1,10000.00,14,14.500,124217,116384,140000,264217,11.9094,30,86,71132,True
Luxembourg,LOGISTIC,0.2,20000.00,12,11.600,153498,159319,240000,393498,17.3876,26,86,71132,True
Luxembourg,LOGISTIC,0.5,50000.00,2,2.000,484446,484446,100000,584446,88.6342,0,86,71132,True
Estonia,LINEAR,0.0001,10.00,1883,1883.000,1080578,1080578,18830,1099408,0.8197,0,292,5947125,True
Estonia,LINEAR,0.0002,20.00,1883,1883.000,1080578,1080578,37660,1118238,0.8197,0,292,5947125,True
Estonia,LINEAR,0.0005,50.00,1883,1883.000,1080578,1080578,94150,1174728,0.8197,0,292,5947125,True
Estonia,LINEAR,0.001,100.00,1881,1881.000,1080749,1080749,188100,1268849,0.8199,0,292,5947125,True
Estonia,LINEAR,0.002,200.00,1835,1835.000,1088269,1088269,367000,1455269,0.8256,0,292,5947125,True
Estonia,LINEAR,0.005,500.00,1500,1500.500,1204764,1204396,750000,1954764,0.914,3,292,5947125,True
Estonia,LINEAR,0.01,1000.00,1171,1171.000,1442247,1442247,1171000,2613247,1.0941,0,292,5947125,True
Estonia,LINEAR,0.02,2000.00,845,845.000,1905395,1905395,1690000,3595395,1.4455,0,292,5947125,True
Estonia,LINEAR,0.05,5000.00,498,498.500,3005167,3002638,2490000,5495167,2.2799,3,292,5947125,True
Estonia,LINEAR,0.1,10000.00,319,319.000,4280109,4278859,3190000,7470109,3.2472,12,292,5947125,True
Estonia,LINEAR,0.10905,10905.00,304,304.000,4436297,4435526,3315120,7751417,3.3659,12,292,5947125,True
Estonia,LINEAR,0.11388,11388.00,299,299.000,4492170,4491551,3405012,7897182,3.4082,8,292,5947125,True
Estonia,LINEAR,0.11637,11637.00,292,292.000,4572666,4572047,3398004,7970670,3.4693,8,292,5947125,True
Estonia,LINEAR,0.11892,11892.00,286,285.500,4642540,4648374,3401112,8043652,3.5223,9,292,5947125,True
Estonia,LINEAR,0.14142,14142.00,247,247.000,5143249,5143249,3493074,8636323,3.9021,0,292,5947125,True
Estonia,LINEAR,0.15128,15128.00,236,235.500,5304246,5311179,3570208,8874454,4.0244,7,292,5947125,True
Estonia,LINEAR,0.16818,16818.00,212,212.500,5687301,5678213,3565416,9252717,4.3149,3,292,5947125,True
Estonia,LINEAR,0.1834,18340.00,205,205.000,5809665,5809665,3759700,9569365,4.4077,0,292,5947125,True
Estonia,LINEAR,0.19152,19152.00,199,199.000,5921669,5921669,3811248,9732917,4.4927,0,292,5947125,False
Estonia,LINEAR,0.19667,19667.00,199,199.000,5921552,5921552,3913733,9835285,4.4927,0,292,5947125,True
Estonia,LINEAR,0.19829,19829.00,197,197.000,5961106,5961106,3906313,9867419,4.5227,0,292,5947125,True
Estonia,LINEAR,0.19992,19992.00,195,195.000,6001053,6001053,3898440,9899493,4.553,0,292,5947125,True
Estonia,LINEAR,0.2,20000.00,195,195.000,6001169,6001169,3900000,9901169,4.553,0,292,5947125,False
Estonia,LINEAR,0.20323,20323.00,193,193.000,6041379,6041379,3922339,9963718,4.5836,0,292,5947125,True
Estonia,LINEAR,0.21,21000.00,189,189.000,6123934,6123934,3969000,10092934,4.6463,0,292,5947125,True
Estonia,LINEAR,0.22424,22424.00,182,182.000,6276429,6276429,4081168,10357597,4.762,0,292,5947125,True
Estonia,LINEAR,0.25567,25567.00,166,165.500,6658058,6669818,4244122,10902180,5.0515,11,292,5947125,True
Estonia,LINEAR,0.5,50000.00,104,104.000,8818602,8800532,5200000,14018602,6.6919,14,292,5947125,True
Estonia,LINEAR,1,100000.00,73,72.830,11005208,10986711,7300000,18305208,8.3564,60,292,5947125,True
Estonia,LINEAR,2,200000.00,59,59.340,13220838,12839789,11800000,25020838,10.078,128,292,5947125,True
Estonia,LINEAR,5,500000.00,48,47.700,17235216,16650321,24000000,41235216,13.282,104,292,5947125,True
Estonia,LOGISTIC,0.0001,10.00,1152,1152.000,114375,114375,11520,125895,1.1117,0,292,173541,True
Estonia,LOGISTIC,0.0002,20.00,845,845.000,118734,118734,16900,135634,1.4547,0,292,173541,True
Estonia,LOGISTIC,0.0005,50.00,540,540.000,128070,128070,27000,155070,2.1515,0,292,173541,True
Estonia,LOGISTIC,0.001,100.00,360,360.000,140790,140789,36000,176790,3.0271,4,292,173541,True
Estonia,LOGISTIC,0.0011892,118.92,318,318.500,145394,145327,37817,183211,3.3266,11,292,173541,True
Estonia,LOGISTIC,0.0012968,129.68,300,300.500,147616,147543,38904,186520,3.47,15,292,173541,True
Estonia,LOGISTIC,0.0013543,135.43,292,292.500,148687,148599,39546,188233,3.542,9,292,173541,True
Estonia,LOGISTIC,0.0014142,141.42,281,281.000,150203,150189,39739,189942,3.648,10,292,173541,True
Estonia,LOGISTIC,0.0017605,176.05,252,252.000,154874,154869,44365,199239,3.948,20,292,173541,True
Estonia,LOGISTIC,0.002,200.00,232,232.500,158626,158514,46400,205026,4.1797,17,292,173541,True
Estonia,LOGISTIC,0.002,200.00,232,232.500,158626,158514,46400,205026,4.1797,17,292,173541,True
Estonia,LOGISTIC,0.0022887,228.87,208,207.500,163727,163841,47605,211332,4.4882,7,292,173541,True
Estonia,LOGISTIC,0.0025149,251.49,199,199.000,165893,165879,50047,215940,4.617,10,292,173541,True
Estonia,LOGISTIC,0.0028201,282.01,182,181.500,170412,170545,51326,221738,4.8876,13,292,173541,True
Estonia,LOGISTIC,0.0029753,297.53,172,171.500,173290,173437,51175,224465,5.0466,19,292,173541,True
Estonia,LOGISTIC,0.0029863,298.63,172,171.500,173293,173440,51364,224657,5.0466,19,292,173541,False
Estonia,LOGISTIC,0.0030745,307.45,171,171.330,173628,173487,52574,226202,5.063,22,292,173541,True
Estonia,LOGISTIC,0.0031623,316.23,168,167.670,174574,174640,53127,227701,5.131,35,292,173541,True
Estonia,LOGISTIC,0.003177,317.70,167,167.170,174904,174796,53056,227960,5.1607,42,292,173541,True
Estonia,LOGISTIC,0.0033924,339.24,160,159.670,177235,177268,54278,231513,5.3195,40,292,173541,True
Estonia,LOGISTIC,0.0038679,386.79,145,144.750,182617,182675,56085,238702,5.6141,29,292,173541,True
Estonia,LOGISTIC,0.005,500.00,130,129.500,189241,189491,65000,254241,5.9629,3,292,173541,True
Estonia,LOGISTIC,0.01,1000.00,91,90.830,216918,216405,91000,307918,7.3918,54,292,173541,True
Estonia,LOGISTIC,0.02,2000.00,68,68.020,250659,248733,136000,386659,8.9823,78,292,173541,True
Estonia,LOGISTIC,0.05,5000.00,44,44.150,333397,330235,220000,553397,15.4478,52,292,173541,True
Estonia,LOGISTIC,0.1,10000.00,37,36.670,380432,378090,370000,750432,20.3312,55,292,173541,True
Estonia,LOGISTIC,0.2,20000.00,20,19.500,610206,615223,400000,1010206,46.8465,20,292,173541,True
Estonia,LOGISTIC,0.5,50000.00,5,5.000,1048386,1048386,250000,1298386,93.2654,0,292,173541,True
Latvia,LINEAR,0.0001,10.00,2887,2887.000,1524121,1524121,28870,1552991,0.8055,0,496,7488147,True
Latvia,LINEAR,0.0002,20.00,2885,2885.000,1524156,1524156,57700,1581856,0.8055,0,496,7488147,True
Latvia,LINEAR,0.0005,50.00,2884,2884.000,1524182,1524182,144200,1668382,0.8055,0,496,7488147,True
Latvia,LINEAR,0.001,100.00,2881,2881.000,1524412,1524412,288100,1812512,0.8057,0,496,7488147,True
Latvia,LINEAR,0.002,200.00,2791,2791.000,1539265,1539265,558200,2097465,0.8135,0,496,7488147,True
Latvia,LINEAR,0.005,500.00,2219,2219.000,1736783,1736783,1109500,2846283,0.9179,0,496,7488147,True
Latvia,LINEAR,0.01,1000.00,1720,1720.000,2092248,2092248,1720000,3812248,1.1058,0,496,7488147,True
Latvia,LINEAR,0.02,2000.00,1244,1244.000,2774019,2774019,2488000,5262019,1.4661,0,496,7488147,True
Latvia,LINEAR,0.05,5000.00,718,718.000,4433026,4432863,3590000,8023026,2.3429,18,496,7488147,True
Latvia,LINEAR,0.070711,7071.10,568,568.500,5322224,5318603,4016385,9338609,2.8128,7,496,7488147,True
Latvia,LINEAR,0.08409,8409.00,502,502.000,5833516,5833005,4221318,10054834,3.0831,14,496,7488147,True
Latvia,LINEAR,0.085931,8593.10,498,498.500,5867805,5862676,4279364,10147169,3.1012,11,496,7488147,True
Latvia,LINEAR,0.086398,8639.80,496,496.500,5885016,5879887,4285341,10170357,3.1103,11,496,7488147,True
Latvia,LINEAR,0.086867,8686.70,494,494.500,5902337,5897208,4291230,10193567,3.1194,11,496,7488147,True
Latvia,LINEAR,0.087813,8781.30,493,493.000,5911012,5910320,4329181,10240193,3.124,14,496,7488147,True
Latvia,LINEAR,0.0917,9170.00,482,482.000,6009735,6009086,4419940,10429675,3.1762,11,496,7488147,True
Latvia,LINEAR,0.1,10000.00,447,447.000,6343780,6343780,4470000,10813780,3.3527,0,496,7488147,True
Latvia,LINEAR,0.1,10000.00,447,447.000,6343780,6343780,4470000,10813780,3.3527,0,496,7488147,True
Latvia,LINEAR,0.11232,11232.00,417,417.400,6662713,6657924,4683744,11346457,3.5213,12,496,7488147,True
Latvia,LINEAR,0.12806,12806.00,378,377.500,7129582,7134794,4840668,11970250,3.768,9,496,7488147,True
Latvia,LINEAR,0.13674,13674.00,364,364.000,7312729,7312729,4977336,12290065,3.8648,0,496,7488147,True
Latvia,LINEAR,0.1413,14130.00,354,354.500,7452573,7445119,5002020,12454593,3.9387,15,496,7488147,True
Latvia,LINEAR,0.14142,14142.00,354,354.500,7452573,7445119,5006268,12458841,3.9387,15,496,7488147,True
Latvia,LINEAR,0.14246,14246.00,352,351.500,7480805,7487743,5014592,12495397,3.9537,15,496,7488147,True
Latvia,LINEAR,0.14364,14364.00,347,347.000,7552844,7552222,4984308,12537152,3.9917,18,496,7488147,True
Latvia,LINEAR,0.14601,14601.00,343,343.000,7610860,7610238,5008143,12619003,4.0224,18,496,7488147,True
Latvia,LINEAR,0.2,20000.00,267,267.330,8907168,8899184,5340000,14247168,4.7075,32,496,7488147,True
Latvia,LINEAR,0.5,50000.00,147,146.600,12569238,12560406,7350000,19919238,6.6429,43,496,7488147,True
Latvia,LINEAR,1,100000.00,109,108.980,15356049,15107514,10900000,26256049,8.1158,149,496,7488147,True
Latvia,LINEAR,2,200000.00,97,97.100,17717105,16833832,19400000,37117105,9.3636,247,496,7488147,True
Latvia,LINEAR,5,500000.00,80,80.270,23634072,22508980,40000000,63634072,12.4908,146,496,7488147,True
Latvia,LOGISTIC,0.0001,10.00,1669,1669.000,163919,163919,16690,180609,1.1363,0,496,230313,True
Latvia,LOGISTIC,0.0002,20.00,1246,1246.000,169923,169923,24920,194843,1.4732,0,496,230313,True
Latvia,LOGISTIC,0.0005,50.00,765,765.000,185072,185065,38250,223322,2.2512,20,496,230313,True
Latvia,LOGISTIC,0.001,100.00,504,503.500,203149,203187,50400,253549,3.1254,27,496,230313,True
Latvia,LOGISTIC,0.0010219,102.19,498,497.500,203756,203796,50891,254647,3.1553,25,496,230313,True
Latvia,LOGISTIC,0.0010274,102.74,496,495.500,203960,204001,50959,254919,3.163,17,496,230313,True
Latvia,LOGISTIC,0.001033,103.30,493,493.000,204267,204258,50927,255194,3.1737,18,496,230313,True
Latvia,LOGISTIC,0.0010443,104.43,492,491.500,204370,204414,51380,255750,3.1773,15,496,230313,True
Latvia,LOGISTIC,0.0010905,109.05,480,479.670,205643,205670,52344,257987,3.2357,28,496,230313,True
Latvia,LOGISTIC,0.0011892,118.92,448,448.000,209296,209280,53276,262572,3.4127,39,496,230313,True
Latvia,LOGISTIC,0.0013357,133.57,416,416.000,213336,213325,55565,268901,3.5881,26,496,230313,True
Latvia,LOGISTIC,0.0014142,141.42,398,398.500,215809,215734,56285,272094,3.7086,27,496,230313,True
Latvia,LOGISTIC,0.0017364,173.64,352,351.500,223049,223127,61121,284170,4.0457,35,496,230313,True
Latvia,LOGISTIC,0.0019798,197.98,317,317.000,229591,229523,62760,292351,4.3256,36,496,230313,True
Latvia,LOGISTIC,0.002,200.00,317,317.000,229591,229523,63400,292991,4.3256,36,496,230313,True
Latvia,LOGISTIC,0.002,200.00,317,317.000,229591,229523,63400,292991,4.3256,36,496,230313,True
Latvia,LOGISTIC,0.0020458,204.58,315,315.000,229989,229927,64443,294432,4.3506,38,496,230313,True
Latvia,LOGISTIC,0.002114,211.40,309,309.000,231241,231180,65323,296564,4.3977,38,496,230313,True
Latvia,LOGISTIC,0.0021179,211.79,309,309.000,231241,231180,65443,296684,4.3977,38,496,230313,True
Latvia,LOGISTIC,0.0022427,224.27,298,298.420,233654,233483,66832,300486,4.4962,63,496,230313,False
Latvia,LOGISTIC,0.0022573,225.73,298,298.000,233647,233577,67268,300915,4.4954,65,496,230313,True
Latvia,LOGISTIC,0.0025149,251.49,270,269.500,240366,240399,67902,308268,4.7824,75,496,230313,True
Latvia,LOGISTIC,0.0031623,316.23,230,230.000,251497,251466,72733,324230,5.2846,8,496,230313,True
Latvia,LOGISTIC,0.005,500.00,177,177.330,273067,272771,88500,361567,6.1068,23,496,230313,True
Latvia,LOGISTIC,0.01,1000.00,126,126.050,309708,308659,126000,435708,7.4219,84,496,230313,True
Latvia,LOGISTIC,0.02,2000.00,102,102.400,344340,340945,204000,548340,8.8812,54,496,230313,True
Latvia,LOGISTIC,0.05,5000.00,74,73.780,434799,432255,370000,804799,14.5574,67,496,230313,True
Latvia,LOGISTIC,0.1,10000.00,51,50.670,596752,597481,510000,1106752,26.7348,57,496,230313,True
Latvia,LOGISTIC,0.2,20000.00,30,30.000,879601,879601,600000,1479601,47.7632,0,496,230313,True
Latvia,LOGISTIC,0.5,50000.00,4,4.000,1670141,1670141,200000,1870141,104.6767,0,496,230313,True
Slovenia,LINEAR,0.0001,10.00,6451,6451.000,642421,642421,64510,706931,0.3058,0,306,11727544,True
Slovenia,LINEAR,0.0002,20.00,6451,6451.000,642421,642421,129020,771441,0.3058,0,306,11727544,True
Slovenia,LINEAR,0.0005,50.00,6449,6449.000,642483,642483,322450,964933,0.3058,0,306,11727544,True
Slovenia,LINEAR,0.001,100.00,6437,6437.000,643576,643576,643700,1287276,0.3064,0,306,11727544,True
Slovenia,LINEAR,0.002,200.00,5877,5877.000,736250,736250,1175400,1911650,0.3505,0,306,11727544,True
Slovenia,LINEAR,0.005,500.00,3674,3674.500,1463979,1463707,1837000,3300979,0.6969,15,306,11727544,True
Slovenia,LINEAR,0.01,1000.00,2342,2341.500,2408613,2408864,2342000,4750613,1.1465,31,306,11727544,True
Slovenia,LINEAR,0.02,2000.00,1464,1464.000,3648319,3648116,2928000,6576319,1.7367,28,306,11727544,True
Slovenia,LINEAR,0.05,5000.00,774,773.500,5832884,5834303,3870000,9702884,2.7766,43,306,11727544,True
Slovenia,LINEAR,0.1,10000.00,469,468.530,7953964,7956236,4690000,12643964,3.7863,78,306,11727544,True
Slovenia,LINEAR,0.14142,14142.00,348,348.250,9396753,9389403,4921416,14318169,4.473,78,306,11727544,True
Slovenia,LINEAR,0.15422,15422.00,321,321.080,9797305,9790503,4950462,14747767,4.6637,94,306,11727544,True
Slovenia,LINEAR,0.16105,16105.00,309,309.080,9987309,9979739,4976445,14963754,4.7542,82,306,11727544,True
Slovenia,LINEAR,0.1628,16280.00,306,305.580,10035728,10036554,4981680,15017408,4.7772,84,306,11727544,True
Slovenia,LINEAR,0.16458,16458.00,305,304.750,10049849,10050204,5019690,15069539,4.7839,77,306,11727544,True
Slovenia,LINEAR,0.16818,16818.00,303,302.750,10081851,10083492,5095854,15177705,4.7992,30,306,11727544,True
Slovenia,LINEAR,0.2,20000.00,271,270.830,10666781,10665113,5420000,16086781,5.0776,59,306,11727544,True
Slovenia,LINEAR,0.21164,21164.00,260,260.250,10887881,10881762,5502640,16390521,5.1829,42,306,11727544,True
Slovenia,LINEAR,0.24131,24131.00,236,235.500,11428956,11436399,5694916,17123872,5.4404,19,306,11727544,True
Slovenia,LINEAR,0.24936,24936.00,230,229.500,11576366,11583495,5735280,17311646,5.5106,31,306,11727544,True
Slovenia,LINEAR,0.25149,25149.00,226,226.500,11676701,11658591,5683674,17360375,5.5584,27,306,11727544,True
Slovenia,LINEAR,0.25348,25348.00,226,225.500,11676701,11683840,5728648,17405349,5.5584,25,306,11727544,True
Slovenia,LINEAR,0.25557,25557.00,224,223.830,11726430,11726373,5724768,17451198,5.582,34,306,11727544,True
Slovenia,LINEAR,0.25767,25767.00,221,220.830,11803255,11803287,5694507,17497762,5.6186,28,306,11727544,True
Slovenia,LINEAR,0.27514,27514.00,212,212.170,12043347,12034058,5832968,17876315,5.7329,28,306,11727544,True
Slovenia,LINEAR,0.31623,31623.00,191,191.000,12656074,12654954,6039993,18696067,6.0246,26,306,11727544,True
Slovenia,LINEAR,0.5,50000.00,130,130.000,15058903,15058903,6500000,21558903,7.1683,0,306,11727544,True
Slovenia,LINEAR,1,100000.00,93,93.000,17587275,17580000,9300000,26887275,8.3719,8,306,11727544,True
Slovenia,LINEAR,2,200000.00,68,68.500,21333463,20919548,13600000,34933463,10.1552,116,306,11727544,True
Slovenia,LOGISTIC,0.0001,10.00,2171,2171.000,181720,181714,21710,203430,1.2362,64,306,284255,True
Slovenia,LOGISTIC,0.0002,20.00,1397,1397.250,192778,192762,27940,220718,1.8117,87,306,284255,True
Slovenia,LOGISTIC,0.0005,50.00,780,780.420,212457,212416,39000,251457,2.7786,89,306,284255,True
Slovenia,LOGISTIC,0.001,100.00,482,482.000,233790,233705,48200,281990,3.7658,103,306,284255,True
Slovenia,LOGISTIC,0.0014142,141.42,375,375.400,246609,246530,53032,299642,4.3357,68,306,284255,True
Slovenia,LOGISTIC,0.0016818,168.18,339,339.480,252273,252051,57013,309286,4.5773,113,306,284255,True
Slovenia,LOGISTIC,0.001834,183.40,319,319.120,255799,255622,58505,314304,4.7226,115,306,284255,True
Slovenia,LOGISTIC,0.0019152,191.52,308,307.500,257789,257793,58988,316777,4.8071,89,306,284255,True
Slovenia,LOGISTIC,0.0019361,193.61,305,305.000,258383,258275,59051,317434,4.828,89,306,284255,True
Slovenia,LOGISTIC,0.0019571,195.71,303,303.000,258728,258664,59300,318028,4.8401,68,306,284255,True
Slovenia,LOGISTIC,0.002,200.00,299,299.000,259535,259454,59800,319335,4.8708,68,306,284255,False
Slovenia,LOGISTIC,0.002,200.00,299,299.000,259502,259454,59800,319302,4.8708,68,306,284255,True
Slovenia,LOGISTIC,0.0025169,251.69,259,259.250,268610,268453,65188,333798,5.2483,85,306,284255,True
Slovenia,LOGISTIC,0.0031623,316.23,222,222.170,279005,278870,70203,349208,5.6549,40,306,284255,True
Slovenia,LOGISTIC,0.0032719,327.19,218,218.500,280324,280054,71327,351651,5.712,43,306,284255,True
Slovenia,LOGISTIC,0.0034937,349.37,211,211.330,282787,282491,73717,356504,5.8222,75,306,284255,True
Slovenia,LOGISTIC,0.003546,354.60,208,208.500,283852,283490,73757,357609,5.8532,79,306,284255,True
Slovenia,LOGISTIC,0.0035515,355.15,208,208.500,283852,283490,73871,357723,5.8532,79,306,284255,True
Slovenia,LOGISTIC,0.0036102,361.02,202,202.500,286002,285643,72926,358928,5.9362,65,306,284255,True
Slovenia,LOGISTIC,0.0037306,373.06,199,199.000,287098,286929,74239,361337,5.9878,70,306,284255,True
Slovenia,LOGISTIC,0.0039764,397.64,190,190.110,290494,290340,75552,366046,6.116,76,306,284255,True
Slovenia,LOGISTIC,0.0042535,425.35,182,182.500,293726,293486,77414,371140,6.2477,23,306,284255,True
Slovenia,LOGISTIC,0.005,500.00,161,161.000,303539,303512,80500,384039,6.5859,33,306,284255,True
Slovenia,LOGISTIC,0.01,1000.00,114,113.500,336670,337074,114000,450670,7.6602,25,306,284255,True
Slovenia,LOGISTIC,0.02,2000.00,83,83.230,380913,379834,166000,546913,8.9579,47,306,284255,True
Slovenia,LOGISTIC,0.05,5000.00,57,56.830,463573,462303,285000,748573,12.0876,76,306,284255,True
Slovenia,LOGISTIC,0.1,10000.00,45,45.380,553178,546595,450000,1003178,16.6154,47,306,284255,True
Slovenia,LOGISTIC,0.2,20000.00,29,29.000,767737,767737,580000,1347737,30.5929,0,306,284255,True
Slovenia,LOGISTIC,0.5,50000.00,10,10.000,1419050,1419050,500000,1919050,75.7325,0,306,284255,True
Lithuania,LINEAR,0.0001,10.00,5263,5263.000,1421659,1421659,52630,1474289,0.5066,0,582,12327166,True
Lithuania,LINEAR,0.0002,20.00,5263,5263.000,1421659,1421659,105260,1526919,0.5066,0,582,12327166,True
Lithuania,LINEAR,0.0005,50.00,5262,5262.000,1421699,1421699,263100,1684799,0.5066,0,582,12327166,True
Lithuania,LINEAR,0.001,100.00,5251,5251.000,1422652,1422652,525100,1947752,0.507,0,582,12327166,True
Lithuania,LINEAR,0.002,200.00,4960,4960.000,1470750,1470750,992000,2462750,0.5241,0,582,12327166,True
Lithuania,LINEAR,0.005,500.00,3636,3635.500,1912674,1912918,1818000,3730674,0.6816,3,582,12327166,True
Lithuania,LINEAR,0.01,1000.00,2652,2652.000,2620203,2620203,2652000,5272203,0.9337,0,582,12327166,True
Lithuania,LINEAR,0.02,2000.00,1790,1790.500,3862768,3861722,3580000,7442768,1.3765,17,582,12327166,True
Lithuania,LINEAR,0.05,5000.00,990,990.500,6362992,6360383,4950000,11312992,2.2675,11,582,12327166,True
Lithuania,LINEAR,0.1,10000.00,614,614.500,8981638,8976389,6140000,15121638,3.2006,13,582,12327166,True
Lithuania,LINEAR,0.10443,10443.00,597,597.000,9156854,9156509,6234471,15391325,3.2631,8,582,12327166,True
Lithuania,LINEAR,0.10671,10671.00,588,587.500,9252672,9256913,6274548,15527220,3.2972,3,582,12327166,True
Lithuania,LINEAR,0.10788,10788.00,581,581.000,9326624,9326553,6267828,15594452,3.3236,6,582,12327166,True
Lithuania,LINEAR,0.10905,10905.00,575,575.000,9391779,9391640,6270375,15662154,3.3468,10,582,12327166,True
Lithuania,LINEAR,0.11892,11892.00,546,545.500,9723340,9728816,6493032,16216372,3.4649,21,582,12327166,True
Lithuania,LINEAR,0.14024,14024.00,486,486.500,10504991,10496704,6815664,17320655,3.7435,13,582,12327166,True
Lithuania,LINEAR,0.14142,14142.00,486,486.000,10504991,10503730,6873012,17378003,3.7435,10,582,12327166,True
Lithuania,LINEAR,0.18231,18231.00,402,401.830,11852860,11853538,7328862,19181722,4.2238,23,582,12327166,True
Lithuania,LINEAR,0.19467,19467.00,383,383.170,12210433,12205619,7455861,19666294,4.3512,7,582,12327166,True
Lithuania,LINEAR,0.19789,19789.00,378,377.830,12308260,12310138,7480242,19788502,4.3861,10,582,12327166,True
Lithuania,LINEAR,0.2,20000.00,375,375.170,12367940,12363104,7500000,19867940,4.4073,9,582,12327166,True
Lithuania,LINEAR,0.20116,20116.00,374,374.170,12387997,12383160,7523384,19911381,4.4145,9,582,12327166,True
Lithuania,LINEAR,0.20787,20787.00,364,364.170,12593088,12587997,7566468,20159556,4.4876,11,582,12327166,True
Lithuania,LINEAR,0.237,23700.00,330,330.330,13353293,13341917,7821000,21174293,4.7585,17,582,12327166,True
Lithuania,LINEAR,0.5,50000.00,193,192.690,18002935,17996161,9650000,27652935,6.4154,72,582,12327166,True
Lithuania,LINEAR,1,100000.00,135,135.500,22466403,21850200,13500000,35966403,8.006,93,582,12327166,True
Lithuania,LINEAR,5,500000.00,100,99.860,31789140,29004096,50000000,81789140,11.3281,146,582,12327166,True
Lithuania,LOGISTIC,0.0001,10.00,2560,2560.500,237268,237263,25600,262868,0.9707,17,582,361093,True
Lithuania,LOGISTIC,0.0002,20.00,1786,1786.500,248408,248397,35720,284128,1.3879,11,582,361093,True
Lithuania,LOGISTIC,0.0005,50.00,1034,1034.500,272049,272021,51700,323749,2.2155,14,582,361093,True
Lithuania,LOGISTIC,0.001,100.00,663,663.170,297836,297810,66300,364136,3.0718,29,582,361093,True
Lithuania,LOGISTIC,0.0011892,118.92,602,602.500,304485,304420,71590,376075,3.2834,17,582,361093,True
Lithuania,LOGISTIC,0.0012419,124.19,592,592.500,305703,305635,73520,379223,3.3244,29,582,361093,True
Lithuania,LOGISTIC,0.0012691,126.91,582,582.500,306967,306892,73862,380829,3.3648,19,582,361093,True
Lithuania,LOGISTIC,0.0012968,129.68,574,574.500,308000,307919,74436,382436,3.3988,25,582,361093,True
Lithuania,LOGISTIC,0.0014142,141.42,537,537.000,313000,312982,75943,388943,3.5609,36,582,361093,True
Lithuania,LOGISTIC,0.0016498,164.98,486,486.000,320752,320747,80180,400932,3.804,12,582,361093,True
Lithuania,LOGISTIC,0.002,200.00,438,438.500,329461,329318,87600,417061,4.0722,48,582,361093,True
Lithuania,LOGISTIC,0.002,200.00,438,438.500,329461,329318,87600,417061,4.0722,48,582,361093,True
Lithuania,LOGISTIC,0.0021447,214.47,421,421.000,332980,332948,90292,423272,4.1714,16,582,361093,True
Lithuania,LOGISTIC,0.0027881,278.81,345,345.000,351589,351560,96189,447778,4.7401,16,582,361093,True
Lithuania,LOGISTIC,0.0029771,297.71,329,329.000,356213,356189,97947,454160,4.8765,32,582,361093,True
Lithuania,LOGISTIC,0.0030764,307.64,318,317.500,359531,359672,97830,457361,4.9768,17,582,361093,True
Lithuania,LOGISTIC,0.0031272,312.72,314,313.670,360780,360862,98194,458974,5.017,23,582,361093,True
Lithuania,LOGISTIC,0.0031623,316.23,308,308.500,362720,362484,97399,460119,5.0771,13,582,361093,True
Lithuania,LOGISTIC,0.0031789,317.89,307,307.000,362963,362960,97592,460555,5.0816,12,582,361093,True
Lithuania,LOGISTIC,0.0036245,362.45,286,285.500,370217,370311,103661,473878,5.274,41,582,361093,True
Lithuania,LOGISTIC,0.005,500.00,235,234.750,392299,392279,117500,509799,5.856,24,582,361093,True
Lithuania,LOGISTIC,0.01,1000.00,159,159.480,455065,446139,159000,614065,7.4404,146,582,361093,True
Lithuania,LOGISTIC,0.02,2000.00,124,124.020,499416,495100,248000,747416,8.5187,165,582,361093,True
Lithuania,LOGISTIC,0.05,5000.00,97,97.350,598469,580029,485000,1083469,12.0184,107,582,361093,True
Lithuania,LOGISTIC,0.1,10000.00,80,79.670,717204,712443,800000,1517204,17.1735,68,582,361093,True
Lithuania,LOGISTIC,0.2,20000.00,41,41.000,1294679,1294679,820000,2114679,46.5106,0,582,361093,True
Lithuania,LOGISTIC,0.5,50000.00,7,7.000,2381773,2381773,350000,2731773,100.1771,0,582,361093,True
Ireland,LINEAR,0.0001,10.00,11315,11315.000,3848692,3848692,113150,3961842,0.7702,0,862,23555517,True
Ireland,LINEAR,0.00015,15.00,11315,11315.000,3848692,3848692,169725,4018417,0.7702,0,862,23555517,True
Ireland,LINEAR,0.0002,20.00,11315,11315.000,3848692,3848692,226300,4074992,0.7702,0,862,23555517,True
Ireland,LINEAR,0.0003,30.00,11315,11315.000,3848692,3848692,339450,4188142,0.7702,0,862,23555517,True
Ireland,LINEAR,0.0005,50.00,11315,11315.000,3848692,3848692,565750,4414442,0.7702,0,862,23555517,True
Ireland,LINEAR,0.0007,70.00,11311,11311.000,3848956,3848956,791770,4640726,0.7702,0,862,23555517,True
Ireland,LINEAR,0.001,100.00,11240,11240.000,3855372,3855372,1124000,4979372,0.7715,0,862,23555517,True
Ireland,LINEAR,0.0015,150.00,10583,10583.000,3940324,3940324,1587450,5527774,0.7885,0,862,23555517,True
Ireland,LINEAR,0.002,200.00,9645,9645.000,4104680,4104680,1929000,6033680,0.8214,0,862,23555517,True
Ireland,LINEAR,0.003,300.00,7970,7969.500,4518072,4518177,2391000,6909072,0.9041,13,862,23555517,True
Ireland,LINEAR,0.005,500.00,6070,6070.500,5256157,5255853,3035000,8291157,1.0518,29,862,23555517,True
Ireland,LINEAR,0.007,700.00,5014,5014.500,5881931,5881147,3509800,9391731,1.177,67,862,23555517,True
Ireland,LINEAR,0.01,1000.00,4139,4139.450,6618812,6617934,4139000,10757812,1.3245,56,862,23555517,True
Ireland,LINEAR,0.015,1500.00,3344,3344.000,7593117,7592705,5016000,12609117,1.5195,44,862,23555517,True
Ireland,LINEAR,0.02,2000.00,2905,2905.000,8353867,8353525,5810000,14163867,1.6717,50,862,23555517,True
Ireland,LINEAR,0.03,3000.00,2337,2337.300,9745774,9743862,7011000,16756774,1.9502,85,862,23555517,True
Ireland,LINEAR,0.05,5000.00,1754,1754.000,12014552,12011071,8770000,20784552,2.4042,125,862,23555517,True
Ireland,LINEAR,0.07,7000.00,1411,1410.670,14050997,14048562,9877000,23927997,2.8118,108,862,23555517,True
Ireland,LINEAR,0.1,10000.00,1111,1111.000,16547973,16545981,11110000,27657973,3.3114,60,862,23555517,True
Ireland,LINEAR,0.14142,14142.00,864,864.250,19471059,19464744,12218688,31689747,3.8964,63,862,23555517,True
Ireland,LINEAR,0.14296,14296.00,861,861.000,19512798,19510972,12308856,31821654,3.9047,46,862,23555517,True
Ireland,LINEAR,0.14452,14452.00,852,852.000,19641878,19640357,12313104,31954982,3.9306,36,862,23555517,True
Ireland,LINEAR,0.14768,14768.00,841,841.330,19802248,19796076,12419888,32222136,3.9627,55,862,23555517,True
Ireland,LINEAR,0.15,15000.00,827,827.000,20009939,20009227,12405000,32414939,4.0042,40,862,23555517,True
Ireland,LINEAR,0.15,15000.00,827,827.000,20009939,20009227,12405000,32414939,4.0042,40,862,23555517,True
Ireland,LINEAR,0.15422,15422.00,805,805.000,20344811,20343802,12414710,32759521,4.0712,43,862,23555517,True
Ireland,LINEAR,0.16818,16818.00,761,760.830,21052768,21052689,12798498,33851266,4.2129,59,862,23555517,True
Ireland,LINEAR,0.2,20000.00,652,652.000,23048661,23042742,13040000,36088661,4.6123,50,862,23555517,True
Ireland,LINEAR,0.2,20000.00,652,652.000,23048661,23042742,13040000,36088661,4.6123,50,862,23555517,True
Ireland,LINEAR,0.20581,20581.00,638,637.670,23334439,23334743,13130678,36465117,4.6695,66,862,23555517,True
Ireland,LINEAR,0.20878,20878.00,634,634.000,23417727,23410940,13236652,36654379,4.6862,64,862,23555517,True
Ireland,LINEAR,0.21028,21028.00,628,627.920,23544264,23538297,13205584,36749848,4.7115,79,862,23555517,True
Ireland,LINEAR,0.2104,21040.00,627,626.920,23565302,23559335,13192080,36757382,4.7157,79,862,23555517,True
Ireland,LINEAR,0.21179,21179.00,625,624.670,23605556,23606771,13236875,36842431,4.7237,70,862,23555517,True
Ireland,LINEAR,0.22134,22134.00,601,600.780,24122390,24123034,13302534,37424924,4.8272,41,862,23555517,True
Ireland,LINEAR,0.22427,22427.00,593,592.600,24299109,24305383,13299211,37598320,4.8625,35,862,23555517,True
Ireland,LINEAR,0.24495,24495.00,544,543.500,25451830,25459772,13325280,38777110,5.0932,35,862,23555517,True
Ireland,LINEAR,0.25149,25149.00,534,533.500,25700308,25707836,13429566,39129874,5.1429,43,862,23555517,True
Ireland,LINEAR,0.3,30000.00,457,457.080,27807999,27791466,13710000,41517999,5.5647,74,862,23555517,True
Ireland,LINEAR,0.31623,31623.00,439,438.900,28370664,28352040,13882497,42253161,5.6773,84,862,23555517,True
Ireland,LINEAR,0.5,50000.00,307,307.000,33679142,33643980,15350000,49029142,6.7413,73,862,23555517,True
Ireland,LOGISTIC,0.0001,10.00,4009,4008.830,438994,438990,40090,479084,1.3539,81,862,630482,True
Ireland,LOGISTIC,0.0002,20.00,2875,2875.170,454949,454941,57500,512449,1.6892,61,862,630482,True
Ireland,LOGISTIC,0.0005,50.00,1766,1765.920,490529,490458,88300,578829,2.4108,172,862,630482,True
Ireland,LOGISTIC,0.001,100.00,1151,1150.750,534073,534007,115100,649173,3.2706,117,862,630482,True
Ireland,LOGISTIC,0.0014142,141.42,921,920.750,561356,561355,130248,691604,3.7913,85,862,630482,True
Ireland,LOGISTIC,0.0014768,147.68,888,887.830,566137,566121,131140,697277,3.8824,56,862,630482,True
Ireland,LOGISTIC,0.0015092,150.92,875,874.830,568091,568062,132055,700146,3.9206,78,862,630482,True
Ireland,LOGISTIC,0.0015256,152.56,865,864.830,569611,569580,131964,701575,3.951,84,862,630482,True
Ireland,LOGISTIC,0.0015339,153.39,861,861.420,570224,570103,132069,702293,3.9596,93,862,630482,True
Ireland,LOGISTIC,0.0015422,154.22,858,858.500,570671,570552,132321,702992,3.9702,72,862,630482,True
Ireland,LOGISTIC,0.0016818,168.18,798,798.330,580520,580285,134208,714728,4.1573,130,862,630482,True
Ireland,LOGISTIC,0.002,200.00,712,711.750,596169,596089,142400,738569,4.4452,80,862,630482,True
Ireland,LOGISTIC,0.002,200.00,712,711.750,596169,596089,142400,738569,4.4452,80,862,630482,True
Ireland,LOGISTIC,0.0025149,251.49,595,595.000,622513,622256,149637,772150,4.9262,130,862,630482,True
Ireland,LOGISTIC,0.0026631,266.31,571,570.530,628746,628605,152063,780809,5.0424,146,862,630482,True
Ireland,LOGISTIC,0.0027015,270.15,564,564.040,630660,630344,152365,783025,5.0774,143,862,630482,True
Ireland,LOGISTIC,0.0027404,274.04,555,554.550,633077,632931,152092,785169,5.1141,137,862,630482,True
Ireland,LOGISTIC,0.0028201,282.01,544,544.470,636240,635736,153413,789653,5.1663,155,862,630482,True
Ireland,LOGISTIC,0.0031623,316.23,510,509.670,646295,646082,161277,807572,5.3384,181,862,630482,True
Ireland,LOGISTIC,0.005,500.00,381,381.310,698450,696342,190500,888950,6.1805,172,862,630482,True
Ireland,LOGISTIC,0.01,1000.00,265,265.470,819452,776280,265000,1084452,8.1801,280,862,630482,True
Ireland,LOGISTIC,0.2,20000.00,79,78.750,1898221,1896375,1580000,3478221,34.6299,24,862,630482,True
Ireland,LOGISTIC,0.5,50000.00,15,15.000,4009177,4009177,750000,4759177,93.6045,0,862,630482,True
Norway,LINEAR,0.0001,10.00,10021,10021.000,3669878,3669878,100210,3770088,0.7182,0,755,40818616,True
Norway,LINEAR,0.00015,15.00,10020,10020.000,3669889,3669889,150300,3820189,0.7182,0,755,40818616,True
Norway,LINEAR,0.0002,20.00,10020,10020.000,3669889,3669889,200400,3870289,0.7182,0,755,40818616,True
Norway,LINEAR,0.0003,30.00,10020,10020.000,3669889,3669889,300600,3970489,0.7182,0,755,40818616,True
Norway,LINEAR,0.0005,50.00,10019,10019.000,3669928,3669928,500950,4170878,0.7182,0,755,40818616,True
Norway,LINEAR,0.0007,70.00,10016,10016.000,3670115,3670115,701120,4371235,0.7182,0,755,40818616,True
Norway,LINEAR,0.001,100.00,10006,10006.000,3671010,3671010,1000600,4671610,0.7184,0,755,40818616,True
Norway,LINEAR,0.0015,150.00,9807,9807.000,3697056,3697056,1471050,5168106,0.7235,0,755,40818616,True
Norway,LINEAR,0.002,200.00,9385,9385.000,3771753,3771753,1877000,5648753,0.7381,0,755,40818616,True
Norway,LINEAR,0.003,300.00,8481,8481.000,3996973,3996973,2544300,6541273,0.7822,0,755,40818616,True
Norway,LINEAR,0.005,500.00,7166,7166.000,4513078,4513078,3583000,8096078,0.8832,0,755,40818616,True
Norway,LINEAR,0.007,700.00,6329,6329.000,5010359,5010277,4430300,9440659,0.9805,14,755,40818616,True
Norway,LINEAR,0.01,1000.00,5438,5438.500,5756377,5755866,5438000,11194377,1.1265,3,755,40818616,True
Norway,LINEAR,0.015,1500.00,4564,4563.500,6834296,6835010,6846000,13680296,1.3374,3,755,40818616,True
Norway,LINEAR,0.02,2000.00,3982,3981.500,7851421,7852168,7964000,15815421,1.5365,11,755,40818616,True
Norway,LINEAR,0.03,3000.00,3244,3243.500,9660528,9661339,9732000,19392528,1.8905,17,755,40818616,True
Norway,LINEAR,0.05,5000.00,2408,2408.000,12935232,12935076,12040000,24975232,2.5313,14,755,40818616,True
Norway,LINEAR,0.07,7000.00,1924,1924.500,15803761,15798343,13468000,29271761,3.0927,41,755,40818616,True
Norway,LINEAR,0.1,10000.00,1470,1470.500,19603978,19598409,14700000,34303978,3.8363,19,755,40818616,True
Norway,LINEAR,0.15,15000.00,1054,1053.500,24686361,24692635,15810000,40496361,4.8309,11,755,40818616,True
Norway,LINEAR,0.2,20000.00,844,844.000,28312596,28309821,16880000,45192596,5.5406,24,755,40818616,True
Norway,LINEAR,0.22427,22427.00,765,765.330,29980909,29969840,17156655,47137564,5.867,30,755,40818616,True
Norway,LINEAR,0.22588,22588.00,757,756.830,30161074,30161223,17099116,47260190,5.9023,27,755,40818616,True
Norway,LINEAR,0.2275,22750.00,750,750.330,30320320,30308692,17062500,47382820,5.9335,20,755,40818616,True
Norway,LINEAR,0.23079,23079.00,742,742.330,30503737,30492109,17124618,47628355,5.9693,20,755,40818616,True
Norway,LINEAR,0.23749,23749.00,724,723.830,30923250,30924361,17194276,48117526,6.0514,15,755,40818616,True
Norway,LINEAR,0.25149,25149.00,688,687.830,31804153,31806423,17302512,49106665,6.2238,17,755,40818616,True
Norway,LINEAR,0.29365,29365.00,615,615.000,33795252,33791756,18059475,51854727,6.6135,35,755,40818616,True
Norway,LINEAR,0.3,30000.00,599,599.000,34269976,34265975,17970000,52239976,6.7064,39,755,40818616,True
Norway,LINEAR,0.3,30000.00,599,599.000,34269976,34265975,17970000,52239976,6.7064,39,755,40818616,True
Norway,LINEAR,0.31623,31623.00,580,579.670,34855543,34864131,18341340,53196883,6.821,32,755,40818616,True
Norway,LINEAR,0.38174,38174.00,510,509.500,37301982,37316770,19468740,56770722,7.2997,13,755,40818616,True
Norway,LINEAR,0.3873,38730.00,502,502.500,37610204,37586596,19442460,57052664,7.36,15,755,40818616,True
Norway,LINEAR,0.44006,44006.00,463,463.000,39220196,39212794,20374778,59594974,7.6751,22,755,40818616,True
Norway,LINEAR,0.46907,46907.00,447,446.750,39948155,39955579,20967429,60915584,7.8176,28,755,40818616,True
Norway,LINEAR,0.48429,48429.00,439,439.000,40329094,40324913,21260331,61589425,7.8921,16,755,40818616,True
Norway,LINEAR,0.49208,49208.00,432,432.000,40669956,40665629,21257856,61927812,7.9588,28,755,40818616,True
Norway,LINEAR,0.49626,49626.00,430,430.000,40768921,40764594,21339180,62108101,7.9782,28,755,40818616,True
Norway,LINEAR,0.5,50000.00,429,429.000,40818798,40814471,21450000,62268798,7.9879,28,755,40818616,True
Norway,LINEAR,0.50035,50035.00,429,429.000,40818798,40814471,21465015,62283813,7.9879,28,755,40818616,True
Norway,LINEAR,0.50447,50447.00,423,423.250,41123108,41102965,21339081,62462189,8.0475,21,755,40818616,True
Norway,LINEAR,0.51281,51281.00,421,421.250,41229377,41204394,21589301,62818678,8.0683,23,755,40818616,True
Norway,LINEAR,0.5299,52990.00,412,412.420,41700049,41666217,21831880,63531929,8.1604,31,755,40818616,True
Norway,LINEAR,0.56583,56583.00,400,399.670,42376387,42369256,22633200,65009587,8.2927,40,755,40818616,True
Norway,LINEAR,0.64514,64514.00,363,362.580,44597514,44606769,23418582,68016096,8.7274,43,755,40818616,True
Norway,LINEAR,0.7,70000.00,344,344.500,45904054,45827105,24080000,69984054,8.9831,23,755,40818616,True
Norway,LINEAR,1,100000.00,271,271.000,52053418,52034320,27100000,79153418,10.1865,23,755,40818616,True
Norway,LINEAR,1.5,150000.00,212,212.000,59237740,59156415,31800000,91037740,11.5924,34,755,40818616,True
Norway,LINEAR,2,200000.00,187,186.650,63551721,63469825,37400000,100951721,12.4366,46,755,40818616,True
Norway,LINEAR,3,300000.00,158,157.680,71549540,70779228,47400000,118949540,14.0017,154,755,40818616,True
Norway,LINEAR,5,500000.00,131,131.440,82238602,81103306,65500000,147738602,16.0935,124,755,40818616,True
Norway,LOGISTIC,0.0001,10.00,5286,5286.000,449022,449022,52860,501882,1.1612,0,755,895553,True
Norway,LOGISTIC,0.0002,20.00,3942,3942.000,468413,468410,78840,547253,1.5647,18,755,895553,True
Norway,LOGISTIC,0.0005,50.00,2488,2488.000,515448,515439,124400,639848,2.4968,52,755,895553,True
Norway,LOGISTIC,0.001,100.00,1594,1594.500,578000,577934,159400,737400,3.6769,27,755,895553,True
Norway,LOGISTIC,0.002,200.00,987,987.000,662652,662601,197400,860052,5.1377,43,755,895553,True
Norway,LOGISTIC,0.0025149,251.49,840,840.500,695337,695179,211252,906589,5.6543,36,755,895553,True
Norway,LOGISTIC,0.0028201,282.01,775,775.000,712651,712601,218558,931209,5.927,36,755,895553,True
Norway,LOGISTIC,0.0029863,298.63,758,757.500,717599,717678,226362,943961,5.9987,39,755,895553,True
Norway,LOGISTIC,0.0030077,300.77,754,753.500,718800,718879,226781,945581,6.0157,39,755,895553,True
Norway,LOGISTIC,0.0030293,302.93,748,747.500,720613,720692,226592,947205,6.0405,39,755,895553,True
Norway,LOGISTIC,0.003073,307.30,740,739.500,723041,723127,227402,950443,6.0745,29,755,895553,True
Norway,LOGISTIC,0.0031623,316.23,724,724.000,728021,727970,228951,956972,6.1502,34,755,895553,True
Norway,LOGISTIC,0.00391,391.00,641,640.670,757219,757324,250631,1007850,6.5634,19,755,895553,True
Norway,LOGISTIC,0.005,500.00,547,547.000,798449,798312,273500,1071949,7.1275,58,755,895553,True
Norway,LOGISTIC,0.005,500.00,547,547.000,798449,798312,273500,1071949,7.1275,58,755,895553,True
Norway,LOGISTIC,0.005083,508.30,541,540.830,801477,801425,274990,1076467,7.1752,48,755,895553,True
Norway,LOGISTIC,0.006608,660.80,453,453.170,853083,852738,299342,1152425,7.8923,47,755,895553,True
Norway,LOGISTIC,0.0070711,707.11,431,430.500,868144,868214,304764,1172908,8.0835,60,755,895553,True
Norway,LOGISTIC,0.0075342,753.42,416,416.000,878969,878761,313423,1192392,8.2304,31,755,895553,True
Norway,LOGISTIC,0.008045,804.50,407,406.830,885992,885989,327432,1213424,8.3229,34,755,895553,True
Norway,LOGISTIC,0.0083132,831.32,403,403.170,889450,888989,335022,1224472,8.3773,33,755,895553,True
Norway,LOGISTIC,0.008409,840.90,396,396.500,895455,894558,332996,1228451,8.457,35,755,895553,True
Norway,LOGISTIC,0.0084506,845.06,394,394.500,897143,896246,332954,1230097,8.4746,35,755,895553,True
Norway,LOGISTIC,0.0085904,859.04,392,392.500,898853,897957,336744,1235597,8.4939,35,755,895553,True
Norway,LOGISTIC,0.01,1000.00,357,357.000,931390,931043,357000,1288390,8.9509,28,755,895553,True
Norway,LOGISTIC,0.02,2000.00,230,230.330,1114205,1112096,460000,1574205,11.2925,25,755,895553,True
Norway,LOGISTIC,0.05,5000.00,140,140.400,1403363,1394170,700000,2103363,15.9175,95,755,895553,True
Norway,LOGISTIC,0.1,10000.00,94,94.330,1727081,1711610,940000,2667081,23.9749,45,755,895553,True
Norway,LOGISTIC,0.2,20000.00,60,60.330,2201316,2190889,1200000,3401316,38.0014,25,755,895553,True
Norway,LOGISTIC,0.5,50000.00,26,26.000,3298694,3293722,1300000,4598694,70.3429,8,755,895553,True
Denmark,LINEAR,0.0001,10.00,8722,8722.000,2080062,2080062,87220,2167282,0.3615,0,466,37535777,True
Denmark,LINEAR,0.00015,15.00,8722,8722.000,2080062,2080062,130830,2210892,0.3615,0,466,37535777,True
Denmark,LINEAR,0.0002,20.00,8722,8722.000,2080062,2080062,174440,2254502,0.3615,0,466,37535777,True
Denmark,LINEAR,0.0003,30.00,8722,8722.000,2080062,2080062,261660,2341722,0.3615,0,466,37535777,True
Denmark,LINEAR,0.0005,50.00,8722,8722.000,2080062,2080062,436100,2516162,0.3615,0,466,37535777,True
Denmark,LINEAR,0.0007,70.00,8721,8721.000,2080131,2080131,610470,2690601,0.3615,0,466,37535777,True
Denmark,LINEAR,0.001,100.00,8715,8715.000,2080657,2080657,871500,2952157,0.3616,0,466,37535777,True
Denmark,LINEAR,0.0015,150.00,8630,8630.000,2091573,2091573,1294500,3386073,0.3635,0,466,37535777,True
Denmark,LINEAR,0.002,200.00,8344,8344.000,2142449,2142449,1668800,3811249,0.3723,0,466,37535777,True
Denmark,LINEAR,0.003,300.00,7639,7639.000,2319437,2319437,2291700,4611137,0.4031,0,466,37535777,True
Denmark,LINEAR,0.005,500.00,6483,6483.000,2775231,2775208,3241500,6016731,0.4823,12,466,37535777,True
Denmark,LINEAR,0.007,700.00,5702,5701.500,3239637,3239973,3991400,7231037,0.563,13,466,37535777,True
Denmark,LINEAR,0.01,1000.00,4931,4931.000,3887439,3887295,4931000,8818439,0.6755,20,466,37535777,True
Denmark,LINEAR,0.015,1500.00,4112,4111.500,4890532,4891158,6168000,11058532,0.8498,17,466,37535777,True
Denmark,LINEAR,0.02,2000.00,3583,3583.000,5809282,5809149,7166000,12975282,1.0095,28,466,37535777,True
Denmark,LINEAR,0.03,3000.00,2914,2913.500,7455980,7457287,8742000,16197980,1.2956,9,466,37535777,True
Denmark,LINEAR,0.05,5000.00,2179,2179.000,10301062,10300968,10895000,21196062,1.79,12,466,37535777,True
Denmark,LINEAR,0.07,7000.00,1746,1745.670,12858824,12860189,12222000,25080824,2.2345,35,466,37535777,True
Denmark,LINEAR,0.1,10000.00,1319,1319.170,16431305,16427499,13190000,29621305,2.8553,41,466,37535777,True
Denmark,LINEAR,0.15,15000.00,934,933.500,21131827,21134966,14010000,35141827,3.6721,35,466,37535777,True
Denmark,LINEAR,0.2,20000.00,730,730.330,24671301,24662341,14600000,39271301,4.2872,42,466,37535777,True
Denmark,LINEAR,0.3,30000.00,538,537.500,29264226,29274928,16140000,45404226,5.0853,31,466,37535777,True
Denmark,LINEAR,0.31623,31623.00,513,513.420,30033874,30015799,16222599,46256473,5.219,45,466,37535777,True
Denmark,LINEAR,0.3546,35460.00,467,467.420,31581743,31560484,16559820,48141563,5.488,64,466,37535777,True
Denmark,LINEAR,0.35587,35587.00,466,465.920,31617556,31613769,16583542,48201098,5.4942,61,466,37535777,True
Denmark,LINEAR,0.35715,35715.00,464,464.250,31690157,31673229,16571760,48261917,5.5069,61,466,37535777,True
Denmark,LINEAR,0.35972,35972.00,460,459.750,31834515,31834606,16547120,48381635,5.5319,70,466,37535777,True
Denmark,LINEAR,0.3649,36490.00,457,457.080,31945920,31931157,16675930,48621850,5.5513,77,466,37535777,True
Denmark,LINEAR,0.3755,37550.00,446,446.000,32356447,32340948,16747300,49103747,5.6226,72,466,37535777,True
Denmark,LINEAR,0.39764,39764.00,425,425.250,33166939,33145983,16899700,50066639,5.7635,67,466,37535777,True
Denmark,LINEAR,0.5,50000.00,365,365.170,35820943,35797386,18250000,54070943,6.2247,54,466,37535777,True
Denmark,LINEAR,0.54388,54388.00,344,344.250,36921396,36879413,18709472,55630868,6.4159,61,466,37535777,True
Denmark,LINEAR,0.54525,54525.00,342,342.500,37029171,36974721,18647550,55676721,6.4346,64,466,37535777,True
Denmark,LINEAR,0.55544,55544.00,335,335.000,37415284,37386612,18607240,56022524,6.5017,52,466,37535777,True
Denmark,LINEAR,0.55719,55719.00,334,334.000,37470870,37442199,18610146,56081016,6.5114,52,466,37535777,True
Denmark,LINEAR,0.56724,56724.00,329,329.330,37754910,37705022,18662196,56417106,6.5607,57,466,37535777,True
Denmark,LINEAR,0.56939,56939.00,329,329.330,37754910,37705022,18732931,56487841,6.5607,57,466,37535777,True
Denmark,LINEAR,0.59161,59161.00,322,322.250,38148632,38115427,19049842,57198474,6.6292,59,466,37535777,True
Denmark,LINEAR,0.5946,59460.00,321,321.330,38207618,38169836,19086660,57294278,6.6394,56,466,37535777,True
Denmark,LINEAR,0.7,70000.00,280,279.750,40826713,40827527,19600000,60426713,7.0945,61,466,37535777,True
Denmark,LINEAR,0.70711,70711.00,276,276.080,41105811,41086043,19516236,60622047,7.143,53,466,37535777,True
Denmark,LINEAR,1,100000.00,211,211.270,46554316,46475815,21100000,67654316,8.0898,89,466,37535777,True
Denmark,LINEAR,1.5,150000.00,158,157.630,53383015,53145277,23700000,77083015,9.2765,109,466,37535777,True
Denmark,LINEAR,2,200000.00,130,130.220,58143641,57900473,26000000,84143641,10.1037,131,466,37535777,True
Denmark,LOGISTIC,0.0001,10.00,4739,4739.000,472370,472369,47390,519760,0.7124,16,466,860109,True
Denmark,LOGISTIC,0.0002,20.00,3470,3470.000,490471,490468,69400,559871,1.0553,26,466,860109,True
Denmark,LOGISTIC,0.0005,50.00,2117,2117.000,533891,533882,105850,639741,1.8593,60,466,860109,True
Denmark,LOGISTIC,0.001,100.00,1334,1334.500,589674,589572,133400,723074,2.8587,51,466,860109,True
Denmark,LOGISTIC,0.002,200.00,778,778.500,666910,666691,155600,822510,4.1796,105,466,860109,True
Denmark,LOGISTIC,0.0031623,316.23,579,579.120,716322,716189,183097,899419,4.9403,50,466,860109,True
Denmark,LOGISTIC,0.0039764,397.64,497,496.580,745939,745570,197627,943566,5.3738,149,466,860109,True
Denmark,LOGISTIC,0.0042107,421.07,477,476.750,754019,753640,200850,954869,5.4876,140,466,860109,True
Denmark,LOGISTIC,0.004333,433.30,469,468.920,757416,756972,203218,960634,5.541,135,466,860109,True
Denmark,LOGISTIC,0.0043955,439.55,466,466.000,758737,758240,204830,963567,5.5603,138,466,860109,True
Denmark,LOGISTIC,0.0044589,445.89,461,461.000,760936,760458,205555,966491,5.5895,136,466,860109,True
Denmark,LOGISTIC,0.005,500.00,424,423.610,778613,778214,212000,990613,5.8467,154,466,860109,True
Denmark,LOGISTIC,0.005,500.00,424,423.610,778613,778214,212000,990613,5.8467,154,466,860109,True
Denmark,LOGISTIC,0.0057142,571.42,395,394.620,793756,793538,225711,1019467,6.0529,92,466,860109,True
Denmark,LOGISTIC,0.0070711,707.11,341,341.420,828142,827232,241125,1069267,6.521,109,466,860109,True
Denmark,LOGISTIC,0.0074284,742.84,329,329.170,836822,836105,244394,1081216,6.6417,101,466,860109,True
Denmark,LOGISTIC,0.008409,840.90,305,304.960,855507,855222,256474,1111982,6.8964,112,466,860109,True
Denmark,LOGISTIC,0.0084697,846.97,303,303.300,857099,856630,256632,1113731,6.9115,109,466,860109,True
Denmark,LOGISTIC,0.0087521,875.21,298,298.420,861812,860818,260813,1122625,6.9658,109,466,860109,True
Denmark,LOGISTIC,0.0087813,878.13,298,298.420,862081,860818,261683,1123764,6.9722,109,466,860109,False
Denmark,LOGISTIC,0.0090439,904.39,291,291.500,868006,866967,263177,1131183,7.0489,93,466,860109,True
Denmark,LOGISTIC,0.00917,917.00,288,288.170,870668,869993,264096,1134764,7.082,94,466,860109,True
Denmark,LOGISTIC,0.0096569,965.69,283,282.920,875738,874943,273290,1149028,7.1329,96,466,860109,True
Denmark,LOGISTIC,0.01,1000.00,278,277.580,880968,880164,278000,1158968,7.192,124,466,860109,True
Denmark,LOGISTIC,0.02,2000.00,179,178.770,1019827,1018598,358000,1377827,8.7953,100,466,860109,True
Austria,LINEAR,0.0001,10.00,19596,19596.000,1918504,1918504,195960,2114464,0.2148,0,1129,43066126,True
Austria,LINEAR,0.00015,15.00,19596,19596.000,1918504,1918504,293940,2212444,0.2148,0,1129,43066126,True
Austria,LINEAR,0.0002,20.00,19596,19596.000,1918504,1918504,391920,2310424,0.2148,0,1129,43066126,True
Austria,LINEAR,0.0003,30.00,19596,19596.000,1918504,1918504,587880,2506384,0.2148,0,1129,43066126,True
Austria,LINEAR,0.0005,50.00,19593,19593.000,1918627,1918627,979650,2898277,0.2148,0,1129,43066126,True
Austria,LINEAR,0.0007,70.00,19589,19589.000,1918879,1918879,1371230,3290109,0.2148,0,1129,43066126,True
Austria,LINEAR,0.001,100.00,19526,19526.000,1924576,1924576,1952600,3877176,0.2155,0,1129,43066126,True
Austria,LINEAR,0.0015,150.00,18835,18835.000,2014447,2014447,2825250,4839697,0.2255,0,1129,43066126,True
Austria,LINEAR,0.002,200.00,17536,17536.500,2243255,2243144,3507200,5750455,0.2512,3,1129,43066126,True
Austria,LINEAR,0.003,300.00,14987,14987.000,2874661,2874661,4496100,7370761,0.3219,0,1129,43066126,True
Austria,LINEAR,0.005,500.00,11720,11720.000,4154998,4154957,5860000,10014998,0.4652,16,1129,43066126,True
Austria,LINEAR,0.007,700.00,9774,9774.500,5303606,5303210,6841800,12145406,0.5938,9,1129,43066126,True
Austria,LINEAR,0.01,1000.00,7966,7966.000,6821348,6821158,7966000,14787348,0.7637,30,1129,43066126,True
Austria,LINEAR,0.015,1500.00,6208,6207.830,8972860,8972532,9312000,18284860,1.0046,47,1129,43066126,True
Austria,LINEAR,0.02,2000.00,5150,5149.500,10798286,10798819,10300000,21098286,1.209,47,1129,43066126,True
Austria,LINEAR,0.03,3000.00,3952,3951.670,13741754,13740994,11856000,25597754,1.5386,78,1129,43066126,True
Austria,LINEAR,0.05,5000.00,2823,2823.500,18132937,18127570,14115000,32247937,2.0302,81,1129,43066126,True
Austria,LINEAR,0.07,7000.00,2258,2258.330,21477153,21470953,15806000,37283153,2.4046,91,1129,43066126,True
Austria,LINEAR,0.1,10000.00,1756,1755.750,25687548,25684155,17560000,43247548,2.876,93,1129,43066126,True
Austria,LINEAR,0.14142,14142.00,1370,1370.420,30273781,30261448,19374540,49648321,3.3895,106,1129,43066126,True
Austria,LINEAR,0.15,15000.00,1304,1304.000,31231701,31227503,19560000,50791701,3.4968,86,1129,43066126,True
Austria,LINEAR,0.16818,16818.00,1200,1200.250,32895905,32881560,20181600,53077505,3.6831,117,1129,43066126,True
Austria,LINEAR,0.1834,18340.00,1127,1126.860,34179497,34171327,20669180,54848677,3.8268,138,1129,43066126,True
Austria,LINEAR,0.2,20000.00,1055,1055.000,35566793,35552873,21100000,56666793,3.9821,100,1129,43066126,True
Austria,LINEAR,0.25149,25149.00,894,894.250,39172635,39156006,22483206,61655841,4.3859,119,1129,43066126,True
Austria,LINEAR,0.28201,28201.00,818,818.500,41219352,41167935,23068418,64287770,4.615,127,1129,43066126,True
Austria,LINEAR,0.29863,29863.00,786,786.000,42147127,42117566,23472318,65619445,4.7189,172,1129,43066126,True
Austria,LINEAR,0.3,30000.00,782,782.000,42268749,42237217,23460000,65728749,4.7325,172,1129,43066126,True
Austria,LINEAR,0.3,30000.00,782,782.000,42268749,42237217,23460000,65728749,4.7325,172,1129,43066126,True
Austria,LINEAR,0.3073,30730.00,763,762.920,42845528,42816160,23446990,66292518,4.7971,176,1129,43066126,True
Austria,LINEAR,0.30973,30973.00,757,757.170,43033783,42993529,23446561,66480344,4.8182,181,1129,43066126,True
Austria,LINEAR,0.31173,31173.00,755,754.670,43086775,43071368,23535615,66622390,4.8241,183,1129,43066126,True
Austria,LINEAR,0.31623,31623.00,746,746.240,43371613,43335653,23590758,66962371,4.856,184,1129,43066126,True
Austria,LINEAR,0.31978,31978.00,738,738.310,43624163,43587578,23599764,67223927,4.8843,186,1129,43066126,True
Austria,LINEAR,0.34087,34087.00,709,709.130,44585783,44546689,24167683,68753466,4.9919,119,1129,43066126,True
Austria,LINEAR,0.3873,38730.00,643,642.580,46959893,46945356,24903390,71863283,5.2577,129,1129,43066126,True
Austria,LINEAR,0.5,50000.00,525,524.640,52139462,52136234,26250000,78389462,5.8387,107,1129,43066126,True
Austria,LINEAR,0.7,70000.00,442,442.120,57454846,57043586,30940000,88394846,6.4328,163,1129,43066126,True
Austria,LOGISTIC,0.0001,10.00,7385,7385.000,741053,741051,73850,814903,0.8356,58,1129,1159014,True
Austria,LOGISTIC,0.0002,20.00,4844,4844.000,776789,776782,96880,873669,1.2857,76,1129,1159014,True
Austria,LOGISTIC,0.0005,50.00,2765,2764.500,842260,842235,138250,980510,2.0744,161,1129,1159014,True
Austria,LOGISTIC,0.001,100.00,1789,1789.320,910818,910745,178900,1089718,2.859,78,1129,1159014,True
Austria,LOGISTIC,0.002,200.00,1142,1141.960,1001308,1001109,228400,1229708,3.8312,136,1129,1159014,True
Austria,LOGISTIC,0.0020288,202.88,1135,1134.750,1002784,1002562,230269,1233053,3.8467,150,1129,1159014,True
Austria,LOGISTIC,0.0020434,204.34,1126,1126.030,1004531,1004337,230087,1234618,3.8656,172,1129,1159014,True
Austria,LOGISTIC,0.0020581,205.81,1123,1123.240,1005203,1004909,231125,1236328,3.8712,146,1129,1159014,True
Austria,LOGISTIC,0.0021179,211.79,1097,1097.420,1010670,1010313,232334,1243004,3.929,220,1129,1159014,True
Austria,LOGISTIC,0.0022427,224.27,1050,1050.470,1021006,1020544,235483,1256490,4.0275,224,1129,1159014,True
Austria,LOGISTIC,0.0025149,251.49,984,984.250,1036680,1036337,247466,1284146,4.1902,169,1129,1159014,True
Austria,LOGISTIC,0.0026564,265.64,931,930.580,1050421,1050242,247311,1297732,4.3325,157,1129,1159014,True
Austria,LOGISTIC,0.0031623,316.23,833,833.100,1079179,1078529,263420,1342599,4.6123,202,1129,1159014,True
Austria,LOGISTIC,0.0034534,345.34,789,789.000,1093777,1093094,272473,1366250,4.7472,188,1129,1159014,True
Austria,LOGISTIC,0.0039764,397.64,723,722.580,1118297,1117636,287494,1405791,4.9975,169,1129,1159014,True
Austria,LOGISTIC,0.0044589,445.89,683,682.750,1135434,1134455,304543,1439977,5.1584,223,1129,1159014,True
Austria,LOGISTIC,0.0044894,448.94,680,679.920,1136764,1135722,305279,1442043,5.1685,212,1129,1159014,True
Austria,LOGISTIC,0.0047217,472.17,656,656.170,1147668,1146635,309744,1457412,5.266,149,1129,1159014,True
Austria,LOGISTIC,0.0047937,479.37,648,648.140,1151293,1150456,310632,1461925,5.2958,161,1129,1159014,True
Austria,LOGISTIC,0.0048589,485.89,641,641.480,1154481,1153675,311455,1465936,5.324,144,1129,1159014,True
Austria,LOGISTIC,0.0049535,495.35,632,631.580,1159611,1158522,313061,1472672,5.3742,165,1129,1159014,True
Austria,LOGISTIC,0.005,500.00,629,628.740,1160623,1159944,314500,1475123,5.3854,181,1129,1159014,True
Austria,LOGISTIC,0.0051187,511.87,621,620.920,1165064,1163902,317871,1482935,5.4175,153,1129,1159014,True
Austria,LOGISTIC,0.0058362,583.62,570,569.720,1195563,1191784,332663,1528226,5.6843,228,1129,1159014,True
Austria,LOGISTIC,0.5,50000.00,45,45.250,5902163,5876890,2250000,8152163,74.2168,15,1129,1159014,True
Portugal,LINEAR,0.0001,10.00,18485,18485.000,1503188,1503188,184850,1688038,0.1526,0,1882,34176605,True
Portugal,LINEAR,0.0002,20.00,18485,18485.000,1503188,1503188,369700,1872888,0.1526,0,1882,34176605,True
Portugal,LINEAR,0.0005,50.00,18483,18483.000,1503269,1503269,924150,2427419,0.1526,0,1882,34176605,True
Portugal,LINEAR,0.001,100.00,18457,18457.000,1505450,1505450,1845700,3351150,0.1528,0,1882,34176605,True
Portugal,LINEAR,0.002,200.00,17102,17102.000,1726528,1726528,3420400,5146928,0.1753,0,1882,34176605,True
Portugal,LINEAR,0.005,500.00,12042,12042.000,3404818,3404768,6021000,9425818,0.3456,18,1882,34176605,True
Portugal,LINEAR,0.01,1000.00,8440,8439.500,5961223,5961491,8440000,14401223,0.6052,35,1882,34176605,True
Portugal,LINEAR,0.02,2000.00,5601,5600.750,9974449,9973016,11202000,21176449,1.0126,149,1882,34176605,True
Portugal,LINEAR,0.05,5000.00,3113,3112.640,17796186,17791408,15565000,33361186,1.8066,160,1882,34176605,True
Portugal,LINEAR,0.1,10000.00,1932,1932.000,26110765,26100658,19320000,45430765,2.6507,173,1882,34176605,True
Portugal,LINEAR,0.10219,10219.00,1900,1899.830,26434548,26425709,19416100,45850648,2.6835,191,1882,34176605,True
Portugal,LINEAR,0.1033,10330.00,1886,1886.170,26577602,26566000,19482380,46059982,2.6981,179,1882,34176605,True
Portugal,LINEAR,0.10386,10386.00,1877,1876.750,26671797,26663539,19494522,46166319,2.7076,180,1882,34176605,True
Portugal,LINEAR,0.10443,10443.00,1871,1870.750,26733857,26726010,19538853,46272710,2.7139,176,1882,34176605,True
Portugal,LINEAR,0.10905,10905.00,1819,1819.170,27288501,27276006,19836195,47124696,2.7702,165,1882,34176605,True
Portugal,LINEAR,0.11892,11892.00,1711,1710.750,28523840,28509653,20347212,48871052,2.8956,216,1882,34176605,True
Portugal,LINEAR,0.13429,13429.00,1551,1551.350,30557106,30531577,20828379,51385485,3.102,185,1882,34176605,True
Portugal,LINEAR,0.14142,14142.00,1491,1490.560,31379372,31368744,21085722,52465094,3.1855,176,1882,34176605,True
Portugal,LINEAR,0.15312,15312.00,1410,1409.830,32567499,32560364,21589920,54157419,3.3061,109,1882,34176605,True
Portugal,LINEAR,0.1635,16350.00,1349,1349.080,33541400,33522602,22056150,55597550,3.405,144,1882,34176605,True
Portugal,LINEAR,0.16895,16895.00,1321,1321.410,34003947,33981810,22318295,56322242,3.452,137,1882,34176605,True
Portugal,LINEAR,0.17174,17174.00,1310,1309.670,34192839,34181641,22497940,56690779,3.4711,146,1882,34176605,True
Portugal,LINEAR,0.17458,17458.00,1298,1297.500,34407159,34392648,22660484,57067643,3.4929,162,1882,34176605,True
Portugal,LINEAR,0.2,20000.00,1181,1181.330,36608517,36561470,23620000,60228517,3.7164,171,1882,34176605,True
Portugal,LINEAR,0.5,50000.00,608,608.320,64759994,53997565,30400000,95159994,6.5742,505,1882,34176605,True
Portugal,LOGISTIC,0.0001,10.00,7793,7793.330,803888,803883,77930,881818,0.6775,53,1882,1086434,True
Portugal,LOGISTIC,0.0002,20.00,5281,5280.830,839483,839460,105620,945103,1.0867,181,1882,1086434,True
Portugal,LOGISTIC,0.0005,50.00,3052,3051.670,909887,909791,152600,1062487,1.8535,308,1882,1086434,True
Portugal,LOGISTIC,0.001,100.00,1958,1957.500,987198,987070,195800,1182998,2.6512,267,1882,1086434,True
Portugal,LOGISTIC,0.0010443,104.43,1908,1908.330,992334,992111,199252,1191586,2.7037,219,1882,1086434,True
Portugal,LOGISTIC,0.0010671,106.71,1885,1884.920,994804,994577,201148,1195952,2.7289,237,1882,1086434,True
Portugal,LOGISTIC,0.0010905,109.05,1864,1864.250,997078,996810,203269,1200347,2.7516,220,1882,1086434,True
Portugal,LOGISTIC,0.0011892,118.92,1763,1762.920,1008691,1008393,209656,1218347,2.8684,328,1882,1086434,True
Portugal,LOGISTIC,0.0013873,138.73,1598,1597.540,1029869,1029537,221691,1251560,3.0748,275,1882,1086434,True
Portugal,LOGISTIC,0.0014142,141.42,1579,1578.910,1032626,1032154,223302,1255928,3.1019,293,1882,1086434,True
Portugal,LOGISTIC,0.0016818,168.18,1406,1406.470,1059665,1058728,236461,1296126,3.3633,380,1882,1086434,True
Portugal,LOGISTIC,0.0018035,180.35,1331,1331.470,1073027,1071823,240046,1313073,3.4948,326,1882,1086434,True
Portugal,LOGISTIC,0.001834,183.40,1316,1315.660,1075595,1074700,241354,1316949,3.5184,301,1882,1086434,True
Portugal,LOGISTIC,0.0019152,191.52,1279,1279.360,1082638,1081493,244954,1327592,3.5817,324,1882,1086434,True
Portugal,LOGISTIC,0.0019257,192.57,1271,1271.470,1084198,1083009,244756,1328954,3.5971,324,1882,1086434,True
Portugal,LOGISTIC,0.0019576,195.76,1256,1256.010,1086851,1086012,245875,1332726,3.6219,291,1882,1086434,True
Portugal,LOGISTIC,0.0019899,198.99,1241,1241.140,1089821,1088946,246947,1336768,3.6498,287,1882,1086434,True
Portugal,LOGISTIC,0.002,200.00,1238,1237.790,1090396,1089614,247600,1337996,3.6535,277,1882,1086434,True
Portugal,LOGISTIC,0.0020563,205.63,1220,1219.580,1093998,1093307,250869,1344867,3.688,242,1882,1086434,True
Portugal,LOGISTIC,0.0023445,234.45,1122,1122.130,1116353,1114735,263053,1379406,3.895,321,1882,1086434,True
Portugal,LOGISTIC,0.005,500.00,680,679.620,1315950,1261791,340000,1655950,5.8193,461,1882,1086434,True
Portugal,LOGISTIC,0.01,1000.00,491,491.340,1699178,1390976,491000,2190178,10.3973,998,1882,1086434,True
Portugal,LOGISTIC,0.1,10000.00,258,258.500,2753310,2216755,2580000,5333310,23.3311,568,1882,1086434,True
Portugal,LOGISTIC,0.2,20000.00,169,169.420,3629788,3527782,3380000,7009788,35.7101,148,1882,1086434,True
Portugal,LOGISTIC,0.5,50000.00,29,29.000,7958012,7958012,1450000,9408012,94.6478,0,1882,1086434,True
Czechia,LINEAR,0.0001,10.00,20944,20944.000,1510270,1510270,209440,1719710,0.144,0,1624,44425880,True
Czechia,LINEAR,0.00015,15.00,20943,20943.000,1510285,1510285,314145,1824430,0.144,0,1624,44425880,True
Czechia,LINEAR,0.0002,20.00,20941,20941.000,1510318,1510318,418820,1929138,0.144,0,1624,44425880,True
Czechia,LINEAR,0.0003,30.00,20938,20938.000,1510385,1510385,628140,2138525,0.144,0,1624,44425880,True
Czechia,LINEAR,0.0005,50.00,20933,20933.000,1510586,1510586,1046650,2557236,0.144,0,1624,44425880,True
Czechia,LINEAR,0.0007,70.00,20930,20930.000,1510786,1510786,1465100,2975886,0.144,0,1624,44425880,True
Czechia,LINEAR,0.001,100.00,20864,20864.000,1516809,1516809,2086400,3603209,0.1446,0,1624,44425880,True
Czechia,LINEAR,0.0015,150.00,20359,20359.000,1582937,1582937,3053850,4636787,0.1509,0,1624,44425880,True
Czechia,LINEAR,0.002,200.00,19308,19308.000,1768771,1768771,3861600,5630371,0.1686,0,1624,44425880,True
Czechia,LINEAR,0.003,300.00,17006,17006.500,2341600,2341443,5101800,7443400,0.2232,3,1624,44425880,True
Czechia,LINEAR,0.005,500.00,13668,13668.000,3652137,3652114,6834000,10486137,0.3481,8,1624,44425880,True
Czechia,LINEAR,0.007,700.00,11547,11547.000,4913223,4913182,8082900,12996123,0.4683,10,1624,44425880,True
Czechia,LINEAR,0.01,1000.00,9504,9504.500,6624646,6624075,9504000,16128646,0.6315,27,1624,44425880,True
Czechia,LINEAR,0.015,1500.00,7462,7462.000,9136555,9136400,11193000,20329555,0.8709,32,1624,44425880,True
Czechia,LINEAR,0.02,2000.00,6265,6265.000,11213861,11213626,12530000,23743861,1.0689,16,1624,44425880,True
Czechia,LINEAR,0.03,3000.00,4854,4853.830,14674713,14674717,14562000,29236713,1.3988,45,1624,44425880,True
Czechia,LINEAR,0.05,5000.00,3495,3494.670,19878843,19879724,17475000,37353843,1.8948,42,1624,44425880,True
Czechia,LINEAR,0.07,7000.00,2765,2764.920,24167582,24165975,19355000,43522582,2.3036,71,1624,44425880,True
Czechia,LINEAR,0.1,10000.00,2127,2127.000,29485426,29482884,21270000,50755426,2.8105,58,1624,44425880,True
Czechia,LINEAR,0.14142,14142.00,1650,1649.750,35163466,35163208,23334300,58497766,3.3518,46,1624,44425880,True
Czechia,LINEAR,0.14452,14452.00,1628,1628.250,35476959,35469456,23527856,59004815,3.3816,59,1624,44425880,True
Czechia,LINEAR,0.1453,14530.00,1621,1621.250,35579226,35570936,23553130,59132356,3.3914,67,1624,44425880,True
Czechia,LINEAR,0.14609,14609.00,1614,1614.250,35681975,35672994,23578926,59260901,3.4012,73,1624,44425880,True
Czechia,LINEAR,0.14768,14768.00,1603,1602.670,35844468,35843194,23673104,59517572,3.4167,69,1624,44425880,True
Czechia,LINEAR,0.15,15000.00,1583,1583.170,36141404,36133175,23745000,59886404,3.445,58,1624,44425880,True
Czechia,LINEAR,0.15,15000.00,1583,1583.170,36141404,36133175,23745000,59886404,3.445,58,1624,44425880,True
Czechia,LINEAR,0.15422,15422.00,1548,1548.330,36675877,36663350,23873256,60549133,3.4959,81,1624,44425880,True
Czechia,LINEAR,0.16818,16818.00,1454,1454.250,38189396,38175383,24453372,62642768,3.6402,91,1624,44425880,True
Czechia,LINEAR,0.18889,18889.00,1331,1330.580,40381973,40382267,25141259,65523232,3.8492,59,1624,44425880,True
Czechia,LINEAR,0.2,20000.00,1276,1276.000,41452081,41444154,25520000,66972081,3.9512,56,1624,44425880,True
Czechia,LINEAR,0.2,20000.00,1276,1276.000,41452081,41444154,25520000,66972081,3.9512,56,1624,44425880,True
Czechia,LINEAR,0.21537,21537.00,1197,1197.000,43094088,43084655,25779789,68873877,4.1077,71,1624,44425880,True
Czechia,LINEAR,0.22134,22134.00,1167,1167.000,43746670,43739687,25830378,69577048,4.1699,70,1624,44425880,True
Czechia,LINEAR,0.22255,22255.00,1162,1162.500,43859307,43839625,25860310,69719617,4.1806,65,1624,44425880,True
Czechia,LINEAR,0.22623,22623.00,1145,1144.670,44236147,44239298,25903335,70139482,4.2166,43,1624,44425880,True
Czechia,LINEAR,0.22702,22702.00,1144,1143.670,44258803,44261954,25971088,70229891,4.2187,43,1624,44425880,True
Czechia,LINEAR,0.22809,22809.00,1137,1136.670,44417352,44421284,25933833,70351185,4.2338,33,1624,44425880,True
Czechia,LINEAR,0.22997,22997.00,1130,1130.170,44577449,44570011,25986610,70564059,4.2491,34,1624,44425880,True
Czechia,LINEAR,0.23284,23284.00,1121,1121.330,44785698,44774427,26101364,70887062,4.2689,32,1624,44425880,True
Czechia,LINEAR,0.24495,24495.00,1060,1060.500,46246720,46231451,25964700,72211420,4.4082,39,1624,44425880,True
Czechia,LINEAR,0.24556,24556.00,1058,1057.500,46295765,46305068,25980248,72276013,4.4129,43,1624,44425880,True
Czechia,LINEAR,0.3,30000.00,905,905.000,50475826,50466999,27150000,77625826,4.8113,56,1624,44425880,True
Czechia,LINEAR,0.5,50000.00,615,614.830,61683493,61667384,30750000,92433493,5.8796,63,1624,44425880,True
Czechia,LOGISTIC,0.0001,10.00,8838,8837.830,857816,857816,88380,946196,0.7009,28,1624,1252023,True
Czechia,LOGISTIC,0.0002,20.00,5929,5928.830,898778,898775,118580,1017358,1.1398,56,1624,1252023,True
Czechia,LOGISTIC,0.0005,50.00,3411,3410.750,977679,977656,170550,1148229,1.9454,108,1624,1252023,True
Czechia,LOGISTIC,0.001,100.00,2149,2149.000,1066872,1066830,214900,1281772,2.8114,80,1624,1252023,True
Czechia,LOGISTIC,0.0014142,141.42,1683,1683.420,1122398,1122177,238010,1360408,3.3361,179,1624,1252023,True
Czechia,LOGISTIC,0.0014768,147.68,1640,1640.330,1128597,1128412,242195,1370792,3.3927,145,1624,1252023,True
Czechia,LOGISTIC,0.0014929,149.29,1627,1626.750,1130497,1130429,242895,1373392,3.4106,122,1624,1252023,True
Czechia,LOGISTIC,0.0015092,150.92,1614,1613.920,1132467,1132354,243585,1376052,3.429,142,1624,1252023,True
Czechia,LOGISTIC,0.0015422,154.22,1598,1597.580,1134891,1134843,246444,1381335,3.4503,165,1624,1252023,True
Czechia,LOGISTIC,0.0016818,168.18,1500,1499.750,1150843,1150651,252270,1403113,3.5984,198,1624,1252023,True
Czechia,LOGISTIC,0.0019408,194.08,1369,1369.500,1174432,1174135,265696,1440128,3.8142,182,1624,1252023,True
Czechia,LOGISTIC,0.002,200.00,1337,1337.500,1180741,1180441,267400,1448141,3.8755,141,1624,1252023,True
Czechia,LOGISTIC,0.002,200.00,1337,1337.500,1180741,1180441,267400,1448141,3.8755,141,1624,1252023,True
Czechia,LOGISTIC,0.0025149,251.49,1129,1129.200,1227621,1227217,283932,1511553,4.3012,205,1624,1252023,True
Czechia,LOGISTIC,0.002523,252.30,1128,1128.450,1227853,1227405,284594,1512447,4.3038,201,1624,1252023,True
Czechia,LOGISTIC,0.002694,269.40,1075,1074.770,1241689,1241355,289605,1531294,4.4254,180,1624,1252023,True
Czechia,LOGISTIC,0.0027839,278.39,1038,1038.050,1251583,1251410,288969,1540552,4.5053,122,1624,1252023,True
Czechia,LOGISTIC,0.0028201,282.01,1024,1024.250,1255531,1255286,288778,1544309,4.5403,112,1624,1252023,True
Czechia,LOGISTIC,0.0028767,287.67,1015,1014.750,1258087,1257989,291985,1550072,4.5606,105,1624,1252023,True
Czechia,LOGISTIC,0.0031623,316.23,956,956.420,1275890,1275575,302316,1578206,4.7107,105,1624,1252023,True
Czechia,LOGISTIC,0.0032799,327.99,932,932.170,1283821,1283388,305687,1589508,4.7785,165,1624,1252023,True
Czechia,LOGISTIC,0.005,500.00,709,709.080,1374155,1373261,354500,1728655,5.5294,143,1624,1252023,True
Czechia,LOGISTIC,0.01,1000.00,494,494.430,1615825,1520302,494000,2109825,7.7092,364,1624,1252023,True
Czechia,LOGISTIC,0.2,20000.00,180,179.580,3379448,3308945,3600000,6979448,27.8574,141,1624,1252023,True
Czechia,LOGISTIC,0.5,50000.00,37,37.000,8027493,8026941,1850000,9877493,90.5775,4,1624,1252023,True
Belgium,LINEAR,0.0001,10.00,17319,17319.000,627445,627445,173190,800635,0.0544,0,2958,21512721,True
Belgium,LINEAR,0.0002,20.00,17319,17319.000,627445,627445,346380,973825,0.0544,0,2958,21512721,True
Belgium,LINEAR,0.0005,50.00,17316,17316.000,627547,627547,865800,1493347,0.0544,0,2958,21512721,True
Belgium,LINEAR,0.001,100.00,17258,17258.000,632763,632763,1725800,2358563,0.0549,0,2958,21512721,True
Belgium,LINEAR,0.002,200.00,15680,15680.000,878798,878798,3136000,4014798,0.0762,0,2958,21512721,True
Belgium,LINEAR,0.005,500.00,11620,11619.500,2227357,2227606,5810000,8037357,0.1932,3,2958,21512721,True
Belgium,LINEAR,0.01,1000.00,8582,8582.500,4403232,4402713,8582000,12985232,0.3819,19,2958,21512721,True
Belgium,LINEAR,0.02,2000.00,5906,5906.000,8219588,8219318,11812000,20031588,0.7128,24,2958,21512721,True
Belgium,LINEAR,0.05,5000.00,3208,3207.500,16821652,16821524,16040000,32861652,1.4588,83,2958,21512721,True
Belgium,LINEAR,0.054525,5452.50,3036,3035.570,17715512,17715960,16553790,34269302,1.5363,75,2958,21512721,True
Belgium,LINEAR,0.055719,5571.90,2995,2995.250,17941340,17938126,16687840,34629180,1.5559,83,2958,21512721,True
Belgium,LINEAR,0.056326,5632.60,2967,2966.830,18098679,18097436,16711924,34810603,1.5695,67,2958,21512721,True
Belgium,LINEAR,0.056632,5663.20,2953,2952.830,18177627,18176540,16723430,34901057,1.5764,73,2958,21512721,True
Belgium,LINEAR,0.056939,5693.90,2948,2947.830,18206007,18204920,16785617,34991624,1.5788,73,2958,21512721,True
Belgium,LINEAR,0.05946,5946.00,2860,2860.330,18718056,18714327,17005560,35723616,1.6232,72,2958,21512721,True
Belgium,LINEAR,0.06457,6457.00,2698,2698.250,19723742,19718729,17420986,37144728,1.7105,117,2958,21512721,True
Belgium,LINEAR,0.068948,6894.80,2549,2549.330,20716456,20710566,17574845,38291301,1.7965,93,2958,21512721,True
Belgium,LINEAR,0.070711,7071.10,2516,2516.000,20947851,20943816,17790888,38738739,1.8166,152,2958,21512721,True
Belgium,LINEAR,0.071246,7124.60,2502,2502.000,21047381,21043213,17825749,38873130,1.8252,160,2958,21512721,True
Belgium,LINEAR,0.072424,7242.40,2471,2471.250,21270054,21264021,17895970,39166024,1.8446,151,2958,21512721,True
Belgium,LINEAR,0.07302,7302.00,2456,2456.170,21379572,21373771,17933712,39313284,1.8541,149,2958,21512721,True
Belgium,LINEAR,0.073622,7362.20,2435,2435.330,21536781,21526490,17926957,39463738,1.8677,159,2958,21512721,True
Belgium,LINEAR,0.073841,7384.10,2426,2425.830,21602550,21596539,17913827,39516377,1.8734,150,2958,21512721,True
Belgium,LINEAR,0.077111,7711.10,2359,2358.830,22109616,22102004,18190485,40300101,1.9174,169,2958,21512721,True
Belgium,LINEAR,0.08409,8409.00,2206,2206.080,23340391,23333258,18550254,41890645,2.0241,138,2958,21512721,True
Belgium,LINEAR,0.1,10000.00,1939,1938.790,25794340,25781622,19390000,45184340,2.2369,204,2958,21512721,True
Belgium,LINEAR,0.2,20000.00,1136,1135.700,43935901,37064898,22720000,66655901,3.8102,488,2958,21512721,True
Belgium,LINEAR,0.5,50000.00,710,709.950,138837175,49794678,35500000,174337175,12.0401,2243,2958,21512721,True
Belgium,LOGISTIC,0.0001,10.00,7782,7782.500,917193,917186,77820,995013,0.4586,23,2958,1058740,True
Belgium,LOGISTIC,0.0002,20.00,5328,5327.670,952180,952181,106560,1058740,0.8235,64,2958,1058740,True
Belgium,LOGISTIC,0.00031623,31.62,4018,4017.670,985068,985069,127061,1112129,1.1592,78,2958,1058740,True
Belgium,LOGISTIC,0.00039764,39.76,3443,3443.250,1005394,1005350,136907,1142301,1.3647,125,2958,1058740,True
Belgium,LOGISTIC,0.00044589,44.59,3177,3177.250,1016579,1016521,141659,1158238,1.4764,150,2958,1058740,True
Belgium,LOGISTIC,0.00047217,47.22,3041,3040.680,1022835,1022793,143587,1166422,1.5391,171,2958,1058740,True
Belgium,LOGISTIC,0.00048589,48.59,2993,2992.780,1025125,1025087,145427,1170552,1.5615,175,2958,1058740,True
Belgium,LOGISTIC,0.00049289,49.29,2961,2961.000,1026690,1026641,145945,1172635,1.5771,163,2958,1058740,True
Belgium,LOGISTIC,0.0005,50.00,2934,2934.000,1028029,1027982,146700,1174729,1.5905,149,2958,1058740,True
Belgium,LOGISTIC,0.0005,50.00,2934,2934.000,1028029,1027982,146700,1174729,1.5905,149,2958,1058740,True
Belgium,LOGISTIC,0.0005946,59.46,2619,2618.960,1045221,1045135,155726,1200947,1.7602,193,2958,1058740,True
Belgium,LOGISTIC,0.00064076,64.08,2475,2475.420,1054117,1053987,158588,1212705,1.8473,231,2958,1058740,True
Belgium,LOGISTIC,0.00064842,64.84,2453,2452.670,1055538,1055454,159057,1214595,1.8616,220,2958,1058740,True
Belgium,LOGISTIC,0.00066212,66.21,2422,2422.080,1057558,1057453,160365,1217923,1.8812,209,2958,1058740,True
Belgium,LOGISTIC,0.0006842,68.42,2363,2362.830,1061579,1061444,161676,1223255,1.9206,255,2958,1058740,True
Belgium,LOGISTIC,0.00070711,70.71,2320,2320.030,1064559,1064419,164050,1228609,1.9494,260,2958,1058740,True
Belgium,LOGISTIC,0.00073058,73.06,2256,2255.550,1069135,1069049,164819,1233954,1.9946,205,2958,1058740,True
Belgium,LOGISTIC,0.00083299,83.30,2061,2061.170,1084346,1084214,171679,1256025,2.141,251,2958,1058740,True
Belgium,LOGISTIC,0.001,100.00,1826,1826.250,1105884,1105599,182600,1288484,2.3474,246,2958,1058740,True
Belgium,LOGISTIC,0.002,200.00,1120,1120.250,1304580,1203800,224000,1528580,4.3784,833,2958,1058740,True
Belgium,LOGISTIC,0.1,10000.00,412,411.840,2963640,2372680,4120000,7083640,22.5189,1017,2958,1058740,True
Belgium,LOGISTIC,0.2,20000.00,194,194.250,5643501,5603749,3880000,9523501,53.0901,99,2958,1058740,True
Belgium,LOGISTIC,0.5,50000.00,13,13.000,10536366,10536366,650000,11186366,108.7572,0,2958,1058740,True
Poland,LINEAR,0.0001,10.00,90903,90903.000,7883387,7883387,909030,8792417,0.2127,0,7027,133247698,True
Poland,LINEAR,0.0002,20.00,90885,90885.000,7883634,7883634,1817700,9701334,0.2127,0,7027,133247698,True
Poland,LINEAR,0.0005,50.00,90857,90857.000,7884620,7884620,4542850,12427470,0.2127,0,7027,133247698,True
Poland,LINEAR,0.001,100.00,90324,90324.000,7931681,7931681,9032400,16964081,0.214,0,7027,133247698,True
Poland,LINEAR,0.002,200.00,79474,79474.000,9657435,9657409,15894800,25552235,0.2605,10,7027,133247698,True
Poland,LINEAR,0.005,500.00,50606,50606.000,19104895,19104429,25303000,44407895,0.5154,138,7027,133247698,True
Poland,LINEAR,0.01,1000.00,32988,32988.330,31596235,31593279,32988000,64584235,0.8524,407,7027,133247698,True
Poland,LINEAR,0.02,2000.00,20991,20991.170,48536481,48527595,41982000,90518481,1.3094,631,7027,133247698,True
Poland,LINEAR,0.05,5000.00,11343,11342.900,78593631,78564922,56715000,135308631,2.1203,834,7027,133247698,True
Poland,LINEAR,0.1,10000.00,7139,7138.710,108168917,108127094,71390000,179558917,2.9182,663,7027,133247698,True
Poland,LINEAR,0.14142,14142.00,5593,5593.420,126531730,126461494,79096206,205627936,3.4136,515,7027,133247698,True
Poland,LINEAR,0.15422,15422.00,5246,5246.350,131653280,131592492,80903812,212557092,3.5517,526,7027,133247698,True
Poland,LINEAR,0.1576,15760.00,5156,5156.450,133054062,132994860,81258560,214312622,3.5895,430,7027,133247698,True
Poland,LINEAR,0.16105,16105.00,5072,5071.580,134405109,134344731,81684560,216089669,3.626,475,7027,133247698,True
Poland,LINEAR,0.16818,16818.00,4955,4955.000,136325258,136261797,83333190,219658448,3.6778,427,7027,133247698,True
Poland,LINEAR,0.2,20000.00,4374,4373.960,147026495,146918317,87480000,234506495,3.9665,493,7027,133247698,True
Poland,LOGISTIC,0.0001,10.00,30552,30551.500,3099569,3099536,305520,3405089,0.9245,541,7027,4144216,True
Poland,LOGISTIC,0.0002,20.00,19892,19892.170,3250179,3250054,397840,3648019,1.3757,798,7027,4144216,True
Poland,LOGISTIC,0.0005,50.00,11255,11254.530,3520288,3519931,562750,4083038,2.1431,996,7027,4144216,True
Poland,LOGISTIC,0.001,100.00,7297,7296.670,3799894,3799164,729700,4529594,2.8963,885,7027,4144216,True
Poland,LOGISTIC,0.0010443,104.43,7111,7111.370,3818995,3818061,742602,4561597,2.9464,892,7027,4144216,True
Poland,LOGISTIC,0.0010671,106.71,7023,7023.070,3828400,3827382,749424,4577824,2.9708,1043,7027,4144216,True
Poland,LOGISTIC,0.0010905,109.05,6935,6934.850,3837899,3836897,756262,4594161,2.9961,1030,7027,4144216,True
Poland,LOGISTIC,0.0011892,118.92,6540,6540.250,3882788,3881845,777737,4660525,3.1147,795,7027,4144216,True
Poland,LOGISTIC,0.0013873,138.73,5932,5932.110,3961053,3959944,822946,4783999,3.3156,842,7027,4144216,True
Poland,LOGISTIC,0.0014142,141.42,5854,5853.550,3972221,3970984,827873,4800094,3.3442,924,7027,4144216,True
Poland,LOGISTIC,0.0016818,168.18,5225,5225.420,4070589,4067867,878740,4949330,3.5973,1205,7027,4144216,True
Poland,LOGISTIC,0.0018035,180.35,4975,4974.730,4114465,4111358,897241,5011706,3.7095,1153,7027,4144216,True
Poland,LOGISTIC,0.001834,183.40,4900,4899.980,4128854,4125005,898660,5027514,3.7466,1260,7027,4144216,True
Poland,LOGISTIC,0.0018636,186.36,4842,4842.030,4139856,4135658,902355,5042211,3.7731,1211,7027,4144216,True
Poland,LOGISTIC,0.0019257,192.57,4752,4751.760,4156574,4152782,915093,5071667,3.8157,1099,7027,4144216,True
Poland,LOGISTIC,0.002,200.00,4637,4637.390,4179190,4175300,927400,5106590,3.8732,1090,7027,4144216,True
Poland,LOGISTIC,0.0020563,205.63,4539,4539.270,4198318,4195155,933355,5131673,3.9219,937,7027,4144216,True
Poland,LOGISTIC,0.0023445,234.45,4171,4170.740,4279559,4275975,977891,5257450,4.1245,856,7027,4144216,True
Hungary,LINEAR,0.0001,10.00,15741,15741.000,1048659,1048659,157410,1206069,0.1087,0,1864,34859943,True
Hungary,LINEAR,0.0002,20.00,15734,15734.000,1048758,1048758,314680,1363438,0.1087,0,1864,34859943,True
Hungary,LINEAR,0.0005,50.00,15726,15726.000,1049013,1049013,786300,1835313,0.1087,0,1864,34859943,True
Hungary,LINEAR,0.001,100.00,15696,15696.000,1051463,1051463,1569600,2621063,0.109,0,1864,34859943,True
Hungary,LINEAR,0.002,200.00,14973,14973.000,1170128,1170128,2994600,4164728,0.1213,0,1864,34859943,True
Hungary,LINEAR,0.005,500.00,11534,11534.500,2324331,2324073,5767000,8091331,0.2409,9,1864,34859943,True
Hungary,LINEAR,0.01,1000.00,8612,8612.500,4428241,4427608,8612000,13040241,0.4589,3,1864,34859943,True
Hungary,LINEAR,0.02,2000.00,5958,5957.500,8233516,8234251,11916000,20149516,0.8533,17,1864,34859943,True
Hungary,LINEAR,0.05,5000.00,3398,3398.000,16325230,16324492,16990000,33315230,1.6919,15,1864,34859943,True
Hungary,LINEAR,0.1,10000.00,2105,2105.000,25445738,25444381,21050000,46495738,2.6371,30,1864,34859943,True
Hungary,LINEAR,0.10905,10905.00,1974,1974.000,26811353,26809783,21526470,48337823,2.7787,36,1864,34859943,True
Hungary,LINEAR,0.11388,11388.00,1899,1899.000,27646315,27644844,21625812,49272127,2.8652,32,1864,34859943,True
Hungary,LINEAR,0.11637,11637.00,1869,1869.170,27991725,27988749,21749553,49741278,2.901,24,1864,34859943,True
Hungary,LINEAR,0.117,11700.00,1862,1862.000,28073942,28072393,21785400,49859342,2.9095,20,1864,34859943,True
Hungary,LINEAR,0.11764,11764.00,1859,1859.000,28109160,28107610,21869276,49978436,2.9132,20,1864,34859943,True
Hungary,LINEAR,0.11892,11892.00,1841,1841.250,28322025,28317677,21893172,50215197,2.9352,27,1864,34859943,True
Hungary,LINEAR,0.14142,14142.00,1617,1617.000,31220211,31218457,22867614,54087825,3.2356,20,1864,34859943,True
Hungary,LINEAR,0.14142,14142.00,1617,1617.000,31220211,31218457,22867614,54087825,3.2356,20,1864,34859943,True
Hungary,LINEAR,0.16818,16818.00,1409,1409.000,34419765,34416248,23696562,58116327,3.5672,32,1864,34859943,True
Hungary,LINEAR,0.17186,17186.00,1384,1384.000,34843743,34840811,23785424,58629167,3.6111,34,1864,34859943,True
Hungary,LINEAR,0.17563,17563.00,1368,1368.500,35121082,35110551,24026184,59147266,3.6399,11,1864,34859943,True
Hungary,LINEAR,0.1834,18340.00,1318,1318.500,36020237,36007915,24172120,60192357,3.733,37,1864,34859943,True
Hungary,LINEAR,0.2,20000.00,1232,1232.000,37676882,37670155,24640000,62316882,3.9047,70,1864,34859943,True
Hungary,LINEAR,0.5,50000.00,616,615.520,56271898,56222877,30800000,87071898,5.8319,91,1864,34859943,True
Hungary,LINEAR,1,100000.00,437,437.430,115587619,68413695,43700000,159287619,11.9792,596,1864,34859943,True
Hungary,LOGISTIC,0.0001,10.00,8030,8030.500,774703,774697,80300,855003,0.5254,3,1864,1080598,True
Hungary,LOGISTIC,0.0002,20.00,5582,5582.500,809477,809465,111640,921117,0.9391,9,1864,1080598,True
Hungary,LOGISTIC,0.0005,50.00,3215,3214.500,884495,884502,160750,1045245,1.8004,36,1864,1080598,True
Hungary,LOGISTIC,0.001,100.00,2091,2091.000,964432,964407,209100,1173532,2.6722,50,1864,1080598,True
Hungary,LOGISTIC,0.0010905,109.05,1973,1973.330,976780,976703,215156,1191936,2.8035,71,1864,1080598,True
Hungary,LOGISTIC,0.0011388,113.88,1912,1912.170,983575,983515,217739,1201314,2.8738,66,1864,1080598,True
Hungary,LOGISTIC,0.0011637,116.37,1884,1883.500,986805,986812,219241,1206046,2.9071,68,1864,1080598,True
Hungary,LOGISTIC,0.0011764,117.64,1870,1870.500,988432,988334,219987,1208419,2.9248,61,1864,1080598,True
Hungary,LOGISTIC,0.0011828,118.28,1862,1862.000,989375,989337,220237,1209612,2.9339,66,1864,1080598,True
Hungary,LOGISTIC,0.0011892,118.92,1853,1853.000,990443,990405,220359,1210802,2.9443,66,1864,1080598,True
Hungary,LOGISTIC,0.0014142,141.42,1658,1658.250,1015647,1015547,234474,1250121,3.2025,76,1864,1080598,True
Hungary,LOGISTIC,0.002,200.00,1314,1313.620,1073373,1073318,262800,1336173,3.7835,95,1864,1080598,True
Hungary,LOGISTIC,0.0020581,205.81,1284,1283.500,1079492,1079415,264260,1343752,3.8431,107,1864,1080598,True
Hungary,LOGISTIC,0.0021179,211.79,1251,1250.750,1086443,1086263,264949,1351392,3.9112,131,1864,1080598,True
Hungary,LOGISTIC,0.0022427,224.27,1193,1193.250,1099247,1098785,267554,1366801,4.0325,179,1864,1080598,True
Hungary,LOGISTIC,0.0025149,251.49,1099,1098.830,1121337,1121121,276388,1397725,4.2426,133,1864,1080598,True
Hungary,LOGISTIC,0.0031623,316.23,952,951.670,1162840,1162783,301051,1463891,4.624,68,1864,1080598,True
Hungary,LOGISTIC,0.005,500.00,715,714.580,1258840,1256263,357500,1616340,5.4368,178,1864,1080598,True
Hungary,LOGISTIC,0.01,1000.00,497,496.790,1599057,1409148,497000,2096057,9.1494,418,1864,1080598,True
Hungary,LOGISTIC,0.02,2000.00,399,399.010,2037013,1546392,798000,2835013,14.3518,668,1864,1080598,True
Hungary,LOGISTIC,0.05,5000.00,319,319.380,2357154,1788051,1595000,3952154,17.9045,835,1864,1080598,True
Hungary,LOGISTIC,0.1,10000.00,263,263.430,2487231,2204889,2630000,5117231,19.3026,352,1864,1080598,True
Hungary,LOGISTIC,0.2,20000.00,178,177.750,3474007,3467570,3560000,7034007,33.3056,42,1864,1080598,True
Hungary,LOGISTIC,0.5,50000.00,23,23.000,8245359,8245359,1150000,9395359,100.7722,0,1864,1080598,True
Finland,LINEAR,0.0001,10.00,9413,9413.000,7087205,7087205,94130,7181335,1.2933,0,719,35088382,True
Finland,LINEAR,0.0002,20.00,9413,9413.000,7087205,7087205,188260,7275465,1.2933,0,719,35088382,True
Finland,LINEAR,0.0005,50.00,9413,9413.000,7087205,7087205,470650,7557855,1.2933,0,719,35088382,True
Finland,LINEAR,0.001,100.00,9395,9395.000,7088726,7088726,939500,8028226,1.2936,0,719,35088382,True
Finland,LINEAR,0.002,200.00,8974,8974.000,7158517,7158517,1794800,8953317,1.3063,0,719,35088382,True
Finland,LINEAR,0.005,500.00,6878,6878.000,7864701,7864689,3439000,11303701,1.4352,10,719,35088382,True
Finland,LINEAR,0.01,1000.00,5254,5253.500,9022360,9022805,5254000,14276360,1.6464,9,719,35088382,True
Finland,LINEAR,0.02,2000.00,3744,3743.500,11188990,11189724,7488000,18676990,2.0418,19,719,35088382,True
Finland,LINEAR,0.05,5000.00,2099,2098.830,16503274,16503121,10495000,26998274,3.0115,49,719,35088382,True
Finland,LINEAR,0.1,10000.00,1258,1258.500,22428627,22422468,12580000,35008627,4.0928,37,719,35088382,True
Finland,LINEAR,0.2,20000.00,770,769.670,29307203,29310016,15400000,44707203,5.348,56,719,35088382,True
Finland,LINEAR,0.21179,21179.00,730,730.500,30128693,30115879,15460670,45589363,5.4979,47,719,35088382,True
Finland,LINEAR,0.21794,21794.00,718,718.500,30387863,30374253,15648092,46035955,5.5452,33,719,35088382,True
Finland,LINEAR,0.22427,22427.00,702,701.500,30741813,30750393,15743754,46485567,5.6098,21,719,35088382,True
Finland,LINEAR,0.25149,25149.00,645,645.000,32092266,32090284,16221105,48313371,5.8562,22,719,35088382,True
Finland,LINEAR,0.31623,31623.00,562,561.500,34410667,34425034,17772126,52182793,6.2793,33,719,35088382,True
Finland,LINEAR,0.31623,31623.00,562,561.500,34410667,34425034,17772126,52182793,6.2793,33,719,35088382,True
Finland,LINEAR,0.32541,32541.00,552,552.000,34733264,34731069,17962632,52695896,6.3381,25,719,35088382,True
Finland,LINEAR,0.33011,33011.00,541,541.000,35094436,35091715,17858951,52953387,6.404,37,719,35088382,True
Finland,LINEAR,0.33487,33487.00,538,537.500,35193608,35207814,18016006,53209614,6.4221,44,719,35088382,True
Finland,LINEAR,0.3546,35460.00,519,519.250,35857704,35841481,18403740,54261444,6.5433,37,719,35088382,True
Finland,LINEAR,0.39764,39764.00,485,485.000,37128424,37120382,19285540,56413964,6.7752,32,719,35088382,True
Finland,LINEAR,0.5,50000.00,400,400.000,40949206,40926647,20000000,60949206,7.4724,67,719,35088382,True
Finland,LINEAR,1,100000.00,256,256.500,50932526,50861596,25600000,76532526,9.2942,26,719,35088382,True
Finland,LOGISTIC,0.0001,10.00,5077,5077.000,522768,522768,50770,573538,1.6851,6,719,814949,True
Finland,LOGISTIC,0.0002,20.00,3674,3673.500,542806,542814,73480,616286,2.0812,25,719,814949,True
Finland,LOGISTIC,0.0005,50.00,2152,2152.000,591459,591446,107600,699059,3.0005,60,719,814949,True
Finland,LOGISTIC,0.001,100.00,1354,1354.500,647124,647050,135400,782524,3.9832,47,719,814949,True
Finland,LOGISTIC,0.002,200.00,865,865.170,716009,715917,173000,889009,5.1144,49,719,814949,True
Finland,LOGISTIC,0.0025149,251.49,745,745.330,742838,742725,187360,930198,5.5141,22,719,814949,True
Finland,LOGISTIC,0.0026631,266.31,719,718.830,749560,749579,191477,941037,5.6172,28,719,814949,True
Finland,LOGISTIC,0.0028201,282.01,696,696.500,755860,755704,196279,952139,5.7184,21,719,814949,True
Finland,LOGISTIC,0.0031623,316.23,649,648.830,769883,769902,205233,975116,5.9191,51,719,814949,True
Finland,LOGISTIC,0.0031623,316.23,649,648.830,769883,769902,205233,975116,5.9191,51,719,814949,True
Finland,LOGISTIC,0.0039764,397.64,573,572.750,796794,796799,227848,1024642,6.2933,49,719,814949,True
Finland,LOGISTIC,0.0044589,445.89,534,533.830,813394,813265,238105,1051499,6.5339,46,719,814949,True
Finland,LOGISTIC,0.005,500.00,505,505.170,826973,826685,252500,1079473,6.7229,42,719,814949,True
Finland,LOGISTIC,0.01,1000.00,338,338.500,947542,946775,338000,1285542,8.2124,31,719,814949,True
Finland,LOGISTIC,0.02,2000.00,223,223.170,1113227,1108956,446000,1559227,10.1707,94,719,814949,True
FR1,LINEAR,0.0001,10.00,5261,5261.000,352766,352766,52610,405376,0.0286,0,1449,12744099,True
FR1,LINEAR,0.0002,20.00,5259,5259.000,352797,352797,105180,457977,0.0287,0,1449,12744099,True
FR1,LINEAR,0.0005,50.00,5256,5256.000,352897,352897,262800,615697,0.0287,0,1449,12744099,True
FR1,LINEAR,0.001,100.00,5248,5248.000,353613,353613,524800,878413,0.0287,0,1449,12744099,True
FR1,LINEAR,0.002,200.00,5020,5020.000,390383,390383,1004000,1394383,0.0317,0,1449,12744099,True
FR1,LINEAR,0.005,500.00,4196,4195.500,662503,662746,2098000,2760503,0.0538,3,1449,12744099,True
FR1,LINEAR,0.01,1000.00,3482,3482.000,1170315,1170315,3482000,4652315,0.095,0,1449,12744099,True
FR1,LINEAR,0.02,2000.00,2871,2871.000,2046629,2046628,5742000,7788629,0.1662,4,1449,12744099,True
FR1,LINEAR,0.05,5000.00,2110,2110.500,4505436,4502898,10550000,15055436,0.3659,13,1449,12744099,True
FR1,LINEAR,0.1,10000.00,1576,1576.170,8305845,8303009,15760000,24065845,0.6745,12,1449,12744099,True
FR1,LINEAR,0.10905,10905.00,1510,1510.500,8995839,8989569,16466550,25462389,0.7306,8,1449,12744099,True
FR1,LINEAR,0.11388,11388.00,1478,1477.500,9352593,9357187,16831464,26184057,0.7595,3,1449,12744099,True
FR1,LINEAR,0.11637,11637.00,1465,1465.500,9501277,9495085,17048205,26549482,0.7716,8,1449,12744099,True
FR1,LINEAR,0.11764,11764.00,1454,1454.500,9630112,9623796,17104856,26734968,0.7821,14,1449,12744099,True
FR1,LINEAR,0.11828,11828.00,1450,1450.500,9677367,9671052,17150600,26827967,0.7859,14,1449,12744099,True
FR1,LINEAR,0.11892,11892.00,1443,1443.000,9760314,9759913,17160156,26920470,0.7926,13,1449,12744099,True
FR1,LINEAR,0.14142,14142.00,1325,1325.000,11294297,11293547,18738150,30032447,0.9172,14,1449,12744099,True
FR1,LINEAR,0.15376,15376.00,1281,1281.000,11945051,11943200,19696656,31641707,0.9701,8,1449,12744099,True
FR1,LINEAR,0.15422,15422.00,1278,1278.000,11991179,11989329,19709316,31700495,0.9738,8,1449,12744099,True
FR1,LINEAR,0.16105,16105.00,1248,1247.670,12460924,12465403,20099040,32559964,1.012,19,1449,12744099,True
FR1,LINEAR,0.16419,16419.00,1233,1232.670,12706140,12710496,20244627,32950767,1.0319,15,1449,12744099,True
FR1,LINEAR,0.16458,16458.00,1230,1230.170,12755762,12751509,20243340,32999102,1.0359,12,1449,12744099,True
FR1,LINEAR,0.16554,16554.00,1228,1228.000,12789477,12787402,20328312,33117789,1.0386,22,1449,12744099,True
FR1,LINEAR,0.1669,16690.00,1214,1214.330,13021931,13014485,20261660,33283591,1.0575,15,1449,12744099,True
FR1,LINEAR,0.16818,16818.00,1207,1207.080,13139078,13135832,20299326,33438404,1.067,17,1449,12744099,True
FR1,LINEAR,0.16966,16966.00,1202,1201.500,13223698,13230325,20393132,33616830,1.0739,18,1449,12744099,True
FR1,LINEAR,0.17532,17532.00,1174,1174.000,13705945,13703970,20582568,34288513,1.1131,15,1449,12744099,True
FR1,LINEAR,0.19989,19989.00,1086,1085.500,15355057,15363419,21708054,37063111,1.247,17,1449,12744099,True
FR1,LINEAR,0.2,20000.00,1084,1084.500,15393695,15383331,21680000,37073695,1.2501,17,1449,12744099,True
FR1,LINEAR,0.5,50000.00,535,534.690,32470366,32340975,26750000,59220366,2.645,126,1449,12744099,True
FR1,LINEAR,1,100000.00,337,337.390,55756009,45835525,33700000,89456009,6.3992,610,1449,12744099,True
FR1,LINEAR,2,200000.00,267,266.540,77448610,55414072,53400000,130848610,10.6259,737,1449,12744099,True
FR1,LINEAR,5,500000.00,229,228.810,82019406,68220609,114500000,196519406,11.0736,593,1449,12744099,True
FR1,LOGISTIC,0.0001,10.00,3324,3323.500,944973,944977,33240,978213,0.1092,3,1449,1049065,True
FR1,LOGISTIC,0.0002,20.00,2744,2743.830,953338,953339,54880,1008218,0.189,11,1449,1049065,True
FR1,LOGISTIC,0.0005,50.00,2012,2012.000,977011,977011,100600,1077611,0.41,4,1449,1049065,True
FR1,LOGISTIC,0.001,100.00,1499,1499.000,1013518,1013506,149900,1163418,0.7457,48,1449,1049065,True
FR1,LOGISTIC,0.0010443,104.43,1464,1464.500,1017116,1017023,152886,1170002,0.778,57,1449,1049065,True
FR1,LOGISTIC,0.0010671,106.71,1446,1446.330,1019017,1018947,154303,1173320,0.7955,38,1449,1049065,True
FR1,LOGISTIC,0.0010905,109.05,1434,1434.170,1020311,1020261,156378,1176689,0.8071,31,1449,1049065,True
FR1,LOGISTIC,0.0011892,118.92,1377,1376.580,1026834,1026834,163753,1190587,0.8659,77,1449,1049065,True
FR1,LOGISTIC,0.0013873,138.73,1274,1273.500,1040042,1040101,176742,1216784,0.9855,11,1449,1049065,True
FR1,LOGISTIC,0.0014142,141.42,1254,1254.000,1042847,1042837,177341,1220188,1.0112,18,1449,1049065,True
FR1,LOGISTIC,0.0014813,148.13,1215,1215.000,1048488,1048483,179978,1228466,1.0638,12,1449,1049065,True
FR1,LOGISTIC,0.0015422,154.22,1188,1188.000,1052590,1052581,183213,1235803,1.1007,30,1449,1049065,True
FR1,LOGISTIC,0.0015817,158.17,1168,1168.500,1055715,1055631,184743,1240458,1.1297,19,1449,1049065,True
FR1,LOGISTIC,0.0016818,168.18,1130,1130.000,1061905,1061899,190043,1251948,1.1868,22,1449,1049065,True
FR1,LOGISTIC,0.0018035,180.35,1072,1071.500,1072021,1072084,193335,1265356,1.2779,27,1449,1049065,True
FR1,LOGISTIC,0.002,200.00,998,998.330,1086128,1086010,199600,1285728,1.4078,31,1449,1049065,True
FR1,LOGISTIC,0.005,500.00,503,502.880,1247110,1239849,251500,1498610,2.8543,169,1449,1049065,True
FR1,LOGISTIC,0.01,1000.00,334,334.140,1747496,1355076,334000,2081496,8.8828,688,1449,1049065,True
FR1,LOGISTIC,0.02,2000.00,275,274.990,1748205,1434607,550000,2298205,8.5444,890,1449,1049065,True
FR1,LOGISTIC,0.05,5000.00,253,252.910,2005191,1500309,1265000,3270191,11.74,814,1449,1049065,True
FR1,LOGISTIC,0.1,10000.00,227,227.060,2143936,1694015,2270000,4413936,13.4676,550,1449,1049065,True
FR1,LOGISTIC,0.2,20000.00,176,176.080,2632243,2471317,3520000,6152243,19.7006,245,1449,1049065,True
FR1,LOGISTIC,0.5,50000.00,46,46.500,6721090,6688165,2300000,9021090,72.7203,3,1449,1049065,True
FRB,LINEAR,0.0001,10.00,6597,6597.000,1060513,1060513,65970,1126483,0.4118,0,613,11226086,True
FRB,LINEAR,0.0002,20.00,6597,6597.000,1060513,1060513,131940,1192453,0.4118,0,613,11226086,True
FRB,LINEAR,0.0005,50.00,6596,6596.000,1060560,1060560,329800,1390360,0.4119,0,613,11226086,True
FRB,LINEAR,0.001,100.00,6578,6578.000,1062155,1062155,657800,1719955,0.4125,0,613,11226086,True
FRB,LINEAR,0.002,200.00,6086,6086.500,1143805,1143697,1217200,2361005,0.4442,3,613,11226086,True
FRB,LINEAR,0.005,500.00,4142,4142.500,1794574,1794261,2071000,3865574,0.6969,3,613,11226086,True
FRB,LINEAR,0.01,1000.00,2860,2860.000,2708101,2707976,2860000,5568101,1.0517,10,613,11226086,True
FRB,LINEAR,0.02,2000.00,1856,1856.000,4139742,4139460,3712000,7851742,1.6076,46,613,11226086,True
FRB,LINEAR,0.05,5000.00,1021,1021.000,6818210,6817581,5105000,11923210,2.6478,34,613,11226086,True
FRB,LINEAR,0.070711,7071.10,804,804.000,8106216,8104183,5685164,13791380,3.148,48,613,11226086,True
FRB,LINEAR,0.08409,8409.00,700,699.500,8908802,8911957,5886300,14795102,3.4596,27,613,11226086,True
FRB,LINEAR,0.0917,9170.00,649,649.000,9358116,9356533,5951330,15309446,3.6341,30,613,11226086,True
FRB,LINEAR,0.09576,9576.00,633,633.000,9508395,9506803,6061608,15570003,3.6925,44,613,11226086,True
FRB,LINEAR,0.097857,9785.70,620,619.750,9633918,9634883,6067134,15701052,3.7412,38,613,11226086,True
FRB,LINEAR,0.098923,9892.30,618,617.500,9653532,9656953,6113441,15766973,3.7488,33,613,11226086,True
FRB,LINEAR,0.09946,9946.00,617,617.250,9663867,9659434,6136682,15800549,3.7528,43,613,11226086,True
FRB,LINEAR,0.1,10000.00,613,613.000,9703335,9701835,6130000,15833335,3.7682,40,613,11226086,True
FRB,LINEAR,0.11892,11892.00,536,536.000,10548620,10547031,6374112,16922732,4.0964,30,613,11226086,True
FRB,LINEAR,0.12968,12968.00,503,503.080,10957699,10954819,6522904,17480603,4.2558,48,613,11226086,True
FRB,LINEAR,0.13,13000.00,503,503.250,10957777,10952831,6539000,17496777,4.2553,40,613,11226086,False
FRB,LINEAR,0.13433,13433.00,492,492.500,11103492,11094551,6609036,17712528,4.3119,55,613,11226086,True
FRB,LINEAR,0.13543,13543.00,489,489.000,11142960,11141245,6622527,17765487,4.3277,56,613,11226086,True
FRB,LINEAR,0.13656,13656.00,485,484.830,11199225,11198624,6623160,17822385,4.3491,79,613,11226086,True
FRB,LINEAR,0.1369,13690.00,482,482.500,11238781,11229771,6598580,17837361,4.3649,67,613,11226086,True
FRB,LINEAR,0.13768,13768.00,481,480.500,11253486,11257980,6622408,17875894,4.3702,67,613,11226086,True
FRB,LINEAR,0.13839,13839.00,478,478.000,11293767,11291621,6615042,17908809,4.3863,62,613,11226086,True
FRB,LINEAR,0.13881,13881.00,478,477.500,11294069,11299383,6635118,17929187,4.3859,49,613,11226086,False
FRB,LINEAR,0.14142,14142.00,472,471.750,11376510,11379132,6675024,18051534,4.4184,65,613,11226086,True
FRB,LINEAR,0.14822,14822.00,459,459.000,11565241,11563794,6803298,18368539,4.4912,56,613,11226086,True
FRB,LINEAR,0.169,16900.00,410,409.500,12338788,12346419,6929000,19267788,4.7916,17,613,11226086,True
FRB,LINEAR,0.2,20000.00,364,363.670,13180859,13185002,7280000,20460859,5.1202,43,613,11226086,True
FRB,LINEAR,0.5,50000.00,187,186.530,19080481,18638793,9350000,28430481,7.7038,173,613,11226086,True
FRB,LINEAR,5,500000.00,81,80.890,37404564,36889565,40500000,77904564,22.9265,103,613,11226086,True
FRB,LOGISTIC,0.0001,10.00,2690,2690.500,220120,220114,26900,247020,1.1246,7,613,308837,True
FRB,LOGISTIC,0.0002,20.00,1786,1785.500,232832,232841,35720,268552,1.6697,33,613,308837,True
FRB,LOGISTIC,0.0005,50.00,1032,1032.170,256759,256738,51600,308359,2.6425,63,613,308837,True
FRB,LOGISTIC,0.001,100.00,650,649.830,283606,283608,65000,348606,3.6628,71,613,308837,True
FRB,LOGISTIC,0.0010443,104.43,632,632.000,285447,285428,66000,351447,3.7317,55,613,308837,True
FRB,LOGISTIC,0.0010671,106.71,619,618.750,286829,286829,66053,352882,3.7831,63,613,308837,True
FRB,LOGISTIC,0.0010729,107.29,614,614.500,287356,287284,65876,353232,3.8046,66,613,308837,True
FRB,LOGISTIC,0.0010788,107.88,611,611.250,287691,287633,65915,353606,3.8179,64,613,308837,True
FRB,LOGISTIC,0.0010905,109.05,607,607.250,288114,288067,66193,354307,3.8315,52,613,308837,True
FRB,LOGISTIC,0.0011892,118.92,566,566.500,292776,292684,67309,360085,3.9977,53,613,308837,True
FRB,LOGISTIC,0.0013948,139.48,512,511.670,299765,299776,71414,371179,4.2421,66,613,308837,True
FRB,LOGISTIC,0.0014142,141.42,508,507.670,300323,300335,71841,372164,4.2625,63,613,308837,True
FRB,LOGISTIC,0.0015903,159.03,476,476.500,305111,304979,75698,380809,4.4447,60,613,308837,True
FRB,LOGISTIC,0.0016818,168.18,455,455.000,308635,308518,76522,385157,4.5716,102,613,308837,True
FRB,LOGISTIC,0.0016981,169.81,451,451.420,309283,309125,76584,385867,4.5863,108,613,308837,True
FRB,LOGISTIC,0.0018133,181.33,430,429.920,313010,312904,77972,390982,4.7085,88,613,308837,True
FRB,LOGISTIC,0.002,200.00,408,408.250,317197,317047,81600,398797,4.8509,80,613,308837,True
FRB,LOGISTIC,0.005,500.00,231,231.490,371817,370804,115500,487317,6.5813,167,613,308837,True
FRB,LOGISTIC,0.1,10000.00,77,76.640,768395,760502,770000,1538395,25.2207,66,613,308837,True
FRB,LOGISTIC,0.2,20000.00,32,31.830,1414224,1411808,640000,2054224,64.4783,35,613,308837,True
FRB,LOGISTIC,0.5,50000.00,1,1.000,2337348,2337348,50000,2387348,117.1574,0,613,308837,True
FRC,LINEAR,0.0001,10.00,8392,8392.000,1134820,1134820,83920,1218740,0.9503,0,723,13380443,True
FRC,LINEAR,0.0002,20.00,8392,8392.000,1134820,1134820,167840,1302660,0.9503,0,723,13380443,True
FRC,LINEAR,0.0005,50.00,8391,8391.000,1134855,1134855,419550,1554405,0.9504,0,723,13380443,True
FRC,LINEAR,0.001,100.00,8375,8375.000,1136190,1136190,837500,1973690,0.9514,0,723,13380443,True
FRC,LINEAR,0.002,200.00,7754,7754.500,1238633,1238520,1550800,2789433,1.0137,5,723,13380443,True
FRC,LINEAR,0.005,500.00,5216,5216.000,2076008,2076003,2608000,4684008,1.4052,6,723,13380443,True
FRC,LINEAR,0.01,1000.00,3510,3510.000,3287909,3287827,3510000,6797909,1.9003,18,723,13380443,True
FRC,LINEAR,0.02,2000.00,2259,2259.000,5043171,5042868,4518000,9561171,2.5128,50,723,13380443,True
FRC,LINEAR,0.05,5000.00,1167,1167.170,8506065,8503565,5835000,14341065,3.7105,58,723,13380443,True
FRC,LINEAR,0.070711,7071.10,919,919.250,9985628,9982630,6498341,16483969,3.5675,69,723,13380443,True
FRC,LINEAR,0.08409,8409.00,812,812.170,10811069,10807281,6828108,17639177,3.8624,83,723,13380443,True
FRC,LINEAR,0.0917,9170.00,762,762.150,11256015,11248610,6987540,18243555,4.0214,114,723,13380443,True
FRC,LINEAR,0.09576,9576.00,735,734.750,11508179,11504690,7038360,18546539,4.1115,107,723,13380443,True
FRC,LINEAR,0.097857,9785.70,722,721.680,11632065,11631367,7065275,18697340,4.1557,85,723,13380443,True
FRC,LINEAR,0.1,10000.00,708,708.500,11770812,11761834,7080000,18850812,4.8422,71,723,13380443,True
FRC,LINEAR,0.12721,12721.00,590,590.080,13102082,13095688,7505390,20607472,4.6809,102,723,13380443,True
FRC,LINEAR,0.13146,13146.00,570,570.500,13361622,13348533,7493220,20854842,4.7736,96,723,13380443,True
FRC,LINEAR,0.13584,13584.00,550,550.080,13629524,13622233,7471200,21100724,4.8693,96,723,13380443,True
FRC,LINEAR,0.14505,14505.00,522,522.000,14023494,14017032,7571610,21595104,5.0101,89,723,13380443,True
FRC,LINEAR,0.16538,16538.00,474,474.500,14766239,14752341,7839012,22605251,5.2754,76,723,13380443,True
FRC,LINEAR,0.2,20000.00,410,410.420,15931724,15912907,8200000,24131724,6.2671,109,723,13380443,True
FRC,LINEAR,0.5,50000.00,221,220.930,22006423,21629302,11050000,33056423,8.3491,157,723,13380443,True
FRC,LOGISTIC,0.0001,10.00,3298,3298.000,242658,242657,32980,275638,1.9778,26,723,351066,True
FRC,LOGISTIC,0.0002,20.00,2196,2196.000,258111,258108,43920,302031,2.5634,38,723,351066,True
FRC,LOGISTIC,0.0005,50.00,1208,1208.500,289104,289035,60400,349504,3.6426,108,723,351066,True
FRC,LOGISTIC,0.001,100.00,760,759.830,320726,320687,76000,396726,4.7162,99,723,351066,True
FRC,LOGISTIC,0.0010443,104.43,738,737.670,322980,322955,77069,400049,4.1381,132,723,351066,True
FRC,LOGISTIC,0.0010671,106.71,728,728.500,324050,323922,77685,401735,4.1714,128,723,351066,True
FRC,LOGISTIC,0.0010729,107.29,724,723.670,324484,324440,77678,402162,4.1853,141,723,351066,True
FRC,LOGISTIC,0.0010788,107.88,720,720.080,324922,324826,77674,402596,4.201,148,723,351066,True
FRC,LOGISTIC,0.0010905,109.05,716,715.920,325363,325277,78080,403443,4.2162,135,723,351066,True
FRC,LOGISTIC,0.0011892,118.92,671,670.750,330463,330403,79795,410258,4.3848,109,723,351066,True
FRC,LOGISTIC,0.0013948,139.48,606,605.670,338839,338783,84525,423364,4.6643,134,723,351066,True
FRC,LOGISTIC,0.0014142,141.42,598,597.750,339964,339897,84569,424533,4.6999,115,723,351066,True
FRC,LOGISTIC,0.0015903,159.03,553,553.000,346726,346596,87944,434670,4.9067,118,723,351066,True
FRC,LOGISTIC,0.0016434,164.34,536,536.170,349475,349315,88086,437561,4.9878,138,723,351066,True
FRC,LOGISTIC,0.0016705,167.05,529,528.580,350630,350570,88369,438999,5.0283,106,723,351066,True
FRC,LOGISTIC,0.0016818,168.18,524,524.080,351439,351327,88126,439565,5.6174,103,723,351066,True
FRC,LOGISTIC,0.0016981,169.81,521,520.580,351919,351918,88471,440390,5.0716,116,723,351066,True
FRC,LOGISTIC,0.0018133,181.33,497,496.670,356299,356124,90121,446420,5.2054,173,723,351066,True
FRC,LOGISTIC,0.002,200.00,468,468.000,361845,361575,93600,455445,5.3638,166,723,351066,True
FRC,LOGISTIC,0.005,500.00,267,267.250,424504,423830,133500,558004,7.5687,278,723,351066,True
FRC,LOGISTIC,0.01,1000.00,196,195.570,525200,473714,196000,721200,11.3141,379,723,351066,True
FRC,LOGISTIC,0.1,10000.00,90,90.330,924135,878547,900000,1824135,29.2127,177,723,351066,True
FRC,LOGISTIC,0.2,20000.00,35,35.330,1696122,1689128,700000,2396122,68.3788,14,723,351066,True
FRC,LOGISTIC,0.5,50000.00,3,3.000,2632268,2632268,150000,2782268,112.6265,0,723,351066,True
FRD,LINEAR,0.0001,10.00,9237,9237.000,1172884,1172884,92370,1265254,2.0182,0,678,14211130,True
FRD,LINEAR,0.0002,20.00,9237,9237.000,1172884,1172884,184740,1357624,2.0182,0,678,14211130,True
FRD,LINEAR,0.0005,50.00,9237,9237.000,1172884,1172884,461850,1634734,2.0182,0,678,14211130,True
FRD,LINEAR,0.001,100.00,9208,9208.000,1175482,1175482,920800,2096282,2.02,0,678,14211130,True
FRD,LINEAR,0.002,200.00,8203,8203.000,1337876,1337876,1640600,2978476,2.1404,0,678,14211130,True
FRD,LINEAR,0.005,500.00,5162,5161.500,2317802,2317984,2581000,4898802,2.7677,31,678,14211130,True
FRD,LINEAR,0.01,1000.00,3401,3401.000,3567803,3567655,3401000,6968803,3.4143,40,678,14211130,True
FRD,LINEAR,0.02,2000.00,2234,2234.500,5222858,5221391,4468000,9690858,4.1282,39,678,14211130,True
FRD,LINEAR,0.05,5000.00,1190,1189.830,8528818,8528781,5950000,14478818,5.2744,68,678,14211130,True
FRD,LINEAR,0.1,10000.00,733,733.250,11760389,11755913,7330000,19090389,6.6544,53,678,14211130,True
FRD,LINEAR,0.10905,10905.00,688,688.330,12215771,12209237,7502640,19718411,3.7078,60,678,14211130,True
FRD,LINEAR,0.11144,11144.00,679,678.750,12313486,12314488,7566776,19880262,3.7374,39,678,14211130,True
FRD,LINEAR,0.11388,11388.00,669,669.000,12426050,12424282,7618572,20044622,3.7716,42,678,14211130,True
FRD,LINEAR,0.11892,11892.00,653,653.000,12612012,12610142,7765476,20377488,3.828,20,678,14211130,True
FRD,LINEAR,0.14142,14142.00,563,562.670,13782004,13783473,7961946,21743950,4.1831,68,678,14211130,True
FRD,LINEAR,0.14487,14487.00,552,552.400,13942138,13930682,7996824,21938962,4.2317,107,678,14211130,True
FRD,LINEAR,0.1497,14970.00,536,535.920,14175224,14173064,8023920,22199144,4.3025,82,678,14211130,True
FRD,LINEAR,0.15218,15218.00,533,533.100,14222049,14215736,8111194,22333243,4.3167,74,678,14211130,True
FRD,LINEAR,0.15469,15469.00,524,524.370,14361701,14349835,8105756,22467457,4.3591,83,678,14211130,True
FRD,LINEAR,0.16518,16518.00,500,500.500,14746941,14732550,8259000,23005941,4.476,82,678,14211130,True
FRD,LINEAR,0.18833,18833.00,438,437.500,15833366,15840840,8248854,24082220,4.8058,35,678,14211130,True
FRD,LINEAR,0.2,20000.00,420,420.500,16204240,16191708,8400000,24604240,4.9124,27,678,14211130,True
FRD,LINEAR,0.5,50000.00,222,221.750,22363554,22282036,11100000,33463554,10.328,99,678,14211130,True
FRD,LINEAR,5,500000.00,91,91.160,43617510,43178377,45500000,89117510,34.1096,149,678,14211130,True
FRD,LOGISTIC,0.0001,10.00,3188,3187.500,282112,282113,31880,313992,3.5074,85,678,390806,True
FRD,LOGISTIC,0.0002,20.00,2138,2138.000,296904,296894,42760,339664,4.1543,94,678,390806,True
FRD,LOGISTIC,0.0005,50.00,1176,1175.580,327410,327396,58800,386210,5.1785,102,678,390806,True
FRD,LOGISTIC,0.001,100.00,757,757.460,357041,356871,75700,432741,6.1697,201,678,390806,True
FRD,LOGISTIC,0.0010905,109.05,719,718.720,360632,360565,78407,439039,3.6324,181,678,390806,True
FRD,LOGISTIC,0.0011388,113.88,696,696.450,363173,363044,79260,442433,3.7048,164,678,390806,True
FRD,LOGISTIC,0.0011637,116.37,681,681.250,364889,364792,79248,444137,3.7582,157,678,390806,True
FRD,LOGISTIC,0.00117,117.00,674,674.420,365735,365589,78858,444593,3.7836,141,678,390806,True
FRD,LOGISTIC,0.0011764,117.64,672,672.000,365971,365872,79054,445025,3.789,147,678,390806,True
FRD,LOGISTIC,0.0011892,118.92,668,668.330,366428,366307,79439,445867,3.8014,141,678,390806,True
FRD,LOGISTIC,0.0014142,141.42,596,596.500,376228,376016,84286,460514,4.0716,157,678,390806,True
FRD,LOGISTIC,0.0015128,151.28,573,573.330,379248,379053,86683,465931,4.1772,219,678,390806,True
FRD,LOGISTIC,0.0016818,168.18,531,530.580,386314,386224,89304,475618,7.1138,178,678,390806,True
FRD,LOGISTIC,0.0017249,172.49,522,522.390,387564,387234,90040,477604,4.4101,228,678,390806,True
FRD,LOGISTIC,0.0017824,178.24,507,507.490,390208,389847,90368,480576,4.4819,193,678,390806,True
FRD,LOGISTIC,0.001834,183.40,495,495.020,392817,392482,90783,483600,7.2242,197,678,390806,True
FRD,LOGISTIC,0.0018418,184.18,493,492.800,392741,392507,90801,483542,4.5588,203,678,390806,False
FRD,LOGISTIC,0.0019667,196.67,472,472.170,396603,396427,92828,489431,4.6682,127,678,390806,True
FRD,LOGISTIC,0.002,200.00,467,466.950,398015,397846,93400,491415,4.6952,156,678,390806,True
FRD,LOGISTIC,0.005,500.00,261,261.500,468616,459567,130500,599116,9.5231,230,678,390806,True
FRD,LOGISTIC,0.1,10000.00,90,89.730,872114,867106,900000,1772114,32.9928,148,678,390806,True
FRD,LOGISTIC,0.2,20000.00,48,48.000,1485269,1485269,960000,2445269,84.9388,0,678,390806,True
FRD,LOGISTIC,0.5,50000.00,2,2.000,2813958,2813958,100000,2913958,119.6353,0,678,390806,True
FRE,LINEAR,0.0001,10.00,10944,10944.000,603819,603819,109440,713259,0.898,0,1333,17445791,True
FRE,LINEAR,0.0002,20.00,10942,10942.000,603846,603846,218840,822686,0.8982,0,1333,17445791,True
FRE,LINEAR,0.0005,50.00,10938,10938.000,603986,603986,546900,1150886,0.8984,0,1333,17445791,True
FRE,LINEAR,0.001,100.00,10916,10916.000,605945,605945,1091600,1697545,0.9007,0,1333,17445791,True
FRE,LINEAR,0.002,200.00,10053,10053.000,745627,745627,2010600,2756227,0.9855,0,1333,17445791,True
FRE,LINEAR,0.005,500.00,7146,7145.500,1705591,1705832,3573000,5278591,1.3894,5,1333,17445791,True
FRE,LINEAR,0.01,1000.00,5162,5162.500,3132849,3132235,5162000,8294849,1.8387,13,1333,17445791,True
FRE,LINEAR,0.02,2000.00,3558,3558.000,5416188,5416082,7116000,12532188,2.383,22,1333,17445791,True
FRE,LINEAR,0.05,5000.00,1994,1994.000,10418434,10417940,9970000,20388434,3.4163,38,1333,17445791,True
FRE,LINEAR,0.070711,7071.10,1578,1577.750,12895286,12894691,11158196,24053482,2.1549,81,1333,17445791,True
FRE,LINEAR,0.08409,8409.00,1402,1401.920,14250955,14248210,11789418,26040373,2.3814,117,1333,17445791,True
FRE,LINEAR,0.087813,8781.30,1349,1348.580,14707956,14706183,11845974,26553930,2.4578,142,1333,17445791,True
FRE,LINEAR,0.088769,8876.90,1337,1336.920,14814312,14809193,11868415,26682727,2.4756,137,1333,17445791,True
FRE,LINEAR,0.089251,8925.10,1332,1331.920,14859865,14853674,11888233,26748098,2.4832,136,1333,17445791,True
FRE,LINEAR,0.089735,8973.50,1324,1324.080,14932070,14923799,11880914,26812984,2.4953,137,1333,17445791,True
FRE,LINEAR,0.0917,9170.00,1303,1303.000,15121481,15115248,11948510,27069991,2.5269,111,1333,17445791,True
FRE,LINEAR,0.1,10000.00,1222,1221.500,15909695,15909857,12220000,28129695,2.6579,85,1333,17445791,True
FRE,LINEAR,0.10905,10905.00,1139,1138.630,16781408,16773673,12420795,29202203,4.5036,157,1333,17445791,True
FRE,LINEAR,0.11388,11388.00,1097,1097.170,17246013,17236734,12492636,29738649,4.5938,132,1333,17445791,True
FRE,LINEAR,0.11603,11603.00,1084,1083.540,17383504,17378849,12577652,29961156,2.9049,186,1333,17445791,True
FRE,LINEAR,0.11637,11637.00,1082,1081.630,17422416,17415760,12591234,30013650,4.5999,186,1333,17445791,True
FRE,LINEAR,0.11698,11698.00,1077,1076.960,17466898,17455544,12598746,30065644,2.9188,172,1333,17445791,True
FRE,LINEAR,0.11794,11794.00,1071,1070.750,17536870,17528553,12631374,30168244,2.9305,166,1333,17445791,True
FRE,LINEAR,0.11892,11892.00,1059,1059.250,17695331,17679494,12593628,30288959,4.6478,169,1333,17445791,True
FRE,LINEAR,0.11989,11989.00,1056,1056.000,17712805,17703696,12660384,30373189,2.9599,165,1333,17445791,True
FRE,LINEAR,0.12389,12389.00,1032,1032.500,18009927,17990999,12785448,30795375,3.0096,177,1333,17445791,True
FRE,LINEAR,0.13229,13229.00,981,981.170,18656804,18648074,12977649,31634453,3.1177,112,1333,17445791,True
FRE,LINEAR,0.14142,14142.00,922,922.500,19474025,19463335,13038924,32512949,4.9595,86,1333,17445791,True
FRE,LINEAR,0.15083,15083.00,877,876.680,20116167,20118180,13227791,33343958,3.3616,60,1333,17445791,True
FRE,LINEAR,0.2,20000.00,704,704.330,23119898,23100369,14080000,37199898,5.5623,117,1333,17445791,True
FRE,LINEAR,0.5,50000.00,361,360.750,40550012,33502431,18050000,58600012,9.3873,636,1333,17445791,True
FRE,LOGISTIC,0.0001,10.00,4760,4760.500,483707,483702,47600,531307,1.9385,11,1333,618639,True
FRE,LOGISTIC,0.0002,20.00,3318,3317.920,504302,504293,66360,570662,2.4775,97,1333,618639,True
FRE,LOGISTIC,0.0005,50.00,1886,1886.070,550277,550247,94300,644577,3.4589,98,1333,618639,True
FRE,LOGISTIC,0.00070711,70.71,1523,1522.670,571669,571626,107693,679362,2.2361,125,1333,618639,True
FRE,LOGISTIC,0.0008409,84.09,1357,1356.900,584490,584426,114110,698600,2.461,137,1333,618639,True
FRE,LOGISTIC,0.00085931,85.93,1339,1339.000,586011,585948,115062,701073,2.4877,126,1333,618639,True
FRE,LOGISTIC,0.00086398,86.40,1326,1326.330,587134,587039,114564,701698,2.5082,143,1333,618639,True
FRE,LOGISTIC,0.00086867,86.87,1323,1322.830,587387,587342,114925,702312,2.5126,119,1333,618639,True
FRE,LOGISTIC,0.00087813,87.81,1316,1315.750,587982,587960,115562,703544,2.5226,126,1333,618639,True
FRE,LOGISTIC,0.000917,91.70,1280,1280.170,591209,591163,117376,708585,2.5804,78,1333,618639,True
FRE,LOGISTIC,0.001,100.00,1200,1199.580,599276,599222,120000,719276,2.711,175,1333,618639,True
FRE,LOGISTIC,0.001,100.00,1200,1199.580,599276,599222,120000,719276,2.711,175,1333,618639,True
FRE,LOGISTIC,0.0011171,111.71,1113,1113.170,608168,608029,124333,732501,2.8705,174,1333,618639,True
FRE,LOGISTIC,0.0011892,118.92,1054,1054.290,615326,615153,125342,740668,4.5447,221,1333,618639,True
FRE,LOGISTIC,0.0011928,119.28,1048,1047.790,615694,615567,125005,740699,3.0033,250,1333,618639,True
FRE,LOGISTIC,0.0012326,123.26,1018,1017.710,619641,619213,125479,745120,3.066,344,1333,618639,True
FRE,LOGISTIC,0.0012419,124.19,1007,1006.720,621238,620932,125059,746297,4.6974,323,1333,618639,True
FRE,LOGISTIC,0.0012737,127.37,992,991.770,622702,622452,126351,749053,3.117,290,1333,618639,True
FRE,LOGISTIC,0.0012968,129.68,980,980.500,624658,624257,127086,751744,4.7624,272,1333,618639,True
FRE,LOGISTIC,0.0014142,141.42,908,908.400,634360,634037,128409,762769,4.8982,214,1333,618639,True
FRE,LOGISTIC,0.0014522,145.22,894,894.380,635927,635684,129827,765754,3.3415,203,1333,618639,True
FRE,LOGISTIC,0.002,200.00,715,715.060,668690,666719,143000,811690,5.4164,306,1333,618639,True
FRE,LOGISTIC,0.005,500.00,400,399.770,844229,761127,200000,1044229,9.9393,544,1333,618639,True
FRE,LOGISTIC,0.1,10000.00,190,190.200,1666393,1321293,1900000,3566393,32.8635,512,1333,618639,True
FRE,LOGISTIC,0.2,20000.00,115,115.140,2432184,2422625,2300000,4732184,51.4541,54,1333,618639,True
FRE,LOGISTIC,0.5,50000.00,6,6.000,5633042,5633042,300000,5933042,114.1394,0,1333,618639,True
FRF,LINEAR,0.0001,10.00,11503,11503.000,776963,776963,115030,891993,1.4407,0,1167,21408155,True
FRF,LINEAR,0.0002,20.00,11501,11501.000,777000,777000,230020,1007020,1.4408,0,1167,21408155,True
FRF,LINEAR,0.0005,50.00,11497,11497.000,777144,777144,574850,1351994,1.4419,0,1167,21408155,True
FRF,LINEAR,0.001,100.00,11488,11488.000,777930,777930,1148800,1926730,1.4422,0,1167,21408155,True
FRF,LINEAR,0.002,200.00,10796,10796.000,891811,891811,2159200,3051011,1.5131,0,1167,21408155,True
FRF,LINEAR,0.005,500.00,8024,8024.000,1821747,1821739,4012000,5833747,1.928,6,1167,21408155,True
FRF,LINEAR,0.01,1000.00,5756,5755.750,3439194,3439403,5756000,9195194,2.4533,22,1167,21408155,True
FRF,LINEAR,0.02,2000.00,3828,3827.500,6182260,6182898,7656000,13838260,3.1396,53,1167,21408155,True
FRF,LINEAR,0.05,5000.00,2049,2049.000,11866945,11866373,10245000,22111945,4.4532,24,1167,21408155,True
FRF,LINEAR,0.1,10000.00,1232,1232.400,17618195,17612478,12320000,29938195,5.5925,73,1167,21408155,True
FRF,LINEAR,0.10443,10443.00,1191,1191.250,18028187,18024173,12437613,30465800,3.2426,55,1167,21408155,True
FRF,LINEAR,0.10671,10671.00,1171,1171.000,18238571,18237725,12495741,30734312,3.2805,53,1167,21408155,True
FRF,LINEAR,0.10729,10729.00,1166,1166.500,18292367,18285881,12510014,30802381,3.2901,39,1167,21408155,True
FRF,LINEAR,0.10788,10788.00,1163,1163.330,18324642,18319882,12546444,30871086,3.2959,37,1167,21408155,True
FRF,LINEAR,0.10905,10905.00,1155,1154.630,18411254,18414258,12595275,31006529,3.3115,45,1167,21408155,True
FRF,LINEAR,0.11892,11892.00,1088,1088.330,19176999,19171546,12938496,32115495,3.4493,49,1167,21408155,True
FRF,LINEAR,0.13948,13948.00,960,960.500,20826377,20817288,13390080,34216457,3.7459,25,1167,21408155,True
FRF,LINEAR,0.14142,14142.00,947,947.000,21009565,21006828,13392474,34402039,3.7789,38,1167,21408155,True
FRF,LINEAR,0.14413,14413.00,932,931.500,21223746,21228221,13432916,34656662,3.8174,43,1167,21408155,True
FRF,LINEAR,0.14651,14651.00,924,924.000,21339898,21337234,13537524,34877422,3.8383,44,1167,21408155,True
FRF,LINEAR,0.14772,14772.00,922,921.500,21369812,21374014,13619784,34989596,3.8437,39,1167,21408155,True
FRF,LINEAR,0.14894,14894.00,910,910.500,21547355,21537152,13553540,35100895,3.8756,37,1167,21408155,True
FRF,LINEAR,0.15903,15903.00,867,867.000,22208478,22205765,13787901,35996379,3.9945,42,1167,21408155,True
FRF,LINEAR,0.18133,18133.00,766,765.920,23922589,23921770,13889878,37812467,4.3028,67,1167,21408155,True
FRF,LINEAR,0.2,20000.00,707,706.830,25048083,25046232,14140000,39188083,4.5038,84,1167,21408155,True
FRF,LINEAR,0.5,50000.00,364,364.090,38834812,35501432,18200000,57034812,9.7924,294,1167,21408155,True
FRF,LOGISTIC,0.0001,10.00,5380,5380.500,454429,454422,53800,508229,2.5562,33,1167,636018,True
FRF,LOGISTIC,0.0002,20.00,3625,3624.830,479200,479201,72500,551700,3.244,19,1167,636018,True
FRF,LOGISTIC,0.0005,50.00,2028,2027.500,529979,529986,101400,631379,4.3788,68,1167,636018,True
FRF,LOGISTIC,0.001,100.00,1247,1246.670,584868,584829,124700,709568,5.4452,102,1167,636018,True
FRF,LOGISTIC,0.0010905,109.05,1189,1189.080,590780,590661,129660,720440,3.2708,142,1167,636018,True
FRF,LOGISTIC,0.0011144,111.44,1170,1169.920,592875,592774,130385,723260,3.3069,135,1167,636018,True
FRF,LOGISTIC,0.0011204,112.04,1168,1167.920,593087,592997,130863,723950,3.311,123,1167,636018,True
FRF,LOGISTIC,0.0011265,112.65,1161,1160.920,593871,593783,130787,724658,3.3254,113,1167,636018,True
FRF,LOGISTIC,0.0011388,113.88,1155,1155.330,594532,594415,131531,726063,3.339,102,1167,636018,True
FRF,LOGISTIC,0.0011892,118.92,1112,1111.580,599605,599503,132239,731844,3.4307,134,1167,636018,True
FRF,LOGISTIC,0.0014142,141.42,990,990.080,615773,615570,140006,755779,3.7071,164,1167,636018,True
FRF,LOGISTIC,0.0014566,145.66,970,969.870,618419,618275,141290,759709,3.7572,158,1167,636018,True
FRF,LOGISTIC,0.0016607,166.07,876,876.500,632969,632764,145477,778446,4.0078,89,1167,636018,True
FRF,LOGISTIC,0.0016818,168.18,864,864.500,635182,634968,145308,780490,6.3489,123,1167,636018,True
FRF,LOGISTIC,0.0017161,171.61,852,852.500,637021,636807,146212,783233,4.0787,115,1167,636018,True
FRF,LOGISTIC,0.0017733,177.33,836,836.000,639822,639685,148248,788070,4.126,100,1167,636018,True
FRF,LOGISTIC,0.0018935,189.35,803,802.800,645863,645774,152048,797911,4.2268,119,1167,636018,True
FRF,LOGISTIC,0.002,200.00,771,770.670,652253,652211,154200,806453,4.3279,113,1167,636018,True
FRF,LOGISTIC,0.005,500.00,424,424.010,768505,757512,212000,980505,8.4913,230,1167,636018,True
FRF,LOGISTIC,0.01,1000.00,306,305.820,1023072,839294,306000,1329072,14.4443,569,1167,636018,True
FRF,LOGISTIC,0.1,10000.00,160,160.250,1466292,1376976,1600000,3066292,25.934,322,1167,636018,True
FRF,LOGISTIC,0.2,20000.00,93,93.130,2379916,2363042,1860000,4239916,50.7554,59,1167,636018,True
FRF,LOGISTIC,0.5,50000.00,8,8.000,5097400,5097400,400000,5497400,113.1254,0,1167,636018,True
FRG,LINEAR,0.0001,10.00,8662,8662.000,1385771,1385771,86620,1472391,1.3275,0,850,15248261,True
FRG,LINEAR,0.0002,20.00,8662,8662.000,1385771,1385771,173240,1559011,1.3275,0,850,15248261,True
FRG,LINEAR,0.0005,50.00,8661,8661.000,1385803,1385803,433050,1818853,1.3275,0,850,15248261,True
FRG,LINEAR,0.001,100.00,8647,8647.000,1387030,1387030,864700,2251730,1.3282,0,850,15248261,True
FRG,LINEAR,0.002,200.00,8013,8013.000,1490339,1490339,1602600,3092939,1.3848,0,850,15248261,True
FRG,LINEAR,0.005,500.00,5554,5554.000,2303833,2303808,2777000,5080833,1.8016,16,850,15248261,True
FRG,LINEAR,0.01,1000.00,3872,3872.000,3503188,3503122,3872000,7375188,2.2927,16,850,15248261,True
FRG,LINEAR,0.02,2000.00,2623,2623.000,5272881,5272635,5246000,10518881,2.9075,18,850,15248261,True
FRG,LINEAR,0.05,5000.00,1428,1428.500,9051833,9048845,7140000,16191833,4.0143,17,850,15248261,True
FRG,LINEAR,0.1,10000.00,909,909.000,12697576,12697323,9090000,21787576,4.8689,20,850,15248261,True
FRG,LINEAR,0.10443,10443.00,864,864.500,12957022,12951142,9022752,21979774,3.3785,21,850,15248261,True
FRG,LINEAR,0.10671,10671.00,850,850.500,13105178,13098637,9070350,22175528,3.4172,35,850,15248261,True
FRG,LINEAR,0.10905,10905.00,839,839.330,13223900,13219153,9149295,22373195,3.4481,35,850,15248261,True
FRG,LINEAR,0.11892,11892.00,786,785.730,13828321,13829740,9347112,23175433,3.6057,63,850,15248261,True
FRG,LINEAR,0.13873,13873.00,690,689.500,15065001,15068559,9572370,24637371,3.9282,60,850,15248261,True
FRG,LINEAR,0.14102,14102.00,680,680.250,15203769,15197558,9589360,24793129,3.9644,53,850,15248261,True
FRG,LINEAR,0.14142,14142.00,679,679.250,15217882,15211672,9602418,24820300,3.968,53,850,15248261,True
FRG,LINEAR,0.14218,14218.00,676,675.750,15260677,15261227,9611368,24872045,3.9792,62,850,15248261,True
FRG,LINEAR,0.14335,14335.00,672,672.250,15316813,15311092,9633120,24949933,3.9938,49,850,15248261,True
FRG,LINEAR,0.14813,14813.00,651,651.000,15622147,15620790,9643263,25265410,4.0734,39,850,15248261,True
FRG,LINEAR,0.15817,15817.00,620,619.920,16096933,16095223,9806540,25903473,4.1972,56,850,15248261,True
FRG,LINEAR,0.18035,18035.00,566,565.500,17010991,17014190,10207810,27218801,4.4356,74,850,15248261,True
FRG,LINEAR,0.2,20000.00,522,521.560,18125183,18128945,10440000,28565183,4.6772,64,850,15248261,True
FRG,LINEAR,0.5,50000.00,264,263.850,26200501,26112239,13200000,39400501,8.0072,181,850,15248261,True
FRG,LOGISTIC,0.0001,10.00,3612,3612.500,323187,323181,36120,359307,2.3939,11,850,439679,True
FRG,LOGISTIC,0.0002,20.00,2469,2469.000,339464,339463,49380,388844,2.9781,18,850,439679,True
FRG,LOGISTIC,0.0005,50.00,1420,1420.420,372363,372331,71000,443363,3.9836,67,850,439679,True
FRG,LOGISTIC,0.001,100.00,922,921.830,407483,407486,92200,499683,4.7997,52,850,439679,True
FRG,LOGISTIC,0.0010905,109.05,856,856.170,411507,411480,93347,504854,3.421,43,850,439679,True
FRG,LOGISTIC,0.0011024,110.24,851,850.830,412064,412066,93814,505878,3.4348,41,850,439679,True
FRG,LOGISTIC,0.0011144,111.44,844,844.370,412849,412783,94055,506904,3.4548,80,850,439679,True
FRG,LOGISTIC,0.0011388,113.88,836,835.780,413749,413751,95204,508953,3.4796,82,850,439679,True
FRG,LOGISTIC,0.0011892,118.92,809,808.750,416874,416890,96206,513080,3.5614,48,850,439679,True
FRG,LOGISTIC,0.0014142,141.42,729,728.900,430731,430586,103095,533826,3.8771,169,850,439679,True
FRG,LOGISTIC,0.0014331,143.31,707,706.670,430298,430166,101320,531618,3.8983,167,850,439679,False
FRG,LOGISTIC,0.0015302,153.02,671,671.170,435566,435419,102676,538242,4.0316,148,850,439679,True
FRG,LOGISTIC,0.0015813,158.13,656,656.170,437890,437755,103733,541623,4.0916,123,850,439679,True
FRG,LOGISTIC,0.0016074,160.74,648,648.290,439172,439012,104160,543332,4.1213,114,850,439679,True
FRG,LOGISTIC,0.001634,163.40,639,638.670,440607,440569,104413,545020,4.1567,84,850,439679,False
FRG,LOGISTIC,0.0016818,168.18,642,641.830,444006,443966,107972,551978,5.6288,70,850,439679,True
FRG,LOGISTIC,0.0017563,175.63,622,622.230,447466,447332,109242,556708,5.7031,137,850,439679,True
FRG,LOGISTIC,0.001834,183.40,600,600.250,451493,451272,110040,561533,5.7787,125,850,439679,True
FRG,LOGISTIC,0.001863,186.30,578,578.300,451431,451165,107681,559112,4.4173,137,850,439679,False
FRG,LOGISTIC,0.002,200.00,565,564.620,458184,458085,113000,571184,4.5332,94,850,439679,True
FRG,LOGISTIC,0.005,500.00,310,309.670,547223,538505,155000,702223,7.5937,254,850,439679,True
FRG,LOGISTIC,0.2,20000.00,64,64.170,1823056,1802802,1280000,3103056,54.0402,76,850,439679,True
FRG,LOGISTIC,0.5,50000.00,6,6.000,3434469,3434469,300000,3734469,109.4598,0,850,439679,True
FRH,LINEAR,0.0001,10.00,8928,8928.000,1473946,1473946,89280,1563226,2.7331,0,792,14352220,True
FRH,LINEAR,0.0002,20.00,8928,8928.000,1473946,1473946,178560,1652506,2.7331,0,792,14352220,True
FRH,LINEAR,0.0005,50.00,8926,8926.000,1474025,1474025,446300,1920325,2.7331,0,792,14352220,True
FRH,LINEAR,0.001,100.00,8906,8906.000,1475821,1475821,890600,2366421,2.7374,0,792,14352220,True
FRH,LINEAR,0.002,200.00,8044,8044.500,1616732,1616627,1608800,3225532,2.853,3,792,14352220,True
FRH,LINEAR,0.005,500.00,5254,5254.500,2535132,2534862,2627000,5162132,3.4416,7,792,14352220,True
FRH,LINEAR,0.01,1000.00,3584,3583.500,3715851,3716287,3584000,7299851,4.1059,9,792,14352220,True
FRH,LINEAR,0.02,2000.00,2346,2346.000,5459626,5459518,4692000,10151626,4.8694,12,792,14352220,True
FRH,LINEAR,0.05,5000.00,1293,1293.000,8833578,8833309,6465000,15298578,5.9029,8,792,14352220,True
FRH,LINEAR,0.070711,7071.10,996,995.830,10418029,10417713,7042816,17460845,3.1209,66,792,14352220,True
FRH,LINEAR,0.08409,8409.00,882,882.000,11298109,11295756,7416738,18714847,3.3845,50,792,14352220,True
FRH,LINEAR,0.0917,9170.00,830,829.500,11753941,11756663,7611100,19365041,3.521,53,792,14352220,True
FRH,LINEAR,0.09576,9576.00,811,811.000,11931251,11930169,7766136,19697387,3.5742,24,792,14352220,True
FRH,LINEAR,0.097857,9785.70,796,796.000,12076429,12075319,7789417,19865846,3.6176,26,792,14352220,True
FRH,LINEAR,0.098389,9838.90,795,795.000,12086194,12085157,7821926,19908120,3.6206,20,792,14352220,True
FRH,LINEAR,0.098923,9892.30,789,789.000,12145418,12144269,7805025,19950443,3.6383,24,792,14352220,True
FRH,LINEAR,0.1,10000.00,782,782.500,12408068,12402385,7820000,20228068,7.0148,11,792,14352220,True
FRH,LINEAR,0.1286,12860.00,657,656.500,13628333,13633078,8449020,22077353,4.0825,28,792,14352220,True
FRH,LINEAR,0.13732,13732.00,626,625.500,14038713,14044193,8596232,22634945,4.2055,40,792,14352220,True
FRH,LINEAR,0.1419,14190.00,610,609.500,14260776,14266905,8655900,22916676,4.272,22,792,14352220,True
FRH,LINEAR,0.14424,14424.00,602,602.000,14375155,14374243,8683248,23058403,4.3063,17,792,14352220,True
FRH,LINEAR,0.14663,14663.00,594,593.500,14491673,14498086,8709822,23201495,4.3412,43,792,14352220,True
FRH,LINEAR,0.16718,16718.00,526,526.000,15551587,15550826,8793668,24345255,4.6587,36,792,14352220,True
FRH,LINEAR,0.2,20000.00,460,459.500,16920991,16929337,9200000,26120991,8.4045,33,792,14352220,True
FRH,LINEAR,0.5,50000.00,239,239.000,23909303,23719011,11950000,35859303,10.6558,181,792,14352220,True
FRH,LOGISTIC,0.0001,10.00,3350,3350.500,288069,288063,33500,321569,4.1321,25,792,393105,True
FRH,LOGISTIC,0.0002,20.00,2234,2234.500,303816,303803,44680,348496,4.8659,39,792,393105,True
FRH,LOGISTIC,0.0005,50.00,1282,1281.830,334379,334379,64100,398479,5.8211,21,792,393105,True
FRH,LOGISTIC,0.001,100.00,809,808.790,367616,367593,80900,448516,6.8068,106,792,393105,True
FRH,LOGISTIC,0.0010219,102.19,792,792.330,365614,365551,80934,446548,3.6574,88,792,393105,False
FRH,LOGISTIC,0.0010443,104.43,778,778.330,367071,367001,81247,448318,3.6988,87,792,393105,False
FRH,LOGISTIC,0.0010905,109.05,755,754.670,369518,369534,82333,451851,3.7687,60,792,393105,True
FRH,LOGISTIC,0.0011892,118.92,725,724.830,372917,372925,86217,459134,3.8614,43,792,393105,True
FRH,LOGISTIC,0.0013285,132.85,675,675.170,379238,379191,89674,468912,4.045,68,792,393105,True
FRH,LOGISTIC,0.0014142,141.42,656,656.250,385809,385713,92772,478581,4.1255,90,792,393105,True
FRH,LOGISTIC,0.0015147,151.47,620,619.750,387172,387081,93911,481083,4.2612,116,792,393105,True
FRH,LOGISTIC,0.0016174,161.74,586,586.500,392440,392274,94780,487220,4.4127,81,792,393105,True
FRH,LOGISTIC,0.0016818,168.18,570,569.750,399086,399025,95863,494949,7.4811,102,792,393105,True
FRH,LOGISTIC,0.001727,172.70,561,560.670,396627,396581,96885,493512,4.5263,77,792,393105,False
FRH,LOGISTIC,0.002,200.00,492,492.500,413533,413265,98400,511933,4.8709,109,792,393105,True
FRH,LOGISTIC,0.005,500.00,281,281.420,483924,480211,140500,624424,9.4346,193,792,393105,True
FRH,LOGISTIC,0.1,10000.00,105,104.880,930673,867230,1050000,1980673,29.3316,204,792,393105,True
FRH,LOGISTIC,0.2,20000.00,55,54.500,1612503,1618255,1100000,2712503,72.9164,23,792,393105,True
FRH,LOGISTIC,0.5,50000.00,3,3.000,3162703,3162703,150000,3312703,119.7493,0,792,393105,True
FRI,LINEAR,0.0001,10.00,17133,17133.000,3235281,3235281,171330,3406611,0.5349,0,1583,26839141,True
FRI,LINEAR,0.0002,20.00,17131,17131.000,3235315,3235315,342620,3577935,0.5349,0,1583,26839141,True
FRI,LINEAR,0.0005,50.00,17129,17129.000,3235383,3235383,856450,4091833,0.5349,0,1583,26839141,True
FRI,LINEAR,0.001,100.00,17086,17086.000,3239126,3239126,1708600,4947726,0.5355,0,1583,26839141,True
FRI,LINEAR,0.002,200.00,15558,15557.500,3489395,3489490,3111600,6600995,0.5769,3,1583,26839141,True
FRI,LINEAR,0.005,500.00,10178,10178.500,5256007,5255651,5089000,10345007,0.869,37,1583,26839141,True
FRI,LINEAR,0.01,1000.00,6827,6826.670,7629659,7629310,6827000,14456659,1.2614,102,1583,26839141,True
FRI,LINEAR,0.02,2000.00,4497,4496.830,10913658,10913383,8994000,19907658,1.8043,60,1583,26839141,True
FRI,LINEAR,0.05,5000.00,2425,2425.330,17459771,17454996,12125000,29584771,2.8865,109,1583,26839141,True
FRI,LINEAR,0.070711,7071.10,1871,1871.330,20753253,20745590,13230028,33983281,3.431,161,1583,26839141,True
FRI,LINEAR,0.08409,8409.00,1644,1644.240,22506358,22491935,13824396,36330754,3.7209,221,1583,26839141,True
FRI,LINEAR,0.087813,8781.30,1592,1591.830,22958121,22943382,13979830,36937951,3.7956,292,1583,26839141,True
FRI,LINEAR,0.088289,8828.90,1582,1582.070,23045478,23029391,13967320,37012798,3.81,271,1583,26839141,True
FRI,LINEAR,0.088769,8876.90,1575,1575.170,23106369,23090478,13981118,37087486,3.8201,282,1583,26839141,True
FRI,LINEAR,0.089735,8973.50,1565,1564.600,23193688,23184755,14043528,37237216,3.8345,224,1583,26839141,True
FRI,LINEAR,0.0917,9170.00,1540,1539.870,23421913,23409448,14121800,37543713,3.8722,254,1583,26839141,True
FRI,LINEAR,0.1,10000.00,1452,1451.820,24259085,24254081,14520000,38779085,4.0106,177,1583,26839141,True
FRI,LINEAR,0.11892,11892.00,1252,1252.080,26446666,26434865,14888784,41335450,4.3723,146,1583,26839141,True
FRI,LINEAR,0.12419,12419.00,1216,1215.950,26879052,26874701,15101504,41980556,4.4438,147,1583,26839141,True
FRI,LINEAR,0.12968,12968.00,1176,1176.180,27388155,27378697,15250368,42638523,4.528,142,1583,26839141,True
FRI,LINEAR,0.14142,14142.00,1105,1104.670,28350311,28347362,15626910,43977221,4.687,123,1583,26839141,True
FRI,LINEAR,0.2,20000.00,850,849.670,32673618,32634261,17000000,49673618,5.4018,168,1583,26839141,True
FRI,LOGISTIC,0.0001,10.00,6412,6411.830,528455,528449,64120,592575,1.3371,118,1583,728008,True
FRI,LOGISTIC,0.0002,20.00,4330,4330.170,558039,558021,86600,644639,1.8691,153,1583,728008,True
FRI,LOGISTIC,0.0005,50.00,2469,2468.830,616896,616806,123450,740346,2.872,259,1583,728008,True
FRI,LOGISTIC,0.00070711,70.71,1918,1917.960,649603,649393,135624,785227,3.407,390,1583,728008,True
FRI,LOGISTIC,0.0008409,84.09,1720,1719.580,664967,664739,144635,809602,3.6483,401,1583,728008,True
FRI,LOGISTIC,0.000917,91.70,1613,1612.970,674336,674098,147912,822248,3.7974,351,1583,728008,True
FRI,LOGISTIC,0.00093708,93.71,1581,1581.120,677330,677051,148152,825482,3.8428,355,1583,728008,True
FRI,LOGISTIC,0.0009576,95.76,1557,1556.860,679651,679349,149098,828749,3.8788,376,1583,728008,True
FRI,LOGISTIC,0.001,100.00,1518,1517.840,683515,683166,151800,835315,3.9367,415,1583,728008,True
FRI,LOGISTIC,0.0014142,141.42,1199,1198.870,721501,721106,169563,891064,4.5237,337,1583,728008,True
FRI,LOGISTIC,0.0014768,147.68,1161,1160.910,727111,726599,171456,898567,4.6077,320,1583,728008,True
FRI,LOGISTIC,0.0015422,154.22,1125,1124.570,732613,732074,173498,906110,4.6902,355,1583,728008,True
FRI,LOGISTIC,0.0016818,168.18,1065,1064.830,742502,741693,179112,921614,4.836,349,1583,728008,True
FRI,LOGISTIC,0.002,200.00,954,953.970,762816,762077,190800,953616,5.1343,303,1583,728008,True
FRI,LOGISTIC,0.005,500.00,558,558.350,955897,883045,279000,1234897,8.2114,620,1583,728008,True
FRJ,LINEAR,0.0001,10.00,12195,12195.000,2628033,2628033,121950,2749983,0.6627,0,1424,23466796,True
FRJ,LINEAR,0.0002,20.00,12194,12194.000,2628049,2628049,243880,2871929,0.6627,0,1424,23466796,True
FRJ,LINEAR,0.0005,50.00,12189,12189.000,2628187,2628187,609450,3237637,0.6627,0,1424,23466796,True
FRJ,LINEAR,0.001,100.00,12174,12174.000,2629399,2629399,1217400,3846799,0.6629,0,1424,23466796,True
FRJ,LINEAR,0.002,200.00,11426,11426.000,2752103,2752103,2285200,5037303,0.6912,0,1424,23466796,True
FRJ,LINEAR,0.005,500.00,8274,8274.000,3800760,3800743,4137000,7937760,0.9003,12,1424,23466796,True
FRJ,LINEAR,0.01,1000.00,5979,5979.000,5437287,5437128,5979000,11416287,1.2062,20,1424,23466796,True
FRJ,LINEAR,0.02,2000.00,4100,4099.500,8099287,8100109,8200000,16299287,1.662,29,1424,23466796,True
FRJ,LINEAR,0.05,5000.00,2311,2310.920,13734850,13733668,11555000,25289850,2.6142,71,1424,23466796,True
FRJ,LINEAR,0.070711,7071.10,1800,1800.120,16768387,16766480,12727980,29496367,2.79,42,1424,23466796,True
FRJ,LINEAR,0.08409,8409.00,1598,1598.480,18334984,18328433,13437582,31772566,3.0507,77,1424,23466796,True
FRJ,LINEAR,0.0917,9170.00,1494,1494.170,19248162,19241737,13699980,32948142,3.2026,89,1424,23466796,True
FRJ,LINEAR,0.09576,9576.00,1431,1430.830,19838527,19837146,13703256,33541783,3.3009,80,1424,23466796,True
FRJ,LINEAR,0.09628,9628.00,1424,1423.500,19904964,19907587,13710272,33615236,3.3119,55,1424,23466796,True
FRJ,LINEAR,0.096803,9680.30,1417,1417.000,19971933,19970305,13716985,33688918,3.3231,50,1424,23466796,True
FRJ,LINEAR,0.097857,9785.70,1405,1405.000,20088882,20086873,13748909,33837790,3.3425,56,1424,23466796,True
FRJ,LINEAR,0.1,10000.00,1383,1383.000,20312642,20310198,13830000,34142642,3.6889,56,1424,23466796,True
FRJ,LINEAR,0.12516,12516.00,1164,1164.000,22754867,22752923,14568624,37323491,3.7861,26,1424,23466796,True
FRJ,LINEAR,0.13365,13365.00,1117,1116.750,23363767,23364067,14928705,38292472,3.8874,42,1424,23466796,True
FRJ,LINEAR,0.13586,13586.00,1108,1107.750,23485277,23485263,15053288,38538565,3.9076,40,1424,23466796,True
FRJ,LINEAR,0.13811,13811.00,1101,1100.750,23581456,23581034,15205911,38787367,3.9236,48,1424,23466796,True
FRJ,LINEAR,0.14271,14271.00,1062,1061.750,24130863,24128407,15155802,39286665,4.015,79,1424,23466796,True
FRJ,LINEAR,0.16271,16271.00,967,967.000,25582816,25577662,15734057,41316873,4.2566,65,1424,23466796,True
FRJ,LINEAR,0.2,20000.00,823,823.000,28204375,28189266,16460000,44664375,4.9697,96,1424,23466796,True
FRJ,LINEAR,0.5,50000.00,428,428.420,41826106,40260608,21400000,63226106,7.4357,212,1424,23466796,True
FRJ,LOGISTIC,0.0001,10.00,5692,5692.500,506989,506983,56920,563909,1.2624,32,1424,694425,True
FRJ,LOGISTIC,0.0002,20.00,3968,3967.670,531549,531550,79360,610909,1.709,60,1424,694425,True
FRJ,LOGISTIC,0.0005,50.00,2308,2307.830,584002,583980,115400,699402,2.6298,137,1424,694425,True
FRJ,LOGISTIC,0.001,100.00,1432,1432.160,646114,645906,143200,789314,3.6412,235,1424,694425,True
FRJ,LOGISTIC,0.0010109,101.09,1425,1424.670,646650,646523,144053,790703,3.3483,216,1424,694425,True
FRJ,LOGISTIC,0.0010219,102.19,1414,1414.000,647716,647607,144497,792213,3.3644,156,1424,694425,True
FRJ,LOGISTIC,0.0010443,104.43,1395,1394.670,649697,649606,145680,795377,3.3969,155,1424,694425,True
FRJ,LOGISTIC,0.0010905,109.05,1346,1346.130,654903,654788,146781,801684,3.4793,145,1424,694425,True
FRJ,LOGISTIC,0.0011892,118.92,1278,1278.330,662624,662499,151980,814604,3.5959,121,1424,694425,True
FRJ,LOGISTIC,0.0013142,131.42,1200,1200.330,672368,672238,157704,830072,3.7505,111,1424,694425,True
FRJ,LOGISTIC,0.0014142,141.42,1136,1136.170,681167,681095,160653,841820,3.893,55,1424,694425,True
FRJ,LOGISTIC,0.0014984,149.84,1094,1094.500,687190,687029,163925,851115,3.9872,92,1424,694425,True
FRJ,LOGISTIC,0.0015422,154.22,1076,1075.750,690052,690006,165941,855993,4.3133,70,1424,694425,True
FRJ,LOGISTIC,0.0015999,159.99,1050,1049.750,694036,693951,167990,862026,4.0919,98,1424,694425,True
FRJ,LOGISTIC,0.0016105,161.05,1046,1045.750,694801,694724,168458,863259,4.3863,100,1424,694425,True
FRJ,LOGISTIC,0.0016818,168.18,1014,1014.500,700081,699866,170535,870616,4.4581,125,1424,694425,True
FRJ,LOGISTIC,0.0017084,170.84,1002,1002.500,701968,701771,171182,873150,4.2101,162,1424,694425,True
FRJ,LOGISTIC,0.002,200.00,906,906.000,719955,719796,181200,901155,4.479,98,1424,694425,True
FRJ,LOGISTIC,0.005,500.00,504,504.170,864050,845417,252000,1116050,6.6868,342,1424,694425,True
FRJ,LOGISTIC,0.1,10000.00,176,176.270,1812112,1639750,1760000,3572112,25.8079,277,1424,694425,True
FRJ,LOGISTIC,0.2,20000.00,96,96.000,2858687,2851513,1920000,4778687,50.6367,40,1424,694425,True
FRJ,LOGISTIC,0.5,50000.00,6,6.000,5573084,5573084,300000,5873084,112.3931,0,1424,694425,True
FRK,LINEAR,0.0001,10.00,16628,16628.000,2408902,2408902,166280,2575182,0.7706,0,1685,29387004,True
FRK,LINEAR,0.0002,20.00,16628,16628.000,2408902,2408902,332560,2741462,0.7706,0,1685,29387004,True
FRK,LINEAR,0.0005,50.00,16620,16620.000,2409212,2409212,831000,3240212,0.7714,0,1685,29387004,True
FRK,LINEAR,0.001,100.00,16585,16585.000,2412356,2412356,1658500,4070856,0.7721,0,1685,29387004,True
FRK,LINEAR,0.002,200.00,15419,15419.000,2603115,2603115,3083800,5686915,0.8246,0,1685,29387004,True
FRK,LINEAR,0.005,500.00,10752,10752.000,4152576,4152519,5376000,9528576,1.167,12,1685,29387004,True
FRK,LINEAR,0.01,1000.00,7523,7523.000,6449092,6448998,7523000,13972092,1.5673,8,1685,29387004,True
FRK,LINEAR,0.02,2000.00,5065,5065.000,9934028,9933766,10130000,20064028,2.0751,38,1685,29387004,True
FRK,LINEAR,0.05,5000.00,2814,2814.500,17069365,17065328,14070000,31139365,3.0158,76,1685,29387004,True
FRK,LINEAR,0.1,10000.00,1706,1705.670,24882859,24884474,17060000,41942859,3.9532,67,1685,29387004,True
FRK,LINEAR,0.10109,10109.00,1691,1691.170,25031341,25027808,17094319,42125660,3.0853,63,1685,29387004,True
FRK,LINEAR,0.10164,10164.00,1684,1683.670,25103882,25103828,17116176,42220058,3.0943,80,1685,29387004,True
FRK,LINEAR,0.10219,10219.00,1679,1678.600,25154116,25155420,17157701,42311817,3.1005,77,1685,29387004,True
FRK,LINEAR,0.10443,10443.00,1651,1651.000,25443838,25441020,17241393,42685231,3.1362,60,1685,29387004,True
FRK,LINEAR,0.10905,10905.00,1597,1597.000,26018204,26014692,17415285,43433489,3.207,74,1685,29387004,True
FRK,LINEAR,0.11892,11892.00,1484,1483.580,27306855,27306714,17647728,44954583,3.3658,109,1685,29387004,True
FRK,LINEAR,0.13213,13213.00,1383,1383.330,28570487,28560369,18273579,46844066,3.5216,88,1685,29387004,True
FRK,LINEAR,0.13653,13653.00,1353,1353.300,28973974,28964552,18472509,47446483,3.5713,104,1685,29387004,True
FRK,LINEAR,0.13879,13879.00,1336,1335.700,29209136,29206715,18542344,47751480,3.6003,94,1685,29387004,True
FRK,LINEAR,0.13993,13993.00,1326,1326.000,29348250,29341951,18554718,47902968,3.6174,88,1685,29387004,True
FRK,LINEAR,0.14109,14109.00,1318,1318.500,29460748,29447459,18595662,48056410,3.6313,99,1685,29387004,True
FRK,LINEAR,0.14142,14142.00,1318,1317.750,29460938,29458055,18639156,48100094,3.6313,110,1685,29387004,False
FRK,LINEAR,0.15065,15065.00,1258,1257.640,30340149,30340824,18951770,49291919,3.7397,88,1685,29387004,True
FRK,LINEAR,0.17177,17177.00,1132,1131.500,32361131,32367112,19444364,51805495,3.9888,67,1685,29387004,True
FRK,LINEAR,0.2,20000.00,1005,1004.830,34727050,34719398,20100000,54827050,4.2797,79,1685,29387004,True
FRK,LINEAR,0.5,50000.00,522,521.760,56074733,49748626,26100000,82174733,8.064,394,1685,29387004,True
FRK,LOGISTIC,0.0001,10.00,7085,7085.000,675885,675883,70850,746735,1.6408,32,1685,911695,True
FRK,LOGISTIC,0.0002,20.00,4830,4830.000,707768,707765,96600,804368,2.1528,44,1685,911695,True
FRK,LOGISTIC,0.0005,50.00,2799,2798.750,772295,772284,139950,912245,3.0418,99,1685,911695,True
FRK,LOGISTIC,0.001,100.00,1765,1765.250,844818,844677,176500,1021318,3.9086,138,1685,911695,True
FRK,LOGISTIC,0.0010443,104.43,1722,1722.000,849149,849023,179828,1028977,3.0794,140,1685,911695,True
FRK,LOGISTIC,0.0010671,106.71,1694,1694.250,852108,851955,180767,1032875,3.114,179,1685,911695,True
FRK,LOGISTIC,0.0010729,107.29,1684,1683.750,853184,853078,180676,1033860,3.1253,184,1685,911695,True
FRK,LOGISTIC,0.0010788,107.88,1680,1680.250,853616,853454,181238,1034854,3.1305,183,1685,911695,True
FRK,LOGISTIC,0.0010905,109.05,1665,1664.580,855220,855154,181568,1036788,3.1496,171,1685,911695,True
FRK,LOGISTIC,0.0011892,118.92,1567,1567.000,866339,866231,186348,1052687,3.2814,179,1685,911695,True
FRK,LOGISTIC,0.0013948,139.48,1409,1409.420,886808,886584,196527,1083335,3.5162,182,1685,911695,True
FRK,LOGISTIC,0.0014142,141.42,1395,1395.170,888812,888660,197281,1086093,3.5419,132,1685,911695,True
FRK,LOGISTIC,0.0015903,159.03,1279,1279.250,906053,905972,203399,1109452,3.7408,73,1685,911695,True
FRK,LOGISTIC,0.0016818,168.18,1238,1238.170,912880,912792,208207,1121087,4.6313,92,1685,911695,True
FRK,LOGISTIC,0.0016981,169.81,1234,1233.670,913433,913456,209546,1122979,3.8251,81,1685,911695,True
FRK,LOGISTIC,0.0018133,181.33,1180,1179.500,923041,922994,213969,1137010,3.9364,170,1685,911695,True
FRK,LOGISTIC,0.002,200.00,1096,1096.170,939288,938901,219200,1158488,4.1145,218,1685,911695,True
FRK,LOGISTIC,0.005,500.00,611,610.890,1122659,1088238,305500,1428159,6.974,326,1685,911695,True
FRK,LOGISTIC,0.1,10000.00,220,219.890,2236743,2012023,2200000,4436743,24.5918,511,1685,911695,True
FRK,LOGISTIC,0.2,20000.00,133,133.500,3273638,3259085,2660000,5933638,42.6763,27,1685,911695,True
FRK,LOGISTIC,0.5,50000.00,15,15.000,6968558,6968558,750000,7718558,102.5982,0,1685,911695,True
FRL,LINEAR,0.0001,10.00,6372,6372.000,709077,709077,63720,772797,0.9852,0,1024,13129909,True
FRL,LINEAR,0.0002,20.00,6371,6371.000,709094,709094,127420,836514,0.9852,0,1024,13129909,True
FRL,LINEAR,0.0005,50.00,6370,6370.000,709115,709115,318500,1027615,0.9852,0,1024,13129909,True
FRL,LINEAR,0.001,100.00,6362,6362.000,709844,709844,636200,1346044,0.9855,0,1024,13129909,True
FRL,LINEAR,0.002,200.00,6066,6066.500,758256,758155,1213200,1971456,1.0142,3,1024,13129909,True
FRL,LINEAR,0.005,500.00,4716,4715.500,1214185,1214409,2358000,3572185,1.2572,3,1024,13129909,True
FRL,LINEAR,0.01,1000.00,3586,3586.000,2025592,2025592,3586000,5611592,1.6885,0,1024,13129909,True
FRL,LINEAR,0.02,2000.00,2584,2584.500,3457102,3456020,5168000,8625102,2.4066,3,1024,13129909,True
FRL,LINEAR,0.05,5000.00,1534,1534.000,6788365,6788302,7670000,14458365,3.428,10,1024,13129909,True
FRL,LINEAR,0.070711,7071.10,1236,1236.000,8525541,8525474,8739880,17265421,1.6926,4,1024,13129909,True
FRL,LINEAR,0.08409,8409.00,1120,1120.000,9420221,9419706,9418080,18838301,1.8702,12,1024,13129909,True
FRL,LINEAR,0.0917,9170.00,1064,1064.500,9910420,9905707,9756880,19667300,1.9675,7,1024,13129909,True
FRL,LINEAR,0.09576,9576.00,1038,1038.000,10154252,10154145,9939888,20094140,2.0159,4,1024,13129909,True
FRL,LINEAR,0.097857,9785.70,1022,1022.000,10309390,10309282,10000985,20310375,2.0467,4,1024,13129909,True
FRL,LINEAR,0.1,10000.00,1006,1006.000,10498214,10498106,10060000,20558214,2.0801,4,1024,13129909,True
FRL,LINEAR,0.1,10000.00,1006,1006.000,10498214,10498106,10060000,20558214,2.0801,4,1024,13129909,True
FRL,LINEAR,0.12721,12721.00,849,849.000,12253442,12252063,10800129,23053571,2.4327,16,1024,13129909,True
FRL,LINEAR,0.13584,13584.00,803,803.000,12860143,12858616,10907952,23768095,2.5531,16,1024,13129909,True
FRL,LINEAR,0.14037,14037.00,792,791.500,13012446,13017810,11117304,24129750,2.5834,15,1024,13129909,True
FRL,LINEAR,0.14142,14142.00,786,785.500,13131440,13136805,11115612,24247052,4.9247,15,1024,13129909,True
FRL,LINEAR,0.14152,14152.00,784,783.500,13125238,13130602,11095168,24220406,2.6057,15,1024,13129909,False
FRL,LINEAR,0.14269,14269.00,780,779.500,13181672,13187391,11129820,24311492,2.6169,15,1024,13129909,True
FRL,LINEAR,0.14505,14505.00,766,766.500,13383142,13374510,11110830,24493972,2.6569,19,1024,13129909,True
FRL,LINEAR,0.16538,16538.00,709,709.000,14265397,14264944,11725442,25990839,2.8321,18,1024,13129909,True
FRL,LINEAR,0.2,20000.00,618,617.500,15957884,15966416,12360000,28317884,5.9419,23,1024,13129909,True
FRL,LINEAR,0.5,50000.00,316,316.080,25312245,25181443,15800000,41112245,7.4429,125,1024,13129909,True
FRL,LINEAR,1,100000.00,218,217.980,39378445,31761571,21800000,61178445,11.2671,286,1024,13129909,True
FRL,LINEAR,2,200000.00,189,188.510,57154976,35703355,37800000,94954976,13.7691,589,1024,13129909,True
FRL,LINEAR,5,500000.00,168,167.910,64952986,42094648,84000000,148952986,17.987,505,1024,13129909,True
FRL,LOGISTIC,0.0001,10.00,3435,3435.000,402307,402307,34350,436657,1.7939,0,1024,514382,True
FRL,LOGISTIC,0.0002,20.00,2480,2479.500,416002,416010,49600,465602,2.4718,19,1024,514382,True
FRL,LOGISTIC,0.0005,50.00,1498,1498.000,447286,447283,74900,522186,3.4393,6,1024,514382,True
FRL,LOGISTIC,0.00070711,70.71,1226,1226.500,462459,462423,86692,549151,1.7226,7,1024,514382,True
FRL,LOGISTIC,0.0008409,84.09,1112,1112.500,471301,471257,93508,564809,1.9038,3,1024,514382,True
FRL,LOGISTIC,0.000917,91.70,1057,1057.000,476139,476129,96927,573066,2.0031,6,1024,514382,True
FRL,LOGISTIC,0.0009576,95.76,1032,1032.500,478478,478422,98824,577302,2.0467,9,1024,514382,True
FRL,LOGISTIC,0.00096803,96.80,1026,1026.500,479055,478999,99320,578375,2.0587,15,1024,514382,True
FRL,LOGISTIC,0.00097329,97.33,1021,1021.000,479541,479533,99373,578914,2.0672,14,1024,514382,True
FRL,LOGISTIC,0.00097857,97.86,1020,1020.000,479638,479631,99814,579452,2.0694,14,1024,514382,True
FRL,LOGISTIC,0.001,100.00,1006,1006.500,482128,482066,100600,582728,2.0969,41,1024,514382,True
FRL,LOGISTIC,0.001,100.00,1006,1006.500,482128,482066,100600,582728,2.0969,41,1024,514382,True
FRL,LOGISTIC,0.0012584,125.84,853,853.000,498187,498182,107342,605529,2.446,16,1024,514382,True
FRL,LOGISTIC,0.0014142,141.42,788,787.830,508011,508012,111439,619450,4.7623,33,1024,514382,True
FRL,LOGISTIC,0.0014348,143.48,786,785.830,507151,507152,112775,619926,2.6238,33,1024,514382,False
FRL,LOGISTIC,0.0015321,153.21,753,752.670,512056,512086,115367,627423,2.7225,26,1024,514382,True
FRL,LOGISTIC,0.0015422,154.22,751,751.170,513526,513474,115819,629345,4.9907,31,1024,514382,True
FRL,LOGISTIC,0.0015832,158.32,735,735.170,514867,514818,116365,631232,2.7795,33,1024,514382,True
FRL,LOGISTIC,0.001636,163.60,716,715.500,517920,517980,117138,635058,2.8448,27,1024,514382,True
FRL,LOGISTIC,0.0016818,168.18,706,705.500,520745,520805,118735,639480,5.1193,27,1024,514382,True
FRL,LOGISTIC,0.002,200.00,632,632.000,534294,534239,126400,660694,5.3454,36,1024,514382,True
FRL,LOGISTIC,0.005,500.00,344,343.750,624989,623726,172000,796989,7.2826,116,1024,514382,True
FRL,LOGISTIC,0.01,1000.00,239,238.670,740865,696284,239000,979865,9.1382,233,1024,514382,True
FRL,LOGISTIC,0.02,2000.00,199,199.060,871694,748904,398000,1269694,12.9763,393,1024,514382,True
FRL,LOGISTIC,0.05,5000.00,162,161.760,992181,871362,810000,1802181,17.6885,427,1024,514382,True
FRL,LOGISTIC,0.1,10000.00,129,129.320,1207476,1111796,1290000,2497476,30.2778,166,1024,514382,True
FRL,LOGISTIC,0.2,20000.00,87,87.420,1766897,1742285,1740000,3506897,47.0645,33,1024,514382,True
FRL,LOGISTIC,0.5,50000.00,10,10.000,4254660,4254660,500000,4754660,108.2823,0,1024,514382,True
FRM,LINEAR,0.0001,10.00,905,905.000,159580,159580,9050,168630,2.9912,0,87,1697760,True
FRM,LINEAR,0.0002,20.00,904,904.000,159597,159597,18080,177677,2.9913,0,87,1697760,True
FRM,LINEAR,0.0005,50.00,904,904.000,159597,159597,45200,204797,2.9913,0,87,1697760,True
FRM,LINEAR,0.001,100.00,902,902.000,159761,159761,90200,249961,2.9933,0,87,1697760,True
FRM,LINEAR,0.002,200.00,844,844.000,169379,169379,168800,338179,3.0856,0,87,1697760,True
FRM,LINEAR,0.005,500.00,609,609.000,246762,246762,304500,551262,3.4996,0,87,1697760,True
FRM,LINEAR,0.01,1000.00,427,427.000,378344,378344,427000,805344,4.1025,0,87,1697760,True
FRM,LINEAR,0.02,2000.00,270,269.500,601020,602004,540000,1141020,6.0721,3,87,1697760,True
FRM,LINEAR,0.05,5000.00,140,140.000,1014156,1014156,700000,1714156,7.6083,0,87,1697760,True
FRM,LINEAR,0.1,10000.00,89,89.000,1363329,1363329,890000,2253329,8.8955,0,87,1697760,True
FRM,LINEAR,0.10109,10109.00,86,86.000,1386615,1386615,869374,2255989,4.1801,0,87,1697760,True
FRM,LINEAR,0.10219,10219.00,85,85.000,1396778,1396778,868615,2265393,4.2108,0,87,1697760,True
FRM,LINEAR,0.10443,10443.00,84,84.000,1407178,1407178,877212,2284390,4.2421,0,87,1697760,True
FRM,LINEAR,0.10905,10905.00,81,81.000,1438951,1438951,883305,2322256,4.3379,0,87,1697760,True
FRM,LINEAR,0.11892,11892.00,77,77.000,1484162,1484162,915684,2399846,4.4742,0,87,1697760,True
FRM,LINEAR,0.13,13000.00,71,71.000,1557831,1557831,923000,2480831,4.6963,0,87,1697760,True
FRM,LINEAR,0.14142,14142.00,68,68.000,1605755,1605755,961656,2567411,4.8579,0,87,1697760,True
FRM,LINEAR,0.14822,14822.00,65,65.000,1639857,1639857,963430,2603287,4.9435,0,87,1697760,True
FRM,LINEAR,0.15827,15827.00,62,62.000,1685617,1685617,981274,2666891,5.0815,0,87,1697760,True
FRM,LINEAR,0.16355,16355.00,62,61.500,1685617,1693764,1014010,2699627,5.0815,3,87,1697760,True
FRM,LINEAR,0.16489,16489.00,61,61.000,1701987,1701987,1005829,2707816,5.1308,0,87,1697760,True
FRM,LINEAR,0.16625,16625.00,61,61.000,1701987,1701987,1014125,2716112,5.1308,0,87,1697760,True
FRM,LINEAR,0.16818,16818.00,62,62.000,1694399,1694399,1042716,2737115,10.0311,0,87,1697760,False
FRM,LINEAR,0.169,16900.00,61,61.000,1701987,1701987,1030900,2732887,5.1308,0,87,1697760,True
FRM,LINEAR,0.2,20000.00,57,57.000,1785860,1785426,1140000,2925860,5.3546,6,87,1697760,True
FRM,LINEAR,0.5,50000.00,31,31.000,2567082,2567082,1550000,4117082,14.7071,0,87,1697760,True
FRM,LINEAR,1,100000.00,18,18.500,3525080,3448402,1800000,5325080,21.2521,7,87,1697760,True
FRM,LINEAR,2,200000.00,15,14.500,3932398,4011009,3000000,6932398,23.8301,17,87,1697760,True
FRM,LINEAR,5,500000.00,11,11.000,5339238,5339238,5500000,10839238,41.5357,0,87,1697760,True
FRM,LOGISTIC,0.0001,10.00,407,407.000,28906,28906,4070,32976,4.2031,0,87,45103,True
FRM,LOGISTIC,0.0002,20.00,268,268.000,30897,30897,5360,36257,5.943,0,87,45103,True
FRM,LOGISTIC,0.0005,50.00,154,153.500,34556,34579,7700,42256,7.1716,3,87,45103,True
FRM,LOGISTIC,0.001,100.00,103,103.000,38029,38029,10300,48329,8.5772,0,87,45103,True
FRM,LOGISTIC,0.0011892,118.92,92,92.000,39075,39075,10941,50016,4.0547,0,87,45103,True
FRM,LOGISTIC,0.0012968,129.68,87,87.000,39691,39691,11282,50973,4.2175,0,87,45103,True
FRM,LOGISTIC,0.0014142,141.42,82,81.500,40359,40427,11596,51955,4.371,5,87,45103,True
FRM,LOGISTIC,0.0016859,168.59,76,76.000,41273,41273,12813,54086,4.6155,0,87,45103,True
FRM,LOGISTIC,0.002,200.00,66,66.000,43208,43208,13200,56408,4.9999,0,87,45103,True
FRM,LOGISTIC,0.002,200.00,66,66.000,43208,43208,13200,56408,4.9999,0,87,45103,True
FRM,LOGISTIC,0.0021917,219.17,60,59.500,44342,44437,13150,57492,5.2822,3,87,45103,True
FRM,LOGISTIC,0.0024989,249.89,57,57.000,45019,45019,14244,59263,5.436,0,87,45103,True
FRM,LOGISTIC,0.0025149,251.49,58,57.500,44942,45067,14586,59528,10.2745,5,87,45103,True
FRM,LOGISTIC,0.0025879,258.79,57,57.000,45200,45194,14751,59951,10.2729,10,87,45103,False
FRM,LOGISTIC,0.0026631,266.31,56,55.500,45462,45587,14913,60375,10.3005,5,87,45103,True
FRM,LOGISTIC,0.0028201,282.01,54,54.500,46007,45860,15229,61236,10.3691,5,87,45103,False
FRM,LOGISTIC,0.0028492,284.92,54,54.500,45808,45661,15386,61194,5.5871,5,87,45103,True
FRM,LOGISTIC,0.0031623,316.23,53,53.000,46299,46299,16760,63059,10.5885,6,87,45103,True
FRM,LOGISTIC,0.005,500.00,40,40.330,51648,51479,20000,71648,11.4973,5,87,45103,True
FRM,LOGISTIC,0.01,1000.00,26,26.000,60912,60912,26000,86912,15.3541,0,87,45103,True
FRM,LOGISTIC,0.02,2000.00,18,18.000,72838,72636,36000,108838,21.2175,8,87,45103,True
FRM,LOGISTIC,0.05,5000.00,12,12.000,91125,91125,60000,151125,36.5773,0,87,45103,True
FRM,LOGISTIC,0.1,10000.00,10,10.000,106423,106423,100000,206423,48.6256,0,87,45103,True
FRM,LOGISTIC,0.2,20000.00,4,4.000,188228,188228,80000,268228,83.0398,0,87,45103,True
FRM,LOGISTIC,0.5,50000.00,1,1.000,279396,279396,50000,329396,115.1087,0,87,45103,True
ITC,LINEAR,0.0001,10.00,17709,17709.000,1428175,1428175,177090,1605265,0.0903,0,3875,29840813,True
ITC,LINEAR,0.0002,20.00,17705,17705.000,1428230,1428230,354100,1782330,0.0903,0,3875,29840813,True
ITC,LINEAR,0.0005,50.00,17700,17700.000,1428394,1428394,885000,2313394,0.0903,0,3875,29840813,True
ITC,LINEAR,0.001,100.00,17656,17656.000,1432253,1432253,1765600,3197853,0.0905,0,3875,29840813,True
ITC,LINEAR,0.002,200.00,16599,16599.000,1603482,1603482,3319800,4923282,0.1014,0,3875,29840813,True
ITC,LINEAR,0.005,500.00,12892,12892.500,2827505,2827230,6446000,9273505,0.1787,15,3875,29840813,True
ITC,LINEAR,0.01,1000.00,9998,9997.500,4885607,4886091,9998000,14883607,0.3088,3,3875,29840813,True
ITC,LINEAR,0.02,2000.00,7463,7463.170,8528922,8528438,14926000,23454922,0.5391,21,3875,29840813,True
ITC,LINEAR,0.05,5000.00,4664,4664.330,17578778,17576705,23320000,40898778,1.1111,22,3875,29840813,True
ITC,LINEAR,0.05946,5946.00,4185,4185.000,20187155,20186022,24884010,45071165,1.276,36,3875,29840813,True
ITC,LINEAR,0.064842,6484.20,3988,3987.830,21412413,21412090,25858990,47271403,1.3534,44,3875,29840813,True
ITC,LINEAR,0.067713,6771.30,3875,3875.000,22162486,22160273,26238787,48401274,1.4008,51,3875,29840813,True
ITC,LINEAR,0.070711,7071.10,3755,3755.250,22993307,22989135,26551980,49545288,1.4533,69,3875,29840813,True
ITC,LINEAR,0.1,10000.00,2972,2972.000,29573459,29569787,29720000,59293459,1.8693,44,3875,29840813,True
ITC,LINEAR,0.10219,10219.00,2944,2944.000,29856210,29852994,30084736,59940946,1.8871,46,3875,29840813,True
ITC,LINEAR,0.10443,10443.00,2908,2907.500,30227870,30229748,30368244,60596114,1.9106,49,3875,29840813,True
ITC,LINEAR,0.10905,10905.00,2822,2821.800,31149194,31145604,30773910,61923104,1.9689,85,3875,29840813,True
ITC,LINEAR,0.11892,11892.00,2647,2646.750,33141176,33139672,31478124,64619300,2.0948,72,3875,29840813,True
ITC,LINEAR,0.14142,14142.00,2350,2349.980,36998095,36973605,33233700,70231795,2.3385,116,3875,29840813,True
ITC,LINEAR,0.2,20000.00,1804,1803.740,46339854,46121787,36080000,82419854,2.929,243,3875,29840813,True
ITC,LINEAR,0.5,50000.00,992,992.110,130403348,71145782,49600000,180003348,8.2424,1237,3875,29840813,True
ITC,LOGISTIC,0.0001,10.00,9484,9484.000,1246300,1246299,94840,1341140,0.3448,6,3875,1467683,True
ITC,LOGISTIC,0.0002,20.00,7043,7042.830,1281278,1281279,140860,1422138,0.5979,24,3875,1467683,True
ITC,LOGISTIC,0.0005,50.00,4410,4410.500,1367037,1367005,220500,1587537,1.2016,38,3875,1467683,True
ITC,LOGISTIC,0.0005946,59.46,4013,4013.000,1388780,1388765,238613,1627393,1.353,40,3875,1467683,True
ITC,LOGISTIC,0.00062093,62.09,3896,3896.500,1395879,1395840,241914,1637793,1.4018,37,3875,1467683,True
ITC,LOGISTIC,0.0006243,62.43,3880,3880.000,1396879,1396868,242228,1639107,1.4089,40,3875,1467683,True
ITC,LOGISTIC,0.00062769,62.77,3862,3862.000,1398007,1397994,242414,1640421,1.4168,48,3875,1467683,True
ITC,LOGISTIC,0.00063453,63.45,3839,3839.000,1399474,1399446,243596,1643070,1.427,77,3875,1467683,True
ITC,LOGISTIC,0.00064842,64.84,3791,3791.330,1402556,1402505,245816,1648372,1.4482,79,3875,1467683,True
ITC,LOGISTIC,0.00070711,70.71,3577,3577.000,1417018,1416981,252933,1669951,1.5487,72,3875,1467683,True
ITC,LOGISTIC,0.00070711,70.71,3577,3577.000,1417018,1416981,252933,1669951,1.5487,72,3875,1467683,True
ITC,LOGISTIC,0.0008409,84.09,3219,3218.670,1444687,1444645,270686,1715373,1.7363,87,3875,1467683,True
ITC,LOGISTIC,0.000917,91.70,3062,3062.250,1458487,1458372,280785,1739272,1.828,90,3875,1467683,True
ITC,LOGISTIC,0.0009576,95.76,2978,2978.500,1466351,1466222,285173,1751524,1.881,91,3875,1467683,True
ITC,LOGISTIC,0.001,100.00,2880,2879.500,1475927,1475899,288000,1763927,1.9452,105,3875,1467683,True
ITC,LOGISTIC,0.002,200.00,1801,1801.420,1628435,1626932,360200,1988635,2.9542,217,3875,1467683,True
ITC,LOGISTIC,0.005,500.00,1019,1018.600,2206415,1867127,509500,2715915,7.2916,1172,3875,1467683,True
ITF,LINEAR,0.0001,10.00,15607,15607.000,1667972,1667972,156070,1824042,0.1253,0,3187,26839302,True
ITF,LINEAR,0.0002,20.00,15606,15606.000,1667990,1667990,312120,1980110,0.1253,0,3187,26839302,True
ITF,LINEAR,0.0005,50.00,15599,15599.000,1668223,1668223,779950,2448173,0.1253,0,3187,26839302,True
ITF,LINEAR,0.001,100.00,15581,15581.000,1669755,1669755,1558100,3227855,0.1254,0,3187,26839302,True
ITF,LINEAR,0.002,200.00,14745,14745.000,1807289,1807289,2949000,4756289,0.1357,0,3187,26839302,True
ITF,LINEAR,0.005,500.00,11055,11055.000,3044315,3044291,5527500,8571815,0.2286,6,3187,26839302,True
ITF,LINEAR,0.01,1000.00,8308,8307.500,5005601,5005960,8308000,13313601,0.3759,25,3187,26839302,True
ITF,LINEAR,0.02,2000.00,6072,6072.500,8203683,8202519,12144000,20347683,0.616,27,3187,26839302,True
ITF,LINEAR,0.05,5000.00,3879,3879.170,15225742,15224205,19395000,34620742,1.1433,33,3187,26839302,True
ITF,LINEAR,0.070711,7071.10,3214,3214.330,19184386,19180401,22726515,41910901,1.4406,46,3187,26839302,True
ITF,LINEAR,0.071481,7148.10,3191,3190.500,19348306,19349861,22809587,42157893,1.4529,48,3187,26839302,True
ITF,LINEAR,0.072259,7225.90,3166,3166.000,19528140,19526009,22877199,42405339,1.4664,51,3187,26839302,True
ITF,LINEAR,0.073841,7384.10,3125,3125.000,19827464,19825694,23075312,42902776,1.4889,53,3187,26839302,True
ITF,LINEAR,0.077111,7711.10,3042,3042.250,20454446,20450899,23457166,43911612,1.536,47,3187,26839302,True
ITF,LINEAR,0.08409,8409.00,2894,2893.500,21644341,21646859,24335646,45979987,1.6253,39,3187,26839302,True
ITF,LINEAR,0.1,10000.00,2608,2608.420,24251674,24245717,26080000,50331674,1.8211,63,3187,26839302,True
ITF,LINEAR,0.10905,10905.00,2480,2480.000,25584205,25583368,27044400,52628605,1.9212,53,3187,26839302,True
ITF,LINEAR,0.11388,11388.00,2404,2404.500,26433013,26425237,27376752,53809765,1.9849,46,3187,26839302,True
ITF,LINEAR,0.11637,11637.00,2366,2366.000,26872220,26869270,27533142,54405362,2.0179,44,3187,26839302,True
ITF,LINEAR,0.11892,11892.00,2333,2333.250,27259300,27253960,27744036,55003336,2.047,51,3187,26839302,True
ITF,LINEAR,0.14142,14142.00,2101,2100.750,30264818,30263606,29712342,59977160,2.2727,59,3187,26839302,True
ITF,LINEAR,0.2,20000.00,1668,1667.500,37539744,37526867,33360000,70899744,2.819,94,3187,26839302,True
ITF,LINEAR,0.5,50000.00,931,930.960,73814039,60254414,46550000,120364039,5.5429,491,3187,26839302,True
ITF,LINEAR,1,100000.00,694,694.260,138764164,76527375,69400000,208164164,10.4202,1299,3187,26839302,True
ITF,LINEAR,2,200000.00,584,584.080,204101013,91844423,116800000,320901013,15.3265,1671,3187,26839302,True
ITF,LINEAR,5,500000.00,486,485.760,210580791,123390669,243000000,453580791,15.8131,1171,3187,26839302,True
ITF,LOGISTIC,0.0001,10.00,7883,7883.000,1057513,1057511,78830,1136343,0.411,42,3187,1260139,True
ITF,LOGISTIC,0.0002,20.00,5800,5799.500,1087416,1087422,116000,1203416,0.6621,23,3187,1260139,True
ITF,LOGISTIC,0.0005,50.00,3772,3772.500,1152901,1152870,188600,1341501,1.1921,21,3187,1260139,True
ITF,LOGISTIC,0.0005946,59.46,3440,3440.000,1171091,1171078,204542,1375633,1.3384,36,3187,1260139,True
ITF,LOGISTIC,0.00064842,64.84,3292,3291.500,1180314,1180332,213460,1393774,1.4116,60,3187,1260139,True
ITF,LOGISTIC,0.00067713,67.71,3226,3226.080,1184691,1184669,218442,1403133,1.4459,68,3187,1260139,True
ITF,LOGISTIC,0.00069195,69.19,3192,3191.750,1187020,1187019,220870,1407890,1.4639,58,3187,1260139,True
ITF,LOGISTIC,0.00070711,70.71,3153,3153.330,1189755,1189710,222952,1412707,1.4849,61,3187,1260139,True
ITF,LOGISTIC,0.001,100.00,2593,2592.830,1236861,1236850,259300,1496161,1.8504,60,3187,1260139,True
ITF,LOGISTIC,0.0010905,109.05,2465,2464.830,1250250,1250230,268808,1519058,1.9543,60,3187,1260139,True
ITF,LOGISTIC,0.0011388,113.88,2405,2404.830,1256954,1256919,273881,1530835,2.0058,63,3187,1260139,True
ITF,LOGISTIC,0.0011637,116.37,2373,2373.170,1260645,1260560,276146,1536791,2.0335,67,3187,1260139,True
ITF,LOGISTIC,0.0011892,118.92,2344,2344.000,1264068,1263995,278748,1542816,2.0588,68,3187,1260139,True
ITF,LOGISTIC,0.0014142,141.42,2093,2092.880,1296630,1296543,295992,1592622,2.3079,112,3187,1260139,True
ITF,LOGISTIC,0.002,200.00,1703,1702.750,1361853,1361679,340600,1702453,2.8006,90,3187,1260139,True
ITF,LOGISTIC,0.005,500.00,976,975.610,1626666,1586251,488000,2114666,4.803,334,3187,1260139,True
ITF,LOGISTIC,0.01,1000.00,717,716.700,2145082,1770553,717000,2862082,9.4034,995,3187,1260139,True
ITF,LOGISTIC,0.02,2000.00,593,593.010,2742630,1944097,1186000,3928630,14.9225,1158,3187,1260139,True
ITF,LOGISTIC,0.05,5000.00,455,454.510,3166614,2391989,2275000,5441614,18.4384,734,3187,1260139,True
ITF,LOGISTIC,0.1,10000.00,334,334.350,3680608,3276257,3340000,7020608,23.4332,375,3187,1260139,True
ITF,LOGISTIC,0.2,20000.00,203,203.300,5221226,5165771,4060000,9281226,39.1383,142,3187,1260139,True
ITF,LOGISTIC,0.5,50000.00,41,41.000,10503461,10503461,2050000,12553461,92.0369,0,3187,1260139,True
ITG,LINEAR,0.0001,10.00,6188,6188.000,768558,768558,61880,830438,0.1224,0,1431,12614581,True
ITG,LINEAR,0.0002,20.00,6187,6187.000,768570,768570,123740,892310,0.1224,0,1431,12614581,True
ITG,LINEAR,0.0005,50.00,6187,6187.000,768570,768570,309350,1077920,0.1224,0,1431,12614581,True
ITG,LINEAR,0.001,100.00,6177,6177.000,769410,769410,617700,1387110,0.1225,0,1431,12614581,True
ITG,LINEAR,0.002,200.00,5933,5933.000,810040,810040,1186600,1996640,0.129,0,1431,12614581,True
ITG,LINEAR,0.005,500.00,4705,4705.000,1226743,1226743,2352500,3579243,0.1953,0,1431,12614581,True
ITG,LINEAR,0.01,1000.00,3718,3717.500,1929506,1929867,3718000,5647506,0.3073,11,1431,12614581,True
ITG,LINEAR,0.02,2000.00,2804,2804.000,3235024,3235024,5608000,8843024,0.5152,0,1431,12614581,True
ITG,LINEAR,0.05,5000.00,1832,1832.000,6365758,6365732,9160000,15525758,1.0137,6,1431,12614581,True
ITG,LINEAR,0.070711,7071.10,1537,1537.000,8115758,8114795,10868281,18984039,1.2924,22,1431,12614581,True
ITG,LINEAR,0.077111,7711.10,1472,1472.250,8596464,8593476,11350739,19947203,1.3689,27,1431,12614581,True
ITG,LINEAR,0.080525,8052.50,1444,1443.830,8817216,8817620,11627810,20445026,1.4041,19,1431,12614581,True
ITG,LINEAR,0.081401,8140.10,1432,1432.330,8913850,8910664,11656623,20570473,1.4195,20,1431,12614581,True
ITG,LINEAR,0.082288,8228.80,1425,1425.330,8971176,8968027,11726040,20697216,1.4286,12,1431,12614581,True
ITG,LINEAR,0.08409,8409.00,1400,1399.830,9179277,9180147,11772600,20951877,1.4617,11,1431,12614581,True
ITG,LINEAR,0.1,10000.00,1258,1258.000,10483200,10481767,12580000,23063200,1.6694,12,1431,12614581,True
ITG,LINEAR,0.11892,11892.00,1136,1135.500,11821534,11826282,13509312,25330846,1.8825,17,1431,12614581,True
ITG,LINEAR,0.12968,12968.00,1077,1077.000,12555118,12555118,13966536,26521654,1.9993,0,1431,12614581,True
ITG,LINEAR,0.1311,13110.00,1074,1074.000,12594192,12594192,14080140,26674332,2.0055,0,1431,12614581,True
ITG,LINEAR,0.13252,13252.00,1064,1064.500,12728266,12719210,14100128,26828394,2.0269,3,1431,12614581,True
ITG,LINEAR,0.13543,13543.00,1046,1046.500,12968955,12959899,14165978,27134933,2.0652,3,1431,12614581,True
ITG,LINEAR,0.14142,14142.00,1030,1030.000,13189559,13187964,14566260,27755819,2.1003,12,1431,12614581,True
ITG,LINEAR,0.2,20000.00,854,854.000,16123822,16123246,17080000,33203822,2.5676,14,1431,12614581,True
ITG,LINEAR,0.5,50000.00,466,465.790,28434300,28413363,23300000,51734300,4.5279,60,1431,12614581,True
ITG,LINEAR,1,100000.00,324,323.650,46736135,38154497,32400000,79136135,7.4424,330,1431,12614581,True
ITG,LINEAR,2,200000.00,262,261.850,59209564,46741544,52400000,111609564,9.4287,285,1431,12614581,True
ITG,LINEAR,5,500000.00,215,215.400,85942605,61965123,107500000,193442605,13.6857,304,1431,12614581,True
ITG,LOGISTIC,0.0001,10.00,3550,3549.500,494839,494842,35500,530339,0.3368,11,1431,595400,True
ITG,LOGISTIC,0.0002,20.00,2710,2709.500,506794,506802,54200,560994,0.55,15,1431,595400,True
ITG,LOGISTIC,0.0005,50.00,1768,1768.330,537016,536985,88400,625416,1.075,38,1431,595400,True
ITG,LOGISTIC,0.00070711,70.71,1504,1504.000,552647,552638,106349,658996,1.3402,18,1431,595400,True
ITG,LOGISTIC,0.00077111,77.11,1434,1433.500,557820,557853,110577,668397,1.4285,19,1431,595400,True
ITG,LOGISTIC,0.0008409,84.09,1374,1374.000,562628,562625,115540,678168,1.5091,10,1431,595400,True
ITG,LOGISTIC,0.001,100.00,1244,1244.000,574589,574582,124400,698989,1.7092,6,1431,595400,True
ITG,LOGISTIC,0.0011892,118.92,1134,1134.170,586680,586649,134855,721535,1.9059,20,1431,595400,True
ITG,LOGISTIC,0.0012968,129.68,1078,1078.500,593606,593526,139795,733401,2.0178,15,1431,595400,True
ITG,LOGISTIC,0.0013252,132.52,1065,1065.000,595312,595297,141134,736446,2.0462,12,1431,595400,True
ITG,LOGISTIC,0.0013543,135.43,1052,1051.500,597059,597110,142472,739531,2.0732,9,1431,595400,True
ITG,LOGISTIC,0.0014142,141.42,1038,1037.500,598992,599049,146794,745786,2.1053,11,1431,595400,True
ITG,LOGISTIC,0.002,200.00,856,856.500,629364,629243,171200,800564,2.5901,33,1431,595400,True
ITG,LOGISTIC,0.005,500.00,499,499.250,744556,744152,249500,994056,4.3507,91,1431,595400,True
ITG,LOGISTIC,0.01,1000.00,350,350.410,862427,846909,350000,1212427,6.0631,175,1431,595400,True
ITG,LOGISTIC,0.02,2000.00,278,277.890,1030678,949318,556000,1586678,8.7878,273,1431,595400,True
ITG,LOGISTIC,0.05,5000.00,209,209.140,1262853,1171408,1045000,2307853,12.6403,254,1431,595400,True
ITG,LOGISTIC,0.1,10000.00,157,157.360,1633505,1554151,1570000,3203505,20.1606,174,1431,595400,True
ITG,LOGISTIC,0.2,20000.00,102,101.830,2371799,2355241,2040000,4411799,36.0201,38,1431,595400,True
ITG,LOGISTIC,0.5,50000.00,24,23.500,4816712,4832498,1200000,6016712,88.9578,3,1431,595400,True
ITH,LINEAR,0.0001,10.00,20517,20517.000,1612797,1612797,205170,1817967,0.14,0,2993,32030405,True
ITH,LINEAR,0.0002,20.00,20517,20517.000,1612797,1612797,410340,2023137,0.14,0,2993,32030405,True
ITH,LINEAR,0.0005,50.00,20514,20514.000,1612904,1612904,1025700,2638604,0.14,0,2993,32030405,True
ITH,LINEAR,0.001,100.00,20464,20464.000,1617300,1617300,2046400,3663700,0.1404,0,2993,32030405,True
ITH,LINEAR,0.002,200.00,18856,18856.500,1878248,1878148,3771200,5649448,0.1631,3,2993,32030405,True
ITH,LINEAR,0.005,500.00,13581,13581.000,3630399,3630369,6790500,10420899,0.3152,14,2993,32030405,True
ITH,LINEAR,0.01,1000.00,9844,9844.000,6293195,6293195,9844000,16137195,0.5464,0,2993,32030405,True
ITH,LINEAR,0.02,2000.00,6865,6865.000,10565669,10565496,13730000,24295669,0.9173,28,2993,32030405,True
ITH,LINEAR,0.05,5000.00,3940,3939.500,19827205,19829514,19700000,39527205,1.7214,25,2993,32030405,True
ITH,LINEAR,0.070711,7071.10,3121,3121.000,24689744,24687947,22068903,46758647,2.1435,40,2993,32030405,True
ITH,LINEAR,0.073841,7384.10,3030,3029.750,25347626,25347980,22373823,47721449,2.2006,56,2993,32030405,True
ITH,LINEAR,0.074645,7464.50,3001,3000.750,25562814,25563223,22400964,47963778,2.2193,42,2993,32030405,True
ITH,LINEAR,0.075051,7505.10,2989,2988.750,25652742,25653100,22432744,48085486,2.2271,42,2993,32030405,True
ITH,LINEAR,0.075458,7545.80,2982,2982.000,25705148,25703908,22501576,48206724,2.2317,36,2993,32030405,True
ITH,LINEAR,0.077111,7711.10,2936,2936.500,26056495,26051392,22639790,48696285,2.2622,41,2993,32030405,True
ITH,LINEAR,0.08409,8409.00,2750,2750.000,27550889,27550329,23124750,50675639,2.3919,18,2993,32030405,True
ITH,LINEAR,0.1,10000.00,2433,2432.580,30454998,30458376,24330000,54784998,2.6441,35,2993,32030405,True
ITH,LINEAR,0.10443,10443.00,2337,2336.670,31440077,31439147,24405291,55845368,2.7296,90,2993,32030405,True
ITH,LINEAR,0.10671,10671.00,2297,2297.170,31865591,31856567,24511287,56376878,2.7665,114,2993,32030405,True
ITH,LINEAR,0.10788,10788.00,2281,2281.170,32036871,32028171,24607428,56644299,2.7814,105,2993,32030405,True
ITH,LINEAR,0.10905,10905.00,2269,2269.330,32166810,32156458,24743445,56910255,2.7927,103,2993,32030405,True
ITH,LINEAR,0.11892,11892.00,2138,2138.500,33657352,33648092,25425096,59082448,2.9221,69,2993,32030405,True
ITH,LINEAR,0.14142,14142.00,1886,1886.330,36912816,36902422,26671812,63584628,3.2047,76,2993,32030405,True
ITH,LINEAR,0.2,20000.00,1447,1446.830,44251088,44222951,28940000,73191088,3.8418,143,2993,32030405,True
ITH,LINEAR,0.5,50000.00,812,811.970,99037976,63016360,40600000,139637976,8.5983,1139,2993,32030405,True
ITH,LOGISTIC,0.0001,10.00,9218,9218.000,932902,932900,92180,1025082,0.6065,22,2993,1169908,True
ITH,LOGISTIC,0.0002,20.00,6425,6424.750,972963,972965,128500,1101463,1.0018,26,2993,1169908,True
ITH,LOGISTIC,0.0005,50.00,3765,3764.670,1057688,1057676,188250,1245938,1.8112,96,2993,1169908,True
ITH,LOGISTIC,0.00070711,70.71,3038,3038.500,1100862,1100809,214820,1315682,2.2107,57,2993,1169908,True
ITH,LOGISTIC,0.00072259,72.26,2992,2992.000,1104154,1104136,216199,1320353,2.2407,58,2993,1169908,True
ITH,LOGISTIC,0.00073841,73.84,2946,2946.000,1107517,1107497,217536,1325053,2.2713,62,2993,1169908,True
ITH,LOGISTIC,0.00077111,77.11,2854,2854.170,1114460,1114426,220075,1334535,2.336,62,2993,1169908,True
ITH,LOGISTIC,0.0008409,84.09,2707,2707.460,1126337,1126259,227632,1353969,2.4416,68,2993,1169908,True
ITH,LOGISTIC,0.001,100.00,2383,2383.330,1156005,1155882,238300,1394305,2.7075,127,2993,1169908,True
ITH,LOGISTIC,0.0010905,109.05,2259,2259.250,1168994,1168807,246344,1415338,2.825,159,2993,1169908,True
ITH,LOGISTIC,0.0011892,118.92,2127,2127.250,1184019,1183848,252943,1436962,2.9571,176,2993,1169908,True
ITH,LOGISTIC,0.0014142,141.42,1889,1889.420,1214861,1214682,267142,1482003,3.2264,149,2993,1169908,True
ITH,LOGISTIC,0.002,200.00,1489,1489.070,1283155,1281617,297800,1580955,3.8103,212,2993,1169908,True
ITH,LOGISTIC,0.005,500.00,852,852.330,1662097,1473774,426000,2088097,7.4777,955,2993,1169908,True
ITI,LINEAR,0.0001,10.00,16666,16666.000,1721451,1721451,166660,1888111,0.1472,0,2709,27077951,True
ITI,LINEAR,0.0002,20.00,16665,16665.000,1721469,1721469,333300,2054769,0.1472,0,2709,27077951,True
ITI,LINEAR,0.0005,50.00,16661,16661.000,1721599,1721599,833050,2554649,0.1473,0,2709,27077951,True
ITI,LINEAR,0.001,100.00,16629,16629.000,1724270,1724270,1662900,3387170,0.1475,0,2709,27077951,True
ITI,LINEAR,0.002,200.00,15536,15536.000,1901804,1901804,3107200,5009004,0.1627,0,2709,27077951,True
ITI,LINEAR,0.005,500.00,11249,11249.000,3315307,3315307,5624500,8939807,0.2836,0,2709,27077951,True
ITI,LINEAR,0.01,1000.00,8184,8184.500,5512082,5511527,8184000,13696082,0.4715,11,2709,27077951,True
ITI,LINEAR,0.02,2000.00,5760,5760.000,8957239,8957197,11520000,20477239,0.7661,10,2709,27077951,True
ITI,LINEAR,0.05,5000.00,3486,3485.500,16182315,16184152,17430000,33612315,1.3841,15,2709,27077951,True
ITI,LINEAR,0.070711,7071.10,2827,2827.250,20092144,20089687,19990000,40082144,1.7185,38,2709,27077951,True
ITI,LINEAR,0.073841,7384.10,2756,2755.500,20604377,20607804,20350580,40954957,1.7623,25,2709,27077951,True
ITI,LINEAR,0.075458,7545.80,2713,2713.000,20925638,20925147,20471755,41397393,1.7898,30,2709,27077951,True
ITI,LINEAR,0.077111,7711.10,2671,2671.000,21246426,21245583,20596348,41842774,1.8173,44,2709,27077951,True
ITI,LINEAR,0.08409,8409.00,2515,2515.330,22499959,22495775,21148635,43648594,1.9245,44,2709,27077951,True
ITI,LINEAR,0.1,10000.00,2242,2242.500,25006860,24997164,22420000,47426860,2.1389,66,2709,27077951,True
ITI,LINEAR,0.10905,10905.00,2127,2127.080,26207908,26203055,23194935,49402843,2.2416,82,2709,27077951,True
ITI,LINEAR,0.11388,11388.00,2064,2064.170,26912797,26903328,23504832,50417629,2.3019,83,2709,27077951,True
ITI,LINEAR,0.11512,11512.00,2050,2050.330,27072011,27061788,23599600,50671611,2.3155,89,2709,27077951,True
ITI,LINEAR,0.11637,11637.00,2035,2035.170,27247871,27237251,23681295,50929166,2.3306,95,2709,27077951,True
ITI,LINEAR,0.11892,11892.00,2015,2015.250,27483468,27471500,23962380,51445848,2.3507,86,2709,27077951,True
ITI,LINEAR,0.14142,14142.00,1780,1779.500,30527162,30529357,25172760,55699922,2.6111,61,2709,27077951,True
ITI,LINEAR,0.2,20000.00,1394,1393.750,37013249,37010768,27880000,64893249,3.1658,79,2709,27077951,True
ITI,LINEAR,0.5,50000.00,765,765.270,73448701,56338974,38250000,111698701,6.2822,755,2709,27077951,True
ITI,LOGISTIC,0.0001,10.00,7685,7685.000,938835,938834,76850,1015685,0.5188,30,2709,1138518,True
ITI,LOGISTIC,0.0002,20.00,5490,5489.830,970025,970024,109800,1079825,0.8186,68,2709,1138518,True
ITI,LOGISTIC,0.0005,50.00,3381,3381.210,1037119,1037082,169050,1206169,1.4404,115,2709,1138518,True
ITI,LOGISTIC,0.00070711,70.71,2739,2739.000,1075328,1075312,193677,1269005,1.7871,54,2709,1138518,True
ITI,LOGISTIC,0.00072259,72.26,2708,2708.000,1077548,1077527,195677,1273225,1.8074,85,2709,1138518,True
ITI,LOGISTIC,0.00073841,73.84,2672,2671.500,1080180,1080189,197303,1277483,1.8308,80,2709,1138518,True
ITI,LOGISTIC,0.00077111,77.11,2603,2603.250,1085392,1085342,200720,1286112,1.8772,97,2709,1138518,True
ITI,LOGISTIC,0.0008409,84.09,2470,2470.500,1096125,1096025,207702,1303827,1.9715,95,2709,1138518,True
ITI,LOGISTIC,0.001,100.00,2230,2230.250,1118100,1118021,223000,1341100,2.167,111,2709,1138518,True
ITI,LOGISTIC,0.0010905,109.05,2098,2097.500,1131874,1131861,228787,1360661,2.2889,101,2709,1138518,True
ITI,LOGISTIC,0.0011388,113.88,2049,2049.170,1137366,1137242,233340,1370706,2.3368,120,2709,1138518,True
ITI,LOGISTIC,0.0011892,118.92,1982,1982.330,1145122,1145006,235699,1380821,2.4089,89,2709,1138518,True
ITI,LOGISTIC,0.0014142,141.42,1783,1782.670,1170950,1170885,252152,1423102,2.6342,90,2709,1138518,True
ITI,LOGISTIC,0.002,200.00,1400,1399.800,1235580,1235159,280000,1515580,3.1923,135,2709,1138518,True
ITI,LOGISTIC,0.005,500.00,797,797.080,1499407,1423451,398500,1897907,5.5477,424,2709,1138518,True
ITI,LOGISTIC,0.01,1000.00,582,581.670,2101294,1573190,582000,2683294,11.9245,1167,2709,1138518,True
SE1,LINEAR,0.0001,10.00,4215,4215.000,1978055,1978055,42150,2020205,5.918,0,387,23310739,True
SE1,LINEAR,0.00015,15.00,4214,4214.000,1978070,1978070,63210,2041280,5.918,0,387,23310739,True
SE1,LINEAR,0.0002,20.00,4213,4213.000,1978089,1978089,84260,2062349,5.918,0,387,23310739,True
SE1,LINEAR,0.0003,30.00,4208,4208.000,1978219,1978219,126240,2104459,5.919,0,387,23310739,True
SE1,LINEAR,0.0005,50.00,4207,4207.000,1978251,1978251,210350,2188601,5.919,0,387,23310739,True
SE1,LINEAR,0.0007,70.00,4206,4206.000,1978313,1978313,294420,2272733,5.919,0,387,23310739,True
SE1,LINEAR,0.001,100.00,4200,4200.000,1978885,1978885,420000,2398885,5.9237,0,387,23310739,True
SE1,LINEAR,0.0015,150.00,4153,4153.000,1985175,1985175,622950,2608125,5.9381,0,387,23310739,True
SE1,LINEAR,0.002,200.00,4051,4051.000,2003183,2003183,810200,2813383,5.9496,0,387,23310739,True
SE1,LINEAR,0.003,300.00,3787,3787.000,2069053,2069053,1136100,3205153,6.0651,0,387,23310739,True
SE1,LINEAR,0.005,500.00,3344,3343.670,2243093,2243249,1672000,3915093,6.2837,5,387,23310739,True
SE1,LINEAR,0.007,700.00,3011,3011.000,2438513,2438513,2107700,4546213,6.5246,0,387,23310739,True
SE1,LINEAR,0.01,1000.00,2678,2678.000,2717800,2717800,2678000,5395800,6.8223,0,387,23310739,True
SE1,LINEAR,0.015,1500.00,2326,2325.500,3148240,3148906,3489000,6637240,7.1775,3,387,23310739,True
SE1,LINEAR,0.02,2000.00,2076,2076.500,3580613,3579392,4152000,7732613,7.5705,7,387,23310739,True
SE1,LINEAR,0.03,3000.00,1740,1739.500,4417278,4418761,5220000,9637278,8.0886,3,387,23310739,True
SE1,LINEAR,0.05,5000.00,1364,1364.500,5873857,5871163,6820000,12693857,8.8549,11,387,23310739,True
SE1,LINEAR,0.07,7000.00,1110,1109.500,7383477,7386815,7770000,15153477,9.2828,3,387,23310739,True
SE1,LINEAR,0.1,10000.00,856,856.500,9544223,9538915,8560000,18104223,10.2063,7,387,23310739,True
SE1,LINEAR,0.15,15000.00,624,624.000,12345242,12345242,9360000,21705242,11.2292,0,387,23310739,True
SE1,LINEAR,0.2,20000.00,501,501.000,14461084,14461084,10020000,24481084,12.4007,0,387,23310739,True
SE1,LINEAR,0.25149,25149.00,422,421.500,16037634,16049611,10612878,26650512,3.9384,5,387,23310739,True
SE1,LINEAR,0.26631,26631.00,404,403.500,16504590,16516582,10758924,27263514,4.0531,11,387,23310739,True
SE1,LINEAR,0.27404,27404.00,395,395.000,16748228,16746492,10824580,27572808,4.1129,12,387,23310739,True
SE1,LINEAR,0.278,27800.00,388,388.500,16943768,16926089,10786400,27730168,4.161,19,387,23310739,True
SE1,LINEAR,0.27999,27999.00,386,385.500,16998653,17009880,10807614,27806267,4.1744,19,387,23310739,True
SE1,LINEAR,0.28201,28201.00,384,384.500,17055625,17037945,10829184,27884809,4.1884,19,387,23310739,True
SE1,LINEAR,0.3,30000.00,357,357.000,17995568,17992354,10710000,28705568,13.0475,14,387,23310739,True
SE1,LINEAR,0.3,30000.00,357,357.000,17995568,17992354,10710000,28705568,13.0475,14,387,23310739,True
SE1,LINEAR,0.31623,31623.00,348,347.500,18134334,18146715,11004804,29139138,4.4533,15,387,23310739,True
SE1,LINEAR,0.3614,36140.00,312,312.000,19360397,19355046,11275680,30636077,4.7544,28,387,23310739,True
SE1,LINEAR,0.3873,38730.00,277,277.000,20735941,20734355,10728210,31464151,14.4255,8,387,23310739,True
SE1,LINEAR,0.44006,44006.00,246,246.500,22031814,22004795,10825476,32857290,14.5665,13,387,23310739,True
SE1,LINEAR,0.46981,46981.00,244,243.750,22135764,22143356,11463364,33599128,5.436,18,387,23310739,True
SE1,LINEAR,0.5,50000.00,224,224.000,23061979,23059261,11200000,34261979,5.5893,10,387,23310739,True
SE1,LINEAR,0.53567,53567.00,224,223.500,23129538,23144201,11999008,35128546,5.68,17,387,23310739,False
SE1,LINEAR,0.54008,54008.00,221,220.830,23298441,23287347,11935768,35234209,5.7215,28,387,23310739,True
SE1,LINEAR,0.54453,54453.00,219,219.000,23398421,23386840,11925207,35323628,5.7461,12,387,23310739,True
SE1,LINEAR,0.55353,55353.00,215,215.000,23617137,23605557,11900895,35518032,5.7998,12,387,23310739,True
SE1,LINEAR,0.57198,57198.00,210,210.000,23898953,23887373,12011580,35910533,5.869,12,387,23310739,True
SE1,LINEAR,0.61076,61076.00,198,197.670,24602554,24609707,12093048,36695602,6.0418,29,387,23310739,True
SE1,LINEAR,0.7,70000.00,170,170.500,26249868,26195062,11900000,38149868,16.421,17,387,23310739,True
SE1,LINEAR,1,100000.00,135,134.750,29227817,29229746,13500000,42727817,17.2543,38,387,23310739,True
SE1,LINEAR,1.5,150000.00,101,100.720,33466132,33387775,15150000,48616132,18.7361,52,387,23310739,True
SE1,LINEAR,2,200000.00,89,89.050,35621543,35437243,17800000,53421543,21.8504,73,387,23310739,True
SE1,LINEAR,3,300000.00,78,77.500,38697318,38278688,23400000,62097318,22.8346,29,387,23310739,True
SE1,LINEAR,5,500000.00,67,66.800,43238923,42248740,33500000,76738923,23.8601,70,387,23310739,True
SE1,LOGISTIC,0.0001,10.00,2626,2626.000,338135,338135,26260,364395,6.7877,0,387,571510,True
SE1,LOGISTIC,0.00015,15.00,2306,2306.000,342079,342079,34590,376669,7.1346,0,387,571510,True
SE1,LOGISTIC,0.0002,20.00,2076,2075.500,346075,346081,41520,387595,7.4046,13,387,571510,True
SE1,LOGISTIC,0.0003,30.00,1746,1746.000,354172,354172,52380,406552,7.8107,0,387,571510,True
SE1,LOGISTIC,0.0005,50.00,1384,1383.500,368354,368377,69200,437554,8.3939,7,387,571510,True
SE1,LOGISTIC,0.0007,70.00,1134,1133.500,383123,383142,79380,462503,8.8079,21,387,571510,True
SE1,LOGISTIC,0.001,100.00,874,874.330,404965,404927,87400,492365,9.2681,14,387,571510,True
SE1,LOGISTIC,0.0015,150.00,653,653.250,431803,431760,97950,529753,9.8657,7,387,571510,True
SE1,LOGISTIC,0.002,200.00,534,534.500,452315,452188,106800,559115,10.9669,19,387,571510,True
SE1,LOGISTIC,0.0025149,251.49,448,447.670,465427,465462,112668,578095,3.8561,40,387,571510,True
SE1,LOGISTIC,0.0028201,282.01,414,414.250,474468,474321,116752,591220,4.0579,47,387,571510,True
SE1,LOGISTIC,0.0029863,298.63,395,395.000,480023,479922,117959,597982,4.1854,74,387,571510,True
SE1,LOGISTIC,0.003,300.00,387,387.000,487998,487912,116100,604098,12.0761,48,387,571510,True
SE1,LOGISTIC,0.003,300.00,387,387.000,487998,487912,116100,604098,12.0761,48,387,571510,True
SE1,LOGISTIC,0.0030293,302.93,392,391.500,480928,480972,118749,599677,4.2089,64,387,571510,True
SE1,LOGISTIC,0.0030511,305.11,388,387.500,482130,482191,118383,600513,4.2339,64,387,571510,True
SE1,LOGISTIC,0.003073,307.30,385,385.250,483052,482880,118310,601362,4.2548,69,387,571510,False
SE1,LOGISTIC,0.0031623,316.23,374,374.500,486458,486230,118270,604728,4.3272,37,387,571510,False
SE1,LOGISTIC,0.0039664,396.64,321,321.330,505226,505057,127321,632547,4.7588,12,387,571510,True
SE1,LOGISTIC,0.005,500.00,268,267.670,533576,533604,134000,667576,5.2729,26,387,571510,True
SE1,LOGISTIC,0.005,500.00,268,267.670,533576,533604,134000,667576,5.2729,26,387,571510,True
SE1,LOGISTIC,0.0051563,515.63,263,262.750,531528,531478,135611,667139,5.3501,30,387,571510,False
SE1,LOGISTIC,0.0067033,670.33,214,213.500,560326,560518,143451,703777,5.9228,23,387,571510,True
SE1,LOGISTIC,0.007,700.00,204,203.500,571172,571356,142800,713972,14.4123,31,387,571510,True
SE1,LOGISTIC,0.007,700.00,204,203.500,571172,571356,142800,713972,14.4123,31,387,571510,True
SE1,LOGISTIC,0.0073192,731.92,198,198.500,575441,574918,144920,720361,14.4745,29,387,571510,False
SE1,LOGISTIC,0.0076429,764.29,198,197.500,571734,571959,151329,723063,6.1324,25,387,571510,True
SE1,LOGISTIC,0.0076529,765.29,192,192.500,579906,579401,146936,726842,14.7537,25,387,571510,True
SE1,LOGISTIC,0.0083666,836.66,184,184.330,586353,585913,153945,740298,14.9622,23,387,571510,True
SE1,LOGISTIC,0.0087142,871.42,185,185.000,582314,582170,161213,743527,6.3326,30,387,571510,True
SE1,LOGISTIC,0.01,1000.00,168,167.830,600892,600833,168000,768892,15.5248,23,387,571510,True
SE1,LOGISTIC,0.015,1500.00,134,133.670,641753,640851,201000,842753,17.5248,49,387,571510,True
SE1,LOGISTIC,0.02,2000.00,115,115.170,675751,673485,230000,905751,18.554,38,387,571510,True
SE1,LOGISTIC,0.03,3000.00,92,91.750,730504,729000,276000,1006504,19.2397,36,387,571510,True
SE1,LOGISTIC,0.05,5000.00,78,77.550,785432,784792,390000,1175432,21.5133,40,387,571510,True
SE1,LOGISTIC,0.07,7000.00,68,68.170,851306,837327,476000,1327306,23.2528,84,387,571510,True
SE1,LOGISTIC,0.1,10000.00,62,62.110,905874,887661,620000,1525874,27.1071,107,387,571510,True
SE1,LOGISTIC,0.15,15000.00,54,53.910,1010784,988438,810000,1820784,29.0569,99,387,571510,True
SE1,LOGISTIC,0.2,20000.00,49,49.000,1091095,1073090,980000,2071095,33.3794,53,387,571510,True
SE1,LOGISTIC,0.3,30000.00,42,42.500,1257207,1231279,1260000,2517207,49.1229,17,387,571510,True
SE1,LOGISTIC,0.5,50000.00,26,26.000,1880386,1880386,1300000,3180386,77.8015,0,387,571510,True
SE2,LINEAR,0.0001,10.00,6890,6890.000,3294970,3294970,68900,3363870,0.7483,0,452,32421787,True
SE2,LINEAR,0.0002,20.00,6886,6886.000,3295016,3295016,137720,3432736,0.7483,0,452,32421787,True
SE2,LINEAR,0.0005,50.00,6880,6880.000,3295205,3295205,344000,3639205,0.7483,0,452,32421787,True
SE2,LINEAR,0.001,100.00,6866,6866.000,3296335,3296335,686600,3982935,0.7486,0,452,32421787,True
SE2,LINEAR,0.002,200.00,6576,6576.000,3345061,3345052,1315200,4660261,0.7596,6,452,32421787,True
SE2,LINEAR,0.005,500.00,5208,5207.500,3816205,3816446,2604000,6420205,0.8666,3,452,32421787,True
SE2,LINEAR,0.01,1000.00,4000,3999.500,4679523,4680020,4000000,8679523,1.0627,3,452,32421787,True
SE2,LINEAR,0.02,2000.00,2892,2891.500,6274177,6275048,5784000,12058177,1.4248,13,452,32421787,True
SE2,LINEAR,0.05,5000.00,1715,1715.000,10061514,10060871,8575000,18636514,2.2849,20,452,32421787,True
SE2,LINEAR,0.1,10000.00,1082,1082.500,14547470,14541970,10820000,25367470,3.3036,19,452,32421787,True
SE2,LINEAR,0.2,20000.00,638,637.500,20738516,20747543,12760000,33498516,4.7095,7,452,32421787,True
SE2,LINEAR,0.25149,25149.00,520,520.000,23402996,23395688,13077480,36480476,5.3146,20,452,32421787,True
SE2,LINEAR,0.28201,28201.00,476,475.500,24576153,24584655,13423676,37999829,5.581,9,452,32421787,True
SE2,LINEAR,0.29863,29863.00,456,455.500,25160364,25167743,13617528,38777892,5.7136,19,452,32421787,True
SE2,LINEAR,0.30293,30293.00,451,451.000,25311563,25303215,13662143,38973706,5.748,16,452,32421787,True
SE2,LINEAR,0.3073,30730.00,449,449.000,25372383,25364034,13797770,39170153,5.7618,16,452,32421787,True
SE2,LINEAR,0.31623,31623.00,436,436.500,25777703,25753028,13787628,39565331,5.8538,19,452,32421787,True
SE2,LINEAR,0.39381,39381.00,372,371.500,28041573,28057228,14649732,42691305,6.3679,27,452,32421787,True
SE2,LINEAR,0.5,50000.00,309,309.250,30809211,30792647,15450000,46259211,6.9964,32,452,32421787,True
SE2,LINEAR,0.51196,51196.00,301,300.750,31211774,31223775,15409996,46621770,7.0878,21,452,32421787,True
SE2,LINEAR,0.54666,54666.00,280,280.000,32325284,32322704,15306480,47631764,7.3407,13,452,32421787,True
SE2,LINEAR,0.5557,55570.00,278,278.000,32436850,32432243,15448460,47885310,7.366,18,452,32421787,True
SE2,LINEAR,0.56489,56489.00,276,275.500,32548358,32572075,15590964,48139322,7.3914,19,452,32421787,True
SE2,LINEAR,0.58372,58372.00,272,271.500,32780994,32799859,15877184,48658178,7.4442,29,452,32421787,True
SE2,LINEAR,0.66554,66554.00,248,247.500,34273874,34291593,16505392,50779266,7.7832,23,452,32421787,True
SE2,LINEAR,1,100000.00,188,187.600,39048046,39078552,18800000,57848046,8.8674,39,452,32421787,True
SE2,LINEAR,2,200000.00,122,122.380,48635897,48343781,24400000,73035897,11.0447,64,452,32421787,True
SE2,LINEAR,5,500000.00,85,85.300,64811515,60307192,42500000,107311515,14.718,156,452,32421787,True
SE2,LOGISTIC,0.0001,10.00,3900,3900.500,380882,380877,39000,419882,1.0897,5,452,715530,True
SE2,LOGISTIC,0.0002,20.00,2859,2858.830,395664,395666,57180,452844,1.4477,13,452,715530,True
SE2,LOGISTIC,0.0005,50.00,1731,1731.000,431963,431954,86550,518513,2.2934,34,452,715530,True
SE2,LOGISTIC,0.001,100.00,1123,1123.000,474968,474953,112300,587268,3.2581,30,452,715530,True
SE2,LOGISTIC,0.002,200.00,697,696.830,535551,535507,139400,674951,4.5442,64,452,715530,True
SE2,LOGISTIC,0.0031623,316.23,516,516.000,581481,581309,163175,744656,5.4397,62,452,715530,True
SE2,LOGISTIC,0.003546,354.60,476,476.500,594823,594539,168790,763613,5.6882,31,452,715530,True
SE2,LOGISTIC,0.003755,375.50,460,460.000,600637,600572,172730,773367,5.8007,28,452,715530,True
SE2,LOGISTIC,0.0038641,386.41,454,453.500,602895,603046,175430,778325,5.8447,21,452,715530,True
SE2,LOGISTIC,0.0038919,389.19,454,453.500,602895,603046,176692,779587,5.8447,21,452,715530,True
SE2,LOGISTIC,0.0039198,391.98,450,449.500,604440,604609,176391,780831,5.8687,21,452,715530,True
SE2,LOGISTIC,0.0039764,397.64,446,445.500,606010,606185,177347,783357,5.8993,21,452,715530,True
SE2,LOGISTIC,0.005,500.00,380,380.000,635786,635661,190000,825786,6.4145,43,452,715530,True
SE2,LOGISTIC,0.005,500.00,380,380.000,635811,635661,190000,825811,6.4145,43,452,715530,False
SE2,LOGISTIC,0.0050233,502.33,378,378.000,636835,636662,189881,826716,6.423,43,452,715530,True
SE2,LOGISTIC,0.0065303,653.03,317,316.670,671554,671669,207011,878565,7.0094,18,452,715530,True
SE2,LOGISTIC,0.0070711,707.11,305,305.000,679620,679586,215669,895289,7.1284,19,452,715530,True
SE2,LOGISTIC,0.008409,840.90,270,270.500,706758,706215,227043,933801,7.5582,22,452,715530,True
SE2,LOGISTIC,0.0084894,848.94,268,268.170,708487,708186,227516,936003,7.5807,25,452,715530,True
SE2,LOGISTIC,0.0090649,906.49,264,264.170,711944,711643,239313,951257,7.6408,25,452,715530,False
SE2,LOGISTIC,0.00917,917.00,264,263.670,711904,712101,242088,953992,7.6421,30,452,715530,True
SE2,LOGISTIC,0.0093672,936.72,262,261.670,713774,713956,245421,959195,7.6641,26,452,715530,True
SE2,LOGISTIC,0.009522,952.20,259,259.330,716565,716156,246620,963185,7.703,28,452,715530,True
SE2,LOGISTIC,0.009576,957.60,257,257.000,718480,718384,246103,964583,7.7377,33,452,715530,True
SE2,LOGISTIC,0.0096795,967.95,255,255.000,720401,720305,246827,967228,7.7627,33,452,715530,True
SE2,LOGISTIC,0.01,1000.00,247,246.670,728221,728490,247000,975221,7.8663,16,452,715530,True
SE2,LOGISTIC,0.011036,1103.60,235,234.500,740737,741175,259346,1000083,8.0932,13,452,715530,True
SE2,LOGISTIC,0.02,2000.00,164,164.120,845130,843060,328000,1173130,9.6471,73,452,715530,True
SE2,LOGISTIC,0.05,5000.00,106,106.400,1023016,1016595,530000,1553016,12.1518,60,452,715530,True
SE2,LOGISTIC,0.1,10000.00,72,72.220,1266475,1253467,720000,1986475,16.7505,90,452,715530,True
SE2,LOGISTIC,0.2,20000.00,54,53.550,1516043,1516409,1080000,2596043,23.5208,35,452,715530,True
SE2,LOGISTIC,0.5,50000.00,25,25.000,2424827,2424827,1250000,3674827,55.6459,0,452,715530,True
SE3,LINEAR,0.0001,10.00,3955,3955.000,2758978,2758978,39550,2798528,1.591,0,246,16444582,True
SE3,LINEAR,0.0002,20.00,3954,3954.000,2758989,2758989,79080,2838069,1.591,0,246,16444582,True
SE3,LINEAR,0.0005,50.00,3950,3950.000,2759138,2759138,197500,2956638,1.5911,0,246,16444582,True
SE3,LINEAR,0.001,100.00,3944,3944.000,2759556,2759556,394400,3153956,1.5914,0,246,16444582,True
SE3,LINEAR,0.002,200.00,3783,3783.000,2786406,2786406,756600,3543006,1.6068,0,246,16444582,True
SE3,LINEAR,0.005,500.00,2866,2866.000,3098142,3098142,1433000,4531142,1.7866,0,246,16444582,True
SE3,LINEAR,0.01,1000.00,2123,2123.000,3624489,3624489,2123000,5747489,2.0901,0,246,16444582,True
SE3,LINEAR,0.02,2000.00,1508,1507.500,4500314,4501294,3016000,7516314,2.5952,3,246,16444582,True
SE3,LINEAR,0.05,5000.00,881,881.000,6480034,6479809,4405000,10885034,3.7368,6,246,16444582,True
SE3,LINEAR,0.1,10000.00,529,529.000,8959132,8958757,5290000,14249132,5.1665,8,246,16444582,True
SE3,LINEAR,0.2,20000.00,311,311.000,12010017,12007297,6220000,18230017,6.9258,18,246,16444582,True
SE3,LINEAR,0.25149,25149.00,258,258.500,13192553,13177503,6488442,19680995,7.6077,17,246,16444582,True
SE3,LINEAR,0.26631,26631.00,252,251.500,13349503,13358290,6711012,20060515,7.6982,3,246,16444582,True
SE3,LINEAR,0.27404,27404.00,248,247.500,13458113,13466900,6796192,20254305,7.7609,3,246,16444582,True
SE3,LINEAR,0.278,27800.00,246,245.500,13513244,13522031,6838800,20352044,7.7927,3,246,16444582,True
SE3,LINEAR,0.28201,28201.00,242,242.000,13620458,13620458,6824642,20445100,7.8545,0,246,16444582,True
SE3,LINEAR,0.31623,31623.00,222,222.500,14220000,14203140,7020306,21240306,8.2002,7,246,16444582,True
SE3,LINEAR,0.3614,36140.00,208,207.500,14699959,14717983,7517120,22217079,8.477,11,246,16444582,True
SE3,LINEAR,0.46981,46981.00,178,177.750,15926334,15937800,8362618,24288952,9.1842,14,246,16444582,True
SE3,LINEAR,0.5,50000.00,173,173.170,16172525,16157822,8650000,24822525,9.3262,20,246,16444582,True
SE3,LINEAR,0.5,50000.00,173,173.170,16172525,16157822,8650000,24822525,9.3262,20,246,16444582,True
SE3,LINEAR,0.50166,50166.00,173,173.170,16172525,16157822,8678718,24851243,9.3262,20,246,16444582,True
SE3,LINEAR,0.51839,51839.00,170,169.670,16325363,16336596,8812630,25137993,9.4143,23,246,16444582,True
SE3,LINEAR,0.52214,52214.00,169,169.170,16377264,16362561,8824166,25201430,9.4443,20,246,16444582,True
SE3,LINEAR,0.52696,52696.00,168,168.170,16429829,16415126,8852928,25282757,9.4746,20,246,16444582,True
SE3,LINEAR,0.53567,53567.00,166,166.170,16536355,16521820,8892122,25428477,9.536,20,246,16444582,True
SE3,LINEAR,0.54525,54525.00,164,163.500,16646353,16665924,8942100,25588453,9.5994,15,246,16444582,True
SE3,LINEAR,0.5946,59460.00,156,156.000,17093638,17089236,9275760,26369398,9.8574,10,246,16444582,True
SE3,LINEAR,0.61076,61076.00,152,152.500,17338273,17300878,9283552,26621825,9.9984,13,246,16444582,True
SE3,LINEAR,0.70711,70711.00,141,140.750,18053543,18066585,9970251,28023794,10.4109,12,246,16444582,True
SE3,LINEAR,1,100000.00,115,115.000,20172146,20172146,11500000,31672146,11.6327,0,246,16444582,True
SE3,LINEAR,2,200000.00,77,77.000,25691307,25624437,15400000,41091307,14.8154,22,246,16444582,True
SE3,LINEAR,5,500000.00,51,51.000,33670229,33497112,25500000,59170229,19.4166,9,246,16444582,True
SE3,LOGISTIC,0.0001,10.00,2071,2071.000,173943,173943,20710,194653,2.1276,4,246,348816,True
SE3,LOGISTIC,0.0002,20.00,1529,1529.000,181686,181685,30580,212266,2.5894,10,246,348816,True
SE3,LOGISTIC,0.0005,50.00,933,933.000,200367,200362,46650,247017,3.6467,14,246,348816,True
SE3,LOGISTIC,0.001,100.00,610,610.500,223007,222955,61000,284007,4.8376,5,246,348816,True
SE3,LOGISTIC,0.002,200.00,392,392.500,253478,253378,78400,331878,6.2312,5,246,348816,True
SE3,LOGISTIC,0.0031623,316.23,292,291.500,278519,278635,92339,370858,7.2992,23,246,348816,True
SE3,LOGISTIC,0.0039764,397.64,254,254.000,291934,291913,101001,392935,7.7902,4,246,348816,True
SE3,LOGISTIC,0.0042107,421.07,247,247.000,294798,294798,104004,398802,7.8862,0,246,348816,True
SE3,LOGISTIC,0.0044589,445.89,242,242.000,296953,296953,107905,404858,7.9721,0,246,348816,True
SE3,LOGISTIC,0.005,500.00,222,222.000,306413,306413,111000,417413,8.3346,0,246,348816,True
SE3,LOGISTIC,0.005,500.00,222,222.000,306413,306413,111000,417413,8.3346,0,246,348816,True
SE3,LOGISTIC,0.0054739,547.39,213,213.000,311116,311108,116594,427710,8.5208,4,246,348816,True
SE3,LOGISTIC,0.0070711,707.11,184,183.500,328610,328911,130108,458718,9.1424,11,246,348816,True
SE3,LOGISTIC,0.0071161,711.61,184,183.500,328610,328911,130936,459546,9.1424,11,246,348816,True
SE3,LOGISTIC,0.0081136,811.36,170,170.500,339127,338689,137931,477058,9.5277,3,246,348816,True
SE3,LOGISTIC,0.008409,840.90,168,167.500,340796,341154,141271,482067,9.577,3,246,348816,True
SE3,LOGISTIC,0.0086636,866.36,164,164.500,344157,343718,142083,486240,9.6914,3,246,348816,True
SE3,LOGISTIC,0.0089525,895.25,162,161.500,345920,346365,145030,490950,9.7523,3,246,348816,True
SE3,LOGISTIC,0.0091005,910.05,160,160.000,347733,347726,145608,493341,9.8064,6,246,348816,True
SE3,LOGISTIC,0.00917,917.00,158,158.500,349553,349092,144886,494439,9.8753,3,246,348816,True
SE3,LOGISTIC,0.0091754,917.54,158,158.250,349553,349321,144971,494524,9.8753,5,246,348816,True
SE3,LOGISTIC,0.0092509,925.09,158,158.000,349553,349551,146164,495717,9.8753,4,246,348816,True
SE3,LOGISTIC,0.01,1000.00,149,149.000,358290,358258,149000,507290,10.2237,12,246,348816,True
SE3,LOGISTIC,0.02,2000.00,100,100.000,427511,427511,200000,627511,12.9716,0,246,348816,True
SE3,LOGISTIC,0.05,5000.00,52,52.330,580572,578754,260000,840572,20.5771,7,246,348816,True
SE3,LOGISTIC,0.1,10000.00,34,33.670,701271,703552,340000,1041271,28.5361,15,246,348816,True
SE3,LOGISTIC,0.2,20000.00,22,21.500,865391,869443,440000,1305391,42.4661,5,246,348816,True
SE3,LOGISTIC,0.5,50000.00,7,7.000,1270740,1270740,350000,1620740,80.3556,0,246,348816,True
PL2,LINEAR,0.0001,10.00,15217,15217.000,537023,537023,152170,689193,0.1555,0,1442,24487849,True
PL2,LINEAR,0.0002,20.00,15214,15214.000,537067,537067,304280,841347,0.1555,0,1442,24487849,True
PL2,LINEAR,0.0005,50.00,15209,15209.000,537230,537230,760450,1297680,0.1556,0,1442,24487849,True
PL2,LINEAR,0.001,100.00,15155,15155.000,541988,541988,1515500,2057488,0.1565,0,1442,24487849,True
PL2,LINEAR,0.002,200.00,13878,13878.000,745727,745727,2775600,3521327,0.1928,0,1442,24487849,True
PL2,LINEAR,0.005,500.00,9746,9745.500,2132303,2132522,4873000,7005303,0.4199,7,1442,24487849,True
PL2,LINEAR,0.01,1000.00,6623,6623.000,4365442,4365279,6623000,10988442,0.7353,42,1442,24487849,True
PL2,LINEAR,0.02,2000.00,4236,4235.830,7742468,7742272,8472000,16214468,1.1787,75,1442,24487849,True
PL2,LINEAR,0.05,5000.00,2224,2223.830,14018799,14014747,11120000,25138799,2.0065,153,1442,24487849,True
PL2,LINEAR,0.070711,7071.10,1780,1780.000,16643452,16638333,12586558,29230010,2.179,127,1442,24487849,True
PL2,LINEAR,0.08409,8409.00,1576,1575.830,18211953,18209494,13252584,31464537,2.3843,117,1442,24487849,True
PL2,LINEAR,0.0917,9170.00,1485,1484.910,19012034,19005398,13617450,32629484,2.4891,136,1442,24487849,True
PL2,LINEAR,0.093708,9370.80,1455,1454.820,19290945,19284795,13634514,32925459,2.5256,136,1442,24487849,True
PL2,LINEAR,0.094729,9472.90,1443,1443.330,19403928,19392926,13669395,33073323,2.5404,129,1442,24487849,True
PL2,LINEAR,0.09576,9576.00,1434,1434.330,19490422,19478569,13731984,33222406,2.5517,144,1442,24487849,True
PL2,LINEAR,0.1,10000.00,1402,1401.770,19809030,19798699,14020000,33829030,2.7735,159,1442,24487849,True
PL2,LINEAR,0.12315,12315.00,1205,1204.580,21987112,21985954,14839575,36826687,2.8786,97,1442,24487849,True
PL2,LINEAR,0.14041,14041.00,1089,1089.420,23511192,23494300,15290649,38801841,3.0781,160,1442,24487849,True
PL2,LINEAR,0.14142,14142.00,1086,1086.420,23558299,23541106,15358212,38916511,3.2693,160,1442,24487849,True
PL2,LINEAR,0.14993,14993.00,1044,1044.000,24160957,24153149,15652692,39813649,3.1632,128,1442,24487849,True
PL2,LINEAR,0.15422,15422.00,1024,1023.810,24468431,24465093,15792128,40260559,3.3911,134,1442,24487849,True
PL2,LINEAR,0.15493,15493.00,1023,1022.960,24479352,24473657,15849339,40328691,3.2049,130,1442,24487849,True
PL2,LINEAR,0.16009,16009.00,993,993.170,24952832,24942586,15896937,40849769,3.2669,113,1442,24487849,True
PL2,LINEAR,0.16818,16818.00,966,966.330,25401523,25388202,16246188,41647711,3.5096,106,1442,24487849,True
PL2,LINEAR,0.2,20000.00,856,856.380,27427524,27404263,17120000,44547524,3.7738,109,1442,24487849,True
PL2,LINEAR,0.5,50000.00,441,440.750,40922965,40233859,22050000,62972965,5.6273,221,1442,24487849,True
PL2,LINEAR,5,500000.00,212,211.530,87864561,72146062,106000000,193864561,19.3322,517,1442,24487849,True
PL2,LOGISTIC,0.0001,10.00,6014,6014.420,620781,620771,60140,680921,0.8215,110,1442,811247,True
PL2,LOGISTIC,0.0002,20.00,3868,3868.500,651180,651160,77360,728540,1.2686,93,1442,811247,True
PL2,LOGISTIC,0.0005,50.00,2133,2133.230,705228,705147,106650,811878,2.0666,191,1442,811247,True
PL2,LOGISTIC,0.00070711,70.71,1726,1726.380,729519,729434,122047,851566,2.2379,105,1442,811247,True
PL2,LOGISTIC,0.0008409,84.09,1539,1538.540,743957,743929,129415,873372,2.4368,177,1442,811247,True
PL2,LOGISTIC,0.000917,91.70,1456,1456.000,751291,751193,133515,884806,2.5354,165,1442,811247,True
PL2,LOGISTIC,0.00093708,93.71,1441,1440.960,752697,752584,135033,887730,2.5542,203,1442,811247,True
PL2,LOGISTIC,0.0009576,95.76,1424,1424.490,754276,754148,136362,890638,2.5747,175,1442,811247,True
PL2,LOGISTIC,0.001,100.00,1387,1387.250,758032,757843,138700,896732,2.6256,149,1442,811247,True
PL2,LOGISTIC,0.001,100.00,1387,1387.250,758032,757843,138700,896732,2.6256,149,1442,811247,True
PL2,LOGISTIC,0.0012182,121.82,1222,1221.680,776253,776060,148864,925117,2.8679,229,1442,811247,True
PL2,LOGISTIC,0.0014142,141.42,1100,1100.030,792350,792200,155562,947912,3.2538,148,1442,811247,True
PL2,LOGISTIC,0.0015837,158.37,1028,1028.330,803058,802861,162804,965862,3.2139,112,1442,811247,True
PL2,LOGISTIC,0.0016818,168.18,994,993.960,808743,808548,167171,975914,3.4643,158,1442,811247,True
PL2,LOGISTIC,0.001691,169.10,990,989.990,809357,809162,167409,976766,3.2976,170,1442,811247,True
PL2,LOGISTIC,0.001719,171.90,970,970.000,812747,812569,166743,979490,3.3405,166,1442,811247,True
PL2,LOGISTIC,0.0017474,174.74,952,952.000,815899,815689,166352,982251,3.382,146,1442,811247,True
PL2,LOGISTIC,0.0018057,180.57,931,930.750,819732,819458,168111,987843,3.431,163,1442,811247,True
PL2,LOGISTIC,0.002,200.00,864,863.830,832397,832225,172800,1005197,3.7672,131,1442,811247,True
PL2,LOGISTIC,0.0020588,205.88,850,850.000,835112,834960,174998,1010110,3.6314,110,1442,811247,True
PL2,LOGISTIC,0.005,500.00,470,469.880,981657,956371,235000,1216657,5.7596,312,1442,811247,True
PL2,LOGISTIC,0.1,10000.00,205,205.040,1811396,1534120,2050000,3861396,20.0872,507,1442,811247,True
PL2,LOGISTIC,0.2,20000.00,121,121.000,2804107,2796714,2420000,5224107,39.297,40,1442,811247,True
PL2,LOGISTIC,0.5,50000.00,14,14.000,6179842,6179842,700000,6879842,104.1882,0,1442,811247,True
PL4,LINEAR,0.0001,10.00,14656,14656.000,1309678,1309678,146560,1456238,1.409,0,1200,21495118,True
PL4,LINEAR,0.0002,20.00,14654,14654.000,1309701,1309701,293080,1602781,1.409,0,1200,21495118,True
PL4,LINEAR,0.0005,50.00,14649,14649.000,1309872,1309872,732450,2042322,1.4104,0,1200,21495118,True
PL4,LINEAR,0.001,100.00,14556,14556.000,1318005,1318005,1455600,2773605,1.4142,0,1200,21495118,True
PL4,LINEAR,0.002,200.00,12772,12772.000,1600552,1600543,2554400,4154952,1.5367,6,1200,21495118,True
PL4,LINEAR,0.005,500.00,8242,8242.500,3077167,3076865,4121000,7198167,2.0935,21,1200,21495118,True
PL4,LINEAR,0.01,1000.00,5552,5552.500,4986131,4985481,5552000,10538131,2.6859,31,1200,21495118,True
PL4,LINEAR,0.02,2000.00,3584,3584.500,7771689,7769979,7168000,14939689,3.4529,47,1200,21495118,True
PL4,LINEAR,0.05,5000.00,1924,1923.920,12969268,12966891,9620000,22589268,4.7113,92,1200,21495118,True
PL4,LINEAR,0.070711,7071.10,1498,1498.000,15464252,15461332,10592508,26056760,2.565,66,1200,21495118,True
PL4,LINEAR,0.08409,8409.00,1343,1343.330,16658474,16652946,11293287,27951761,2.763,55,1200,21495118,True
PL4,LINEAR,0.0917,9170.00,1270,1270.500,17298851,17293133,11645900,28944751,2.8693,39,1200,21495118,True
PL4,LINEAR,0.09576,9576.00,1228,1227.500,17691521,17695531,11759328,29450849,2.9344,39,1200,21495118,True
PL4,LINEAR,0.097857,9785.70,1212,1211.500,17846505,17850646,11860268,29706773,2.9601,33,1200,21495118,True
PL4,LINEAR,0.098923,9892.30,1200,1199.500,17964583,17968725,11870760,29835343,2.9797,41,1200,21495118,True
PL4,LINEAR,0.1,10000.00,1192,1192.000,18122904,18121722,11920000,30042904,5.7855,59,1200,21495118,True
PL4,LINEAR,0.1286,12860.00,987,986.920,20384120,20383283,12692820,33076940,3.381,43,1200,21495118,True
PL4,LINEAR,0.14663,14663.00,906,905.500,21490693,21496489,13284678,34775371,3.5645,37,1200,21495118,True
PL4,LINEAR,0.16718,16718.00,816,816.500,22893188,22883830,13641888,36535076,3.7972,17,1200,21495118,True
PL4,LINEAR,0.2,20000.00,726,726.500,24685806,24674686,14520000,39205806,6.9442,42,1200,21495118,True
PL4,LINEAR,0.5,50000.00,399,399.410,36290655,34730725,19950000,56240655,8.9302,217,1200,21495118,True
PL4,LOGISTIC,0.0001,10.00,5163,5163.170,503202,503197,51630,554832,2.7729,73,1200,675702,True
PL4,LOGISTIC,0.0002,20.00,3416,3415.830,527914,527912,68320,596234,3.5313,68,1200,675702,True
PL4,LOGISTIC,0.0005,50.00,1934,1934.170,574464,574407,96700,671164,4.6086,159,1200,675702,True
PL4,LOGISTIC,0.001,100.00,1246,1245.730,622473,622452,124600,747073,5.5881,94,1200,675702,True
PL4,LOGISTIC,0.0010219,102.19,1211,1211.170,624833,624758,123752,748585,2.9883,100,1200,675702,True
PL4,LOGISTIC,0.001033,103.30,1204,1204.500,625543,625443,124373,749916,2.9986,89,1200,675702,True
PL4,LOGISTIC,0.0010386,103.86,1197,1197.000,626267,626220,124320,750587,3.011,80,1200,675702,True
PL4,LOGISTIC,0.0010443,104.43,1194,1193.500,626587,626585,124689,751276,3.016,83,1200,675702,True
PL4,LOGISTIC,0.0010905,109.05,1167,1166.750,629474,629434,127261,756735,3.0628,103,1200,675702,True
PL4,LOGISTIC,0.0011892,118.92,1092,1091.920,637992,637946,129861,767853,3.2002,72,1200,675702,True
PL4,LOGISTIC,0.0013502,135.02,1011,1011.080,648213,648127,136505,784718,3.3619,92,1200,675702,True
PL4,LOGISTIC,0.0014142,141.42,993,992.830,652294,652232,140430,792724,3.4227,97,1200,675702,True
PL4,LOGISTIC,0.0016818,168.18,873,872.830,670814,670707,146821,817635,6.4926,146,1200,675702,True
PL4,LOGISTIC,0.0017553,175.53,838,837.670,674964,674888,147094,822058,3.785,117,1200,675702,True
PL4,LOGISTIC,0.0017697,176.97,833,833.330,675841,675651,147416,823257,3.7984,109,1200,675702,True
PL4,LOGISTIC,0.0017843,178.43,823,822.750,677609,677531,146848,824457,3.823,101,1200,675702,True
PL4,LOGISTIC,0.0018138,181.38,815,814.580,679049,678996,147825,826874,3.8452,107,1200,675702,False
PL4,LOGISTIC,0.001834,183.40,819,818.830,680287,680192,150205,830492,6.6073,101,1200,675702,True
PL4,LOGISTIC,0.0018743,187.43,797,796.830,682352,682269,149382,831734,3.89,97,1200,675702,False
PL4,LOGISTIC,0.0019152,191.52,800,799.920,683781,683723,153216,836997,6.6604,93,1200,675702,True
PL4,LOGISTIC,0.002,200.00,775,775.330,688705,688547,155000,843705,3.9864,75,1200,675702,True
PL4,LOGISTIC,0.0020013,200.13,765,765.330,688563,688404,153099,841662,3.9864,81,1200,675702,False
PL4,LOGISTIC,0.0022819,228.19,699,698.750,702638,702601,159505,862143,4.2012,89,1200,675702,True
PL4,LOGISTIC,0.005,500.00,450,450.020,792389,789363,225000,1017389,8.1073,156,1200,675702,True
PL4,LOGISTIC,0.01,1000.00,332,332.010,953333,870618,332000,1285333,11.7904,446,1200,675702,True
PL4,LOGISTIC,0.1,10000.00,172,171.850,1522611,1408879,1720000,3242611,24.9583,303,1200,675702,True
PL4,LOGISTIC,0.2,20000.00,106,106.330,2364012,2347049,2120000,4484012,51.0114,45,1200,675702,True
PL4,LOGISTIC,0.5,50000.00,15,15.000,5148119,5148119,750000,5898119,107.9574,0,1200,675702,True
PL5,LINEAR,0.0001,10.00,8262,8262.000,463934,463934,82620,546554,0.7043,0,688,12763464,True
PL5,LINEAR,0.0002,20.00,8261,8261.000,463947,463947,165220,629167,0.7043,0,688,12763464,True
PL5,LINEAR,0.0005,50.00,8259,8259.000,464024,464024,412950,876974,0.7047,0,688,12763464,True
PL5,LINEAR,0.001,100.00,8208,8208.000,468559,468559,820800,1289359,0.707,0,688,12763464,True
PL5,LINEAR,0.002,200.00,7333,7333.000,608447,608447,1466600,2075047,0.7965,0,688,12763464,True
PL5,LINEAR,0.005,500.00,4861,4861.000,1412356,1412356,2430500,3842856,1.2245,0,688,12763464,True
PL5,LINEAR,0.01,1000.00,3244,3243.500,2559177,2559617,3244000,5803177,1.7047,23,688,12763464,True
PL5,LINEAR,0.02,2000.00,2106,2105.500,4178388,4179367,4212000,8390388,2.2943,10,688,12763464,True
PL5,LINEAR,0.05,5000.00,1148,1147.670,7159679,7160540,5740000,12899679,3.3038,44,688,12763464,True
PL5,LINEAR,0.1,10000.00,713,712.830,10198626,10199877,7130000,17328626,4.1559,27,688,12763464,True
PL5,LINEAR,0.10443,10443.00,688,688.000,10445550,10445414,7184784,17630334,2.7911,14,688,12763464,True
PL5,LINEAR,0.10905,10905.00,669,669.000,10649333,10649330,7295445,17944778,2.8455,8,688,12763464,True
PL5,LINEAR,0.11892,11892.00,626,626.000,11140817,11140294,7444392,18585209,2.9769,22,688,12763464,True
PL5,LINEAR,0.13576,13576.00,568,567.500,11879750,11885983,7711168,19590918,3.1743,11,688,12763464,True
PL5,LINEAR,0.14142,14142.00,562,561.830,11971009,11972898,7947804,19918813,3.2004,7,688,12763464,True
PL5,LINEAR,0.15422,15422.00,515,514.700,12666067,12669044,7942330,20608397,4.8408,39,688,12763464,True
PL5,LINEAR,0.15479,15479.00,512,512.200,12703695,12699570,7925248,20628943,3.3945,32,688,12763464,True
PL5,LINEAR,0.1559,15590.00,509,508.700,12758559,12762173,7935310,20693869,4.867,37,688,12763464,False
PL5,LINEAR,0.15606,15606.00,509,508.700,12750421,12754035,7943454,20693875,3.407,37,688,12763464,True
PL5,LINEAR,0.15734,15734.00,504,504.500,12828966,12819927,7929936,20758902,3.428,32,688,12763464,True
PL5,LINEAR,0.1576,15760.00,503,503.250,12853244,12847740,7927280,20780524,4.8953,31,688,12763464,True
PL5,LINEAR,0.15995,15995.00,497,496.550,12939789,12945730,7949515,20889304,3.4576,34,688,12763464,True
PL5,LINEAR,0.16105,16105.00,495,495.250,12979990,12974738,7971975,20951965,4.9402,33,688,12763464,True
PL5,LINEAR,0.16528,16528.00,487,486.670,13102650,13107088,8049136,21151786,3.5011,28,688,12763464,True
PL5,LINEAR,0.16818,16818.00,483,483.500,13177381,13167865,8123094,21300475,4.9795,22,688,12763464,True
PL5,LINEAR,0.17648,17648.00,466,466.500,13462476,13452909,8223968,21686444,3.5972,9,688,12763464,True
PL5,LINEAR,0.2,20000.00,434,434.000,14075780,14075596,8680000,22755780,3.7589,6,688,12763464,True
PL5,LINEAR,0.5,50000.00,219,219.500,20589770,20552359,10950000,31539770,7.1073,56,688,12763464,True
PL5,LINEAR,1,100000.00,158,157.990,26836976,24800589,15800000,42636976,9.6496,222,688,12763464,True
PL5,LINEAR,2,200000.00,131,130.660,32160530,28609021,26200000,58360530,12.7286,264,688,12763464,True
PL5,LINEAR,5,500000.00,106,106.410,39268608,36817235,53000000,92268608,16.1361,164,688,12763464,True
PL5,LOGISTIC,0.0001,10.00,2995,2995.000,307458,307457,29950,337408,1.7868,24,688,411217,True
PL5,LOGISTIC,0.0002,20.00,1973,1973.000,322022,322022,39460,361482,2.3681,10,688,411217,True
PL5,LOGISTIC,0.0005,50.00,1112,1112.000,349285,349280,55600,404885,3.2866,36,688,411217,True
PL5,LOGISTIC,0.001,100.00,712,712.000,377814,377814,71200,449014,4.1375,6,688,411217,True
PL5,LOGISTIC,0.0010443,104.43,692,692.500,379679,379625,72266,451945,2.7981,17,688,411217,True
PL5,LOGISTIC,0.0010556,105.56,690,690.500,379890,379835,72836,452726,2.8032,25,688,411217,True
PL5,LOGISTIC,0.0010614,106.14,688,688.000,380102,380100,73024,453126,2.8083,24,688,411217,True
PL5,LOGISTIC,0.0010671,106.71,684,684.000,380530,380525,72990,453520,2.8195,20,688,411217,True
PL5,LOGISTIC,0.0010905,109.05,678,678.000,381175,381173,73936,455111,2.8342,8,688,411217,True
PL5,LOGISTIC,0.0011892,118.92,645,645.000,384950,384948,76703,461653,2.9382,8,688,411217,True
PL5,LOGISTIC,0.0013798,137.98,583,583.420,392942,392858,80442,473384,3.1429,44,688,411217,True
PL5,LOGISTIC,0.0014142,141.42,571,571.000,394788,394765,80751,475539,3.1912,36,688,411217,True
PL5,LOGISTIC,0.0016818,168.18,512,511.920,403875,403821,86108,489983,4.7838,87,688,411217,True
PL5,LOGISTIC,0.0017937,179.37,496,495.920,406464,406412,88968,495432,3.4927,73,688,411217,True
PL5,LOGISTIC,0.001834,183.40,486,486.080,408483,408372,89132,497615,4.881,91,688,411217,True
PL5,LOGISTIC,0.0018535,185.35,478,477.580,409758,409763,88597,498355,3.5789,82,688,411217,True
PL5,LOGISTIC,0.0018842,188.42,473,472.710,410704,410676,89123,499827,3.5998,76,688,411217,True
PL5,LOGISTIC,0.0019152,191.52,465,465.330,412385,412244,89057,501442,4.9611,79,688,411217,False
PL5,LOGISTIC,0.0019153,191.53,465,465.330,412213,412072,89061,501274,3.6408,79,688,411217,True
PL5,LOGISTIC,0.002,200.00,454,454.420,414534,414377,90800,505334,3.6952,100,688,411217,True
PL5,LOGISTIC,0.0020452,204.52,441,440.750,416974,416965,90193,507167,3.7666,58,688,411217,True
PL5,LOGISTIC,0.0023318,233.18,402,402.500,425551,425330,93738,519289,3.9811,67,688,411217,True
PL5,LOGISTIC,0.005,500.00,243,242.670,479569,479656,121500,601069,6.6078,38,688,411217,True
PL5,LOGISTIC,0.01,1000.00,180,180.140,551449,523720,180000,731449,9.1265,229,688,411217,True
PL5,LOGISTIC,0.02,2000.00,146,145.810,635525,570747,292000,927525,12.094,253,688,411217,True
PL5,LOGISTIC,0.05,5000.00,120,120.090,758445,650366,600000,1358445,15.3749,264,688,411217,True
PL5,LOGISTIC,0.1,10000.00,99,99.430,833261,803357,990000,1823261,19.5494,197,688,411217,True
PL5,LOGISTIC,0.2,20000.00,62,62.070,1356590,1349418,1240000,2596590,41.195,34,688,411217,True
PL5,LOGISTIC,0.5,50000.00,7,7.000,3158830,3158830,350000,3508830,104.8975,0,688,411217,True
PL6,LINEAR,0.0001,10.00,12927,12927.000,1792480,1792480,129270,1921750,1.803,0,1023,21062505,True
PL6,LINEAR,0.0002,20.00,12924,12924.000,1792520,1792520,258480,2051000,1.8031,0,1023,21062505,True
PL6,LINEAR,0.0005,50.00,12920,12920.000,1792655,1792655,646000,2438655,1.8032,0,1023,21062505,True
PL6,LINEAR,0.001,100.00,12843,12843.000,1799530,1799530,1284300,3083830,1.8068,0,1023,21062505,True
PL6,LINEAR,0.002,200.00,11317,11317.000,2042317,2042299,2263400,4305717,1.9371,4,1023,21062505,True
PL6,LINEAR,0.005,500.00,7284,7283.500,3360165,3360381,3642000,7002165,2.5115,3,1023,21062505,True
PL6,LINEAR,0.01,1000.00,4825,4825.000,5094981,5094842,4825000,9919981,3.1531,36,1023,21062505,True
PL6,LINEAR,0.02,2000.00,3142,3142.330,7466883,7465523,6284000,13750883,3.9414,83,1023,21062505,True
PL6,LINEAR,0.05,5000.00,1749,1749.330,11812304,11810271,8745000,20557304,5.2255,31,1023,21062505,True
PL6,LINEAR,0.1,10000.00,1111,1111.330,16317870,16309929,11110000,27427870,6.3775,87,1023,21062505,True
PL6,LINEAR,0.10905,10905.00,1047,1047.000,16984412,16980209,11417535,28401947,3.0442,82,1023,21062505,True
PL6,LINEAR,0.11144,11144.00,1030,1029.500,17171794,17173090,11478320,28650114,3.0778,83,1023,21062505,True
PL6,LINEAR,0.11265,11265.00,1025,1025.000,17227402,17223424,11546625,28774027,3.0878,76,1023,21062505,True
PL6,LINEAR,0.11388,11388.00,1013,1013.000,17362685,17359283,11536044,28898729,3.112,74,1023,21062505,True
PL6,LINEAR,0.11892,11892.00,987,987.250,17664669,17657578,11737404,29402073,3.1662,77,1023,21062505,True
PL6,LINEAR,0.14142,14142.00,878,878.500,19078435,19069609,12416676,31495111,3.4196,27,1023,21062505,True
PL6,LINEAR,0.14645,14645.00,861,861.000,19323461,19320928,12609345,31932806,3.4635,44,1023,21062505,True
PL6,LINEAR,0.16698,16698.00,797,796.750,20324081,20324151,13308306,33632387,3.6428,52,1023,21062505,True
PL6,LINEAR,0.1783,17830.00,758,757.500,21005051,21004416,13515140,34520191,3.7649,78,1023,21062505,True
PL6,LINEAR,0.17976,17976.00,752,752.000,21110369,21102892,13517952,34628321,3.7838,71,1023,21062505,True
PL6,LINEAR,0.18124,18124.00,744,744.500,21255409,21238291,13484256,34739665,3.8098,74,1023,21062505,True
PL6,LINEAR,0.18424,18424.00,734,734.500,21436459,21420755,13523216,34959675,3.8422,66,1023,21062505,True
PL6,LINEAR,0.19038,19038.00,716,716.500,21773034,21758497,13631208,35404242,3.9025,64,1023,21062505,True
PL6,LINEAR,0.2,20000.00,691,691.080,22265475,22258562,13820000,36085475,3.99,62,1023,21062505,True
PL6,LINEAR,0.5,50000.00,342,341.620,33170579,33116872,17100000,50270579,9.6463,105,1023,21062505,True
PL6,LINEAR,1,100000.00,239,239.220,41199154,40135928,23900000,65099154,12.5354,210,1023,21062505,True
PL6,LOGISTIC,0.0001,10.00,4569,4568.830,469158,469157,45690,514848,3.2267,63,1023,642344,True
PL6,LOGISTIC,0.0002,20.00,3047,3046.670,490671,490660,60940,551611,3.9468,126,1023,642344,True
PL6,LOGISTIC,0.0005,50.00,1780,1780.170,530107,530043,89000,619107,5.0396,136,1023,642344,True
PL6,LOGISTIC,0.001,100.00,1150,1149.670,574556,574503,115000,689556,6.1554,104,1023,642344,True
PL6,LOGISTIC,0.0011892,118.92,1034,1033.500,587156,587114,122963,710119,3.0987,110,1023,642344,True
PL6,LOGISTIC,0.0012152,121.52,1022,1022.500,588613,588436,124193,712806,3.1216,131,1023,642344,True
PL6,LOGISTIC,0.0012419,124.19,1010,1010.330,590082,589931,125432,715514,3.1457,110,1023,642344,True
PL6,LOGISTIC,0.0012968,129.68,986,985.500,593115,593082,127864,720979,3.1936,126,1023,642344,True
PL6,LOGISTIC,0.0014142,141.42,939,938.580,599394,599364,132793,732187,3.2983,111,1023,642344,True
PL6,LOGISTIC,0.0015798,157.98,881,880.500,608082,608070,139180,747262,3.4414,119,1023,642344,True
PL6,LOGISTIC,0.002,200.00,751,751.330,631431,631188,150200,781631,3.8404,123,1023,642344,True
PL6,LOGISTIC,0.002,200.00,751,751.330,631431,631188,150200,781631,3.8404,123,1023,642344,True
PL6,LOGISTIC,0.0020538,205.38,735,735.000,634564,634403,150954,785518,3.8895,134,1023,642344,True
PL6,LOGISTIC,0.002193,219.30,700,700.330,642058,641729,153510,795568,4.0116,130,1023,642344,True
PL6,LOGISTIC,0.0022427,224.27,689,688.830,644643,644381,154522,799165,7.4005,139,1023,642344,True
PL6,LOGISTIC,0.0023417,234.17,668,667.620,649302,649145,156426,805728,4.1354,125,1023,642344,True
PL6,LOGISTIC,0.0025149,251.49,631,630.880,658626,658175,158690,817316,7.5749,186,1023,642344,True
PL6,LOGISTIC,0.0026699,266.99,600,599.750,666416,666144,160194,826610,4.4088,193,1023,642344,True
PL6,LOGISTIC,0.0031623,316.23,534,534.130,685471,685257,168867,854338,7.9248,95,1023,642344,True
PL6,LOGISTIC,0.005,500.00,400,400.470,739732,738178,200000,939732,8.9052,142,1023,642344,True
PL6,LOGISTIC,0.01,1000.00,281,281.470,831278,819002,281000,1112278,10.7555,254,1023,642344,True
PL6,LOGISTIC,0.1,10000.00,139,139.010,1334504,1311180,1390000,2724504,22.8141,120,1023,642344,True
PL6,LOGISTIC,0.2,20000.00,93,92.920,2003343,1991559,1860000,3863343,48.2066,44,1023,642344,True
PL6,LOGISTIC,0.5,50000.00,19,19.000,4346225,4346225,950000,5296225,103.5492,0,1023,642344,True
PL7,LINEAR,0.0001,10.00,11224,11224.000,924824,924824,112240,1037064,0.2616,0,675,13580945,True
PL7,LINEAR,0.0002,20.00,11221,11221.000,924870,924870,224420,1149290,0.2616,0,675,13580945,True
PL7,LINEAR,0.0005,50.00,11220,11220.000,924900,924900,561000,1485900,0.2616,0,675,13580945,True
PL7,LINEAR,0.001,100.00,11139,11139.000,931949,931949,1113900,2045849,0.2636,0,675,13580945,True
PL7,LINEAR,0.002,200.00,9543,9543.000,1186872,1186872,1908600,3095472,0.3357,0,675,13580945,True
PL7,LINEAR,0.005,500.00,5414,5414.000,2517879,2517793,2707000,5224879,0.7121,48,675,13580945,True
PL7,LINEAR,0.01,1000.00,3258,3258.500,4036117,4035357,3258000,7294117,1.1415,69,675,13580945,True
PL7,LINEAR,0.02,2000.00,1987,1987.000,5816772,5814770,3974000,9790772,1.6451,149,675,13580945,True
PL7,LINEAR,0.05,5000.00,1080,1080.080,8643504,8638243,5400000,14043504,2.4445,165,675,13580945,True
PL7,LINEAR,0.1,10000.00,675,675.500,11479969,11468488,6750000,18229969,3.2467,113,675,13580945,True
PL7,LINEAR,0.10054,10054.00,672,672.000,11510541,11503596,6756288,18266829,3.2554,110,675,13580945,True
PL7,LINEAR,0.10109,10109.00,670,670.080,11531125,11522918,6773030,18304155,3.2612,103,675,13580945,True
PL7,LINEAR,0.10219,10219.00,665,664.830,11581287,11576306,6795635,18376922,3.2754,97,675,13580945,True
PL7,LINEAR,0.10443,10443.00,656,655.580,11672234,11671998,6850608,18522842,3.3011,80,675,13580945,True
PL7,LINEAR,0.10905,10905.00,640,640.500,11841671,11832685,6979200,18820871,3.349,57,675,13580945,True
PL7,LINEAR,0.11892,11892.00,608,608.500,12206999,12198166,7230336,19437335,3.4523,69,675,13580945,True
PL7,LINEAR,0.13,13000.00,566,566.500,12728167,12720353,7358000,20086167,3.5997,41,675,13580945,True
PL7,LINEAR,0.14142,14142.00,535,534.670,13152319,13152988,7565970,20718289,3.7197,77,675,13580945,True
PL7,LINEAR,0.14822,14822.00,515,515.000,13446703,13438069,7633330,21080033,3.8029,70,675,13580945,True
PL7,LINEAR,0.15067,15067.00,507,507.000,13566443,13557843,7638969,21205412,3.8368,64,675,13580945,True
PL7,LINEAR,0.15316,15316.00,502,501.500,13643397,13641532,7688632,21332029,3.8586,71,675,13580945,True
PL7,LINEAR,0.15827,15827.00,492,492.500,13800762,13781301,7786884,21587646,3.9031,81,675,13580945,True
PL7,LINEAR,0.169,16900.00,476,476.500,14059339,14041256,8044400,22103739,3.9762,75,675,13580945,True
PL7,LINEAR,0.2,20000.00,417,417.330,15140830,15124342,8340000,23480830,4.2756,89,675,13580945,True
PL7,LINEAR,0.5,50000.00,216,215.800,21754201,21445398,10800000,32554201,6.3157,192,675,13580945,True
PL7,LINEAR,5,500000.00,91,90.540,41585008,40944965,45500000,87085008,18.1843,109,675,13580945,True
PL7,LOGISTIC,0.0001,10.00,3011,3011.170,304387,304379,30110,334497,1.218,91,675,404577,True
PL7,LOGISTIC,0.0002,20.00,1910,1909.670,319807,319794,38200,358007,1.6942,161,675,404577,True
PL7,LOGISTIC,0.0005,50.00,1091,1091.000,345424,345383,54550,399974,2.4376,157,675,404577,True
PL7,LOGISTIC,0.001,100.00,701,700.750,372851,372779,70100,442951,3.1958,122,675,404577,True
PL7,LOGISTIC,0.0010443,104.43,682,681.880,374822,374709,71221,446043,3.2466,161,675,404577,True
PL7,LOGISTIC,0.0010556,105.56,676,676.120,375420,375314,71359,446779,3.2629,143,675,404577,True
PL7,LOGISTIC,0.0010671,106.71,672,672.220,375856,375728,71709,447565,3.2752,166,675,404577,True
PL7,LOGISTIC,0.0010905,109.05,666,666.120,376482,376387,72627,449109,3.2924,174,675,404577,True
PL7,LOGISTIC,0.0011892,118.92,635,634.830,380023,379954,75514,455537,3.3844,108,675,404577,True
PL7,LOGISTIC,0.0013723,137.23,576,576.000,387509,387485,79044,466553,3.5907,55,675,404577,True
PL7,LOGISTIC,0.0014142,141.42,564,564.000,389205,389155,79761,468966,3.6347,87,675,404577,True
PL7,LOGISTIC,0.0016818,168.18,498,498.420,399499,399253,83754,483253,3.9117,162,675,404577,True
PL7,LOGISTIC,0.001784,178.40,480,480.000,402737,402460,85632,488369,3.9961,182,675,404577,True
PL7,LOGISTIC,0.001834,183.40,476,475.500,403444,403272,87298,490742,4.0115,179,675,404577,True
PL7,LOGISTIC,0.001905,190.50,468,468.000,404859,404673,89154,494013,4.0492,171,675,404577,True
PL7,LOGISTIC,0.002,200.00,454,454.500,407594,407319,90800,498394,4.1185,171,675,404577,True
PL7,LOGISTIC,0.0020341,203.41,449,448.830,408597,408463,91331,499928,4.1432,120,675,404577,True
PL7,LOGISTIC,0.0023193,231.93,420,419.830,415106,414818,97411,512517,4.3006,149,675,404577,True
PL7,LOGISTIC,0.005,500.00,251,251.370,473266,470449,125500,598766,5.7328,183,675,404577,True
PL7,LOGISTIC,0.1,10000.00,89,89.230,854195,836626,890000,1744195,18.9001,104,675,404577,True
PL7,LOGISTIC,0.2,20000.00,55,55.400,1348488,1335024,1100000,2448488,40.3082,44,675,404577,True
PL7,LOGISTIC,0.5,50000.00,3,3.000,3037841,3037841,150000,3187841,112.0391,0,675,404577,True
PL8,LINEAR,0.0001,10.00,16482,16482.000,1681082,1681082,164820,1845902,0.3324,0,1065,22928948,True
PL8,LINEAR,0.0002,20.00,16479,16479.000,1681129,1681129,329580,2010709,0.3324,0,1065,22928948,True
PL8,LINEAR,0.0005,50.00,16471,16471.000,1681402,1681402,823550,2504952,0.3325,0,1065,22928948,True
PL8,LINEAR,0.001,100.00,16372,16372.000,1690171,1690171,1637200,3327371,0.3342,0,1065,22928948,True
PL8,LINEAR,0.002,200.00,14328,14328.000,2014850,2014850,2865600,4880450,0.3984,0,1065,22928948,True
PL8,LINEAR,0.005,500.00,8848,8848.500,3816096,3815777,4424000,8240096,0.7546,21,1065,22928948,True
PL8,LINEAR,0.01,1000.00,5478,5478.500,6200874,6199885,5478000,11678874,5.5239,101,1065,22928948,True
PL8,LINEAR,0.02,2000.00,3327,3327.250,9240952,9239498,6654000,15894952,1.8273,109,1065,22928948,True
PL8,LINEAR,0.05,5000.00,1737,1737.000,14126617,14122011,8685000,22811617,2.7935,138,1065,22928948,True
PL8,LINEAR,0.1,10000.00,1081,1081.380,18737288,18727725,10810000,29547288,3.7052,96,1065,22928948,True
PL8,LINEAR,0.10219,10219.00,1067,1066.620,18878152,18876893,10903673,29781825,3.7331,88,1065,22928948,True
PL8,LINEAR,0.10443,10443.00,1049,1048.670,19061997,19062147,10954707,30016704,3.7694,95,1065,22928948,True
PL8,LINEAR,0.10905,10905.00,1022,1021.580,19353020,19352172,11144910,30497930,3.827,132,1065,22928948,True
PL8,LINEAR,0.11892,11892.00,963,963.000,20029715,20018681,11451996,31481711,3.9608,135,1065,22928948,True
PL8,LINEAR,0.13285,13285.00,889,889.080,20954029,20947358,11810365,32764394,4.1435,121,1065,22928948,True
PL8,LINEAR,0.14142,14142.00,850,850.500,21489410,21473931,12020700,33510110,4.2494,118,1065,22928948,True
PL8,LINEAR,0.15147,15147.00,809,808.670,22088880,22085086,12253923,34342803,4.368,145,1065,22928948,True
PL8,LINEAR,0.16174,16174.00,758,758.170,22882497,22876041,12259892,35142389,4.5249,85,1065,22928948,True
PL8,LINEAR,0.16441,16441.00,755,755.250,22930495,22923617,12412955,35343450,4.5344,72,1065,22928948,True
PL8,LINEAR,0.16713,16713.00,748,747.500,23046202,23052151,12501324,35547526,4.5573,49,1065,22928948,True
PL8,LINEAR,0.1727,17270.00,732,731.500,23318789,23324634,12641640,35960429,4.6112,59,1065,22928948,True
PL8,LINEAR,0.2,20000.00,660,660.000,24649385,24648030,13200000,37849385,4.8743,52,1065,22928948,True
PL8,LINEAR,0.5,50000.00,347,346.570,35321246,34396497,17350000,52671246,6.9846,329,1065,22928948,True
PL8,LOGISTIC,0.0001,10.00,5073,5073.330,439812,439805,50730,490542,1.3141,77,1065,618647,True
PL8,LOGISTIC,0.0002,20.00,3170,3170.500,466745,466722,63400,530145,1.8981,135,1065,618647,True
PL8,LOGISTIC,0.0005,50.00,1766,1766.500,510315,510240,88300,598615,2.7791,154,1065,618647,True
PL8,LOGISTIC,0.001,100.00,1147,1147.130,553831,553684,114700,668531,3.6029,149,1065,618647,True
PL8,LOGISTIC,0.0010905,109.05,1094,1093.830,559406,559269,119301,678707,3.703,223,1065,618647,True
PL8,LOGISTIC,0.0011388,113.88,1063,1063.000,562842,562706,121054,683896,3.7669,170,1065,618647,True
PL8,LOGISTIC,0.0011892,118.92,1036,1035.500,565947,565904,123201,689148,3.8275,143,1065,618647,True
PL8,LOGISTIC,0.0014142,141.42,924,923.500,580367,580320,130672,711039,4.0834,145,1065,618647,True
PL8,LOGISTIC,0.0014804,148.04,889,889.080,585544,585294,131608,717152,4.179,191,1065,618647,True
PL8,LOGISTIC,0.0019246,192.46,745,745.170,609997,609620,143383,753380,4.6135,236,1065,618647,True
PL8,LOGISTIC,0.002,200.00,728,728.390,613380,612904,145600,758980,4.6713,240,1065,618647,True
PL8,LOGISTIC,0.002,200.00,728,728.390,613380,612904,145600,758980,4.6713,240,1065,618647,True
PL8,LOGISTIC,0.002055,205.50,716,715.540,615639,615505,147138,762777,4.7109,182,1065,618647,True
PL8,LOGISTIC,0.0021179,211.79,699,699.250,619144,618911,148041,767185,4.7697,140,1065,618647,True
PL8,LOGISTIC,0.0021235,212.35,697,696.920,619572,619406,148008,767580,4.7789,139,1065,618647,True
PL8,LOGISTIC,0.0021943,219.43,684,684.080,622282,622170,150090,772372,4.822,110,1065,618647,True
PL8,LOGISTIC,0.0022427,224.27,674,674.330,624448,624326,151158,775606,4.8621,83,1065,618647,True
PL8,LOGISTIC,0.0025019,250.19,642,641.740,632180,632094,160622,792802,4.9989,119,1065,618647,True
PL8,LOGISTIC,0.0025149,251.49,638,638.170,633172,632990,160451,793623,5.0143,115,1065,618647,True
PL8,LOGISTIC,0.0031623,316.23,555,554.830,657324,656342,175508,832832,5.4081,194,1065,618647,True
PL8,LOGISTIC,0.005,500.00,416,416.280,727722,710675,208000,935722,6.5243,356,1065,618647,True
PL8,LOGISTIC,0.1,10000.00,149,149.470,1356222,1291368,1490000,2846222,20.4282,211,1065,618647,True
PL8,LOGISTIC,0.2,20000.00,87,87.100,2214917,2207625,1740000,3954917,43.9544,23,1065,618647,True
PL8,LOGISTIC,0.5,50000.00,12,12.000,4384864,4384864,600000,4984864,102.3302,0,1065,618647,True
PL9,LINEAR,0.0001,10.00,12129,12129.000,1216822,1216822,121290,1338112,0.222,0,933,17516050,True
PL9,LINEAR,0.0002,20.00,12126,12126.000,1216857,1216857,242520,1459377,0.222,0,933,17516050,True
PL9,LINEAR,0.0005,50.00,12123,12123.000,1216996,1216996,606150,1823146,0.222,0,933,17516050,True
PL9,LINEAR,0.001,100.00,12046,12046.000,1223887,1223887,1204600,2428487,0.2233,0,933,17516050,True
PL9,LINEAR,0.002,200.00,10324,10324.000,1496907,1496907,2064800,3561707,0.2731,0,933,17516050,True
PL9,LINEAR,0.005,500.00,6278,6278.000,2812740,2812669,3139000,5951740,0.5131,42,933,17516050,True
PL9,LINEAR,0.01,1000.00,4067,4066.830,4381973,4381586,4067000,8448973,0.7993,80,933,17516050,True
PL9,LINEAR,0.02,2000.00,2656,2656.500,6377255,6374724,5312000,11689255,1.1633,105,933,17516050,True
PL9,LINEAR,0.05,5000.00,1511,1510.830,10000032,9997016,7555000,17555032,1.8242,145,933,17516050,True
PL9,LINEAR,0.1,10000.00,989,988.500,13685721,13685386,9890000,23575721,2.4965,96,933,17516050,True
PL9,LINEAR,0.10443,10443.00,963,963.170,13950994,13943834,10056609,24007603,2.5449,91,933,17516050,True
PL9,LINEAR,0.10671,10671.00,948,948.170,14107489,14102265,10116108,24223597,2.5734,69,933,17516050,True
PL9,LINEAR,0.10788,10788.00,936,936.000,14234432,14232630,10097568,24332000,2.5966,66,933,17516050,True
PL9,LINEAR,0.10846,10846.00,935,934.750,14245194,14246151,10141010,24386204,2.5985,67,933,17516050,True
PL9,LINEAR,0.10905,10905.00,926,926.250,14344212,14338572,10098030,24442242,2.6166,84,933,17516050,True
PL9,LINEAR,0.11892,11892.00,871,871.170,14972463,14964921,10357932,25330395,2.7312,89,933,17516050,True
PL9,LINEAR,0.141,14100.00,779,779.000,16163050,16161360,10983900,27146950,2.9484,52,933,17516050,True
PL9,LINEAR,0.14142,14142.00,779,779.000,16163050,16161360,11016618,27179668,2.9484,52,933,17516050,True
PL9,LINEAR,0.16077,16077.00,711,711.250,17192027,17182156,11430747,28622774,3.1361,80,933,17516050,True
PL9,LINEAR,0.16612,16612.00,700,699.920,17372708,17367460,11628400,29001108,3.169,62,933,17516050,True
PL9,LINEAR,0.16887,16887.00,693,693.000,17489745,17483078,11702691,29192436,3.1904,70,933,17516050,True
PL9,LINEAR,0.17166,17166.00,686,686.170,17610346,17599470,11775876,29386222,3.2124,87,933,17516050,True
PL9,LINEAR,0.1833,18330.00,659,659.230,18098124,18080144,12079470,30177594,3.3014,93,933,17516050,True
PL9,LINEAR,0.2,20000.00,615,614.670,18935542,18932489,12300000,31235542,3.4506,73,933,17516050,True
PL9,LINEAR,0.5,50000.00,317,317.040,28773447,28204563,15850000,44623447,5.3922,203,933,17516050,True
PL9,LINEAR,5,500000.00,134,134.320,55389939,53495722,67000000,122389939,15.2449,182,933,17516050,True
PL9,LOGISTIC,0.0001,10.00,3802,3802.250,455133,455123,38020,493153,0.8525,95,933,590862,True
PL9,LOGISTIC,0.0002,20.00,2566,2565.500,472521,472513,51320,523841,1.2008,118,933,590862,True
PL9,LOGISTIC,0.0005,50.00,1497,1497.080,506301,506238,74850,581151,1.8462,176,933,590862,True
PL9,LOGISTIC,0.001,100.00,994,994.170,541922,541840,99400,641322,2.5055,153,933,590862,True
PL9,LOGISTIC,0.0010905,109.05,946,946.250,546994,546877,103161,650155,2.5966,133,933,590862,True
PL9,LOGISTIC,0.0011144,111.44,935,935.420,548197,548073,104196,652393,2.6185,114,933,590862,True
PL9,LOGISTIC,0.0011204,112.04,930,930.420,548756,548632,104197,652953,2.6287,114,933,590862,True
PL9,LOGISTIC,0.0011265,112.65,928,928.330,548980,548866,104539,653519,2.6332,110,933,590862,True
PL9,LOGISTIC,0.0011388,113.88,920,919.580,549903,549857,104770,654673,2.6505,146,933,590862,True
PL9,LOGISTIC,0.0011892,118.92,899,898.750,552347,552269,106909,659256,2.6937,140,933,590862,True
PL9,LOGISTIC,0.0014142,141.42,802,802.250,565054,564805,113419,678473,2.9172,196,933,590862,True
PL9,LOGISTIC,0.0014487,144.87,795,794.960,566019,565849,115172,681191,2.9343,188,933,590862,True
PL9,LOGISTIC,0.0016818,168.18,722,722.250,577519,577229,121426,698945,3.1345,168,933,590862,True
PL9,LOGISTIC,0.001834,183.40,680,679.900,584869,584660,124712,709581,3.2634,208,933,590862,True
PL9,LOGISTIC,0.0018833,188.33,670,669.920,586741,586517,126181,712922,3.294,193,933,590862,True
PL9,LOGISTIC,0.0019152,191.52,661,660.830,588488,588246,126595,715083,3.3244,190,933,590862,True
PL9,LOGISTIC,0.002,200.00,645,644.790,591613,591390,129000,720613,3.38,179,933,590862,True
PL9,LOGISTIC,0.002011,201.10,644,643.500,591813,591649,129508,721321,3.3838,180,933,590862,True
PL9,LOGISTIC,0.0021473,214.73,609,609.250,599066,598739,130771,729837,3.5119,121,933,590862,True
PL9,LOGISTIC,0.0024483,244.83,562,562.330,609756,609550,137594,747350,3.6997,94,933,590862,True
PL9,LOGISTIC,0.005,500.00,347,346.840,693627,684833,173500,867127,5.126,230,933,590862,True
PL9,LOGISTIC,0.1,10000.00,131,130.610,1262277,1148547,1310000,2572277,18.4464,223,933,590862,True
PL9,LOGISTIC,0.2,20000.00,82,82.170,1888872,1870887,1640000,3528872,36.0217,57,933,590862,True
PL9,LOGISTIC,0.5,50000.00,19,19.000,3794014,3793507,950000,4744014,89.0061,4,933,590862,True
AGGREGATE,LINEAR,0.0001,10.00,469380,469380.000,69518288,69518288,4693800,74212088,,0,51350,964560939,True
AGGREGATE,LINEAR,0.00015,15.00,469346,469346.167,69518772,69518772,7040190,76558962,,0,51350,964560939,True
AGGREGATE,LINEAR,0.0002,20.00,469322,469322.000,69519129,69519129,9386440,78905569,,0,51350,964560939,True
AGGREGATE,LINEAR,0.0003,30.00,469266,469266.094,69520962,69520962,14077980,83598942,,0,51350,964560939,True
AGGREGATE,LINEAR,0.0005,50.00,469196,469196.000,69523421,69523421,23459800,92983221,,0,51350,964560939,True
AGGREGATE,LINEAR,0.0007,70.00,468636,468636.118,69571846,69571846,32804520,102376366,,0,51350,964560939,True
AGGREGATE,LINEAR,0.001,100.00,467796,467796.000,69646254,69646254,46779600,116425854,,0,51350,964560939,True
AGGREGATE,LINEAR,0.0015,150.00,447253,447254.657,72879334,72878958,67087950,139967284,,24,51350,964560939,True
AGGREGATE,LINEAR,0.002,200.00,429561,429563.500,75811445,75810864,85912200,161723645,,45,51350,964560939,True
AGGREGATE,LINEAR,0.003,300.00,374210,374211.076,93302662,93301853,112263000,205565662,,219,51350,964560939,True
AGGREGATE,LINEAR,0.005,500.00,303798,303798.170,117396036,117394719,151899000,269295036,,464,51350,964560939,True
AGGREGATE,LINEAR,0.007,700.00,261352,261351.848,146652108,146649294,182946400,329598508,,693,51350,964560939,True
AGGREGATE,LINEAR,0.01,1000.00,217282,217281.700,179003556,178998549,217282000,396285556,,942,51350,964560939,True
AGGREGATE,LINEAR,0.015,1500.00,177469,177465.812,234124106,234117301,266203500,500327606,,1253,51350,964560939,True
AGGREGATE,LINEAR,0.02,2000.00,149895,149893.160,274800920,274789804,299790000,574590920,,1473,51350,964560939,True
AGGREGATE,LINEAR,0.03,3000.00,121456,121453.667,360837285,360809204,364368000,725205285,,1786,51350,964560939,True
AGGREGATE,LINEAR,0.05,5000.00,86890,86891.050,474685093,474623547,434450000,909135093,,2092,51350,964560939,True
AGGREGATE,LINEAR,0.054525,5452.50,82660,82661.506,501049670,500979415,450703650,951753320,,2141,51350,964560939,True
AGGREGATE,LINEAR,0.055719,5571.90,81605,81606.650,507644005,507567766,454694900,962338904,,2164,51350,964560939,True
AGGREGATE,LINEAR,0.056326,5632.60,81069,81070.771,510986801,510911371,456629249,967616050,,2155,51350,964560939,True
AGGREGATE,LINEAR,0.056632,5663.20,80801,80803.021,512658605,512582751,457592223,970250829,,2165,51350,964560939,True
AGGREGATE,LINEAR,0.056939,5693.90,80543,80544.815,514276422,514199988,458603788,972880210,,2168,51350,964560939,True
AGGREGATE,LINEAR,0.05946,5946.00,78426,78428.267,527525342,527441623,466320996,993846338,,2196,51350,964560939,True
AGGREGATE,LINEAR,0.06457,6457.00,74443,74445.280,552694604,552601088,480678451,1033373055,,2297,51350,964560939,True
AGGREGATE,LINEAR,0.064842,6484.20,74239,74240.923,553990230,553896224,481380524,1035370754,,2298,51350,964560939,True
AGGREGATE,LINEAR,0.067713,6771.30,72118,72120.478,567481007,567379653,488332613,1055813620,,2314,51350,964560939,True
AGGREGATE,LINEAR,0.068948,6894.80,71230,71232.971,573142863,573038415,491116604,1064259467,,2326,51350,964560939,True
AGGREGATE,LINEAR,0.07,7000.00,70501,70503.806,577795971,577690246,493507000,1071302971,,2376,51350,964560939,True
AGGREGATE,LINEAR,0.070711,7071.10,70025,70028.084,581068978,580962202,495153777,1076222755,,2406,51350,964560939,True
AGGREGATE,LINEAR,0.071246,7124.60,69687,69688.858,583622971,583520275,496492000,1080114971,,2419,51350,964560939,True
AGGREGATE,LINEAR,0.071481,7148.10,69539,69540.599,584739993,584638763,497071726,1081811719,,2419,51350,964560939,True
AGGREGATE,LINEAR,0.072259,7225.90,69050,69052.537,588428014,588322380,498948395,1087376409,,2421,51350,964560939,True
AGGREGATE,LINEAR,0.072424,7242.40,68948,68950.548,589198705,589092958,499348995,1088547700,,2421,51350,964560939,True
AGGREGATE,LINEAR,0.07302,7302.00,68582,68584.363,591966219,591861230,500785764,1092751983,,2424,51350,964560939,True
AGGREGATE,LINEAR,0.073622,7362.20,68210,68211.781,594786249,594677296,502175662,1096961911,,2438,51350,964560939,True
AGGREGATE,LINEAR,0.073841,7384.10,68074,68075.034,595815321,595710838,502665223,1098480545,,2431,51350,964560939,True
AGGREGATE,LINEAR,0.074645,7464.50,67583,67584.682,599544478,599435751,504473304,1104017781,,2427,51350,964560939,True
AGGREGATE,LINEAR,0.075051,7505.10,67340,67341.595,601394516,601283586,505393434,1106787950,,2432,51350,964560939,True
AGGREGATE,LINEAR,0.075458,7545.80,67102,67104.440,603201837,603087162,506338272,1109540109,,2431,51350,964560939,True
AGGREGATE,LINEAR,0.077111,7711.10,66133,66136.284,610584075,610460503,509958176,1120542251,,2465,51350,964560939,True
AGGREGATE,LINEAR,0.080525,8052.50,64205,64207.521,625429767,625308490,517010762,1142440529,,2440,51350,964560939,True
AGGREGATE,LINEAR,0.081401,8140.10,63718,63721.399,629179065,629053925,518670892,1147849957,,2437,51350,964560939,True
AGGREGATE,LINEAR,0.082288,8228.80,63236,63238.994,632895088,632769710,520356397,1153251485,,2425,51350,964560939,True
AGGREGATE,LINEAR,0.08409,8409.00,62261,62263.257,640416161,640294254,523552749,1163968910,,2415,51350,964560939,True
AGGREGATE,LINEAR,0.085931,8593.10,61319,61321.996,648025394,647892600,526920299,1174945693,,2482,51350,964560939,True
AGGREGATE,LINEAR,0.086398,8639.80,61083,61085.312,649938310,649803948,527744903,1177683214,,2500,51350,964560939,True
AGGREGATE,LINEAR,0.086867,8686.70,60846,60848.896,651849170,651713241,528550948,1180400119,,2518,51350,964560939,True
AGGREGATE,LINEAR,0.087813,8781.30,60376,60378.393,655646312,655511684,530179769,1185826080,,2556,51350,964560939,True
AGGREGATE,LINEAR,0.088289,8828.90,60138,60140.553,657576529,657437243,530952388,1188528918,,2538,51350,964560939,True
AGGREGATE,LINEAR,0.088769,8876.90,59902,59904.898,659485734,659343321,531744064,1191229797,,2551,51350,964560939,True
AGGREGATE,LINEAR,0.089251,8925.10,59669,59671.974,661367769,661226122,532551792,1193919561,,2526,51350,964560939,True
AGGREGATE,LINEAR,0.089735,8973.50,59434,59436.500,663274124,663132232,533330999,1196605123,,2504,51350,964560939,True
AGGREGATE,LINEAR,0.0917,9170.00,58497,58500.110,670863258,670713296,536417490,1207280748,,2529,51350,964560939,True
AGGREGATE,LINEAR,0.093708,9370.80,57554,57555.607,678608733,678468956,539327023,1217935756,,2494,51350,964560939,True
AGGREGATE,LINEAR,0.094729,9472.90,57085,57086.656,682457075,682317298,540760496,1223217571,,2469,51350,964560939,True
AGGREGATE,LINEAR,0.09576,9576.00,56619,56620.691,686274881,686139100,542183544,1228458425,,2467,51350,964560939,True
AGGREGATE,LINEAR,0.09628,9628.00,56386,56386.690,688198213,688067979,542884408,1231082621,,2431,51350,964560939,True
AGGREGATE,LINEAR,0.096803,9680.30,56152,56153.444,690122702,689989759,543568206,1233690907,,2416,51350,964560939,True
AGGREGATE,LINEAR,0.097857,9785.70,55687,55688.181,693952803,693822565,544936276,1238889079,,2400,51350,964560939,True
AGGREGATE,LINEAR,0.098389,9838.90,55458,55458.660,695852109,695721172,545645716,1241497825,,2390,51350,964560939,True
AGGREGATE,LINEAR,0.098923,9892.30,55223,55224.520,697797730,697665910,546282483,1244080213,,2389,51350,964560939,True
AGGREGATE,LINEAR,0.09946,9946.00,54994,54996.208,699836486,699689886,546970324,1246806810,,2396,51350,964560939,True
AGGREGATE,LINEAR,0.1,10000.00,54761,54763.860,701904693,701754098,547610000,1249514693,,2389,51350,964560939,True
AGGREGATE,LINEAR,0.10054,10054.00,54563,54565.654,704116914,703916529,548576402,1252693316,,2394,51350,964560939,True
AGGREGATE,LINEAR,0.10109,10109.00,54364,54366.494,706347537,706090855,549565676,1255913213,,2396,51350,964560939,True
AGGREGATE,LINEAR,0.10164,10164.00,54167,54168.450,708562398,708258654,550553388,1259115786,,2420,51350,964560939,True
AGGREGATE,LINEAR,0.10219,10219.00,53973,53973.864,710743391,710390737,551550087,1262293478,,2425,51350,964560939,True
AGGREGATE,LINEAR,0.1033,10330.00,53577,53578.432,715190682,714729962,553450410,1268641092,,2416,51350,964560939,True
AGGREGATE,LINEAR,0.10386,10386.00,53377,53377.960,717438862,716928789,554373522,1271812384,,2418,51350,964560939,True
AGGREGATE,LINEAR,0.10443,10443.00,53178,53178.551,719681477,719118468,555337854,1275019331,,2416,51350,964560939,True
AGGREGATE,LINEAR,0.10671,10671.00,52405,52405.747,728583111,727798982,559213755,1287796866,,2471,51350,964560939,True
AGGREGATE,LINEAR,0.10729,10729.00,52210,52211.924,730825580,729980248,560161090,1290986670,,2464,51350,964560939,True
AGGREGATE,LINEAR,0.10788,10788.00,52015,52017.213,733072158,732172338,561137820,1294209978,,2469,51350,964560939,True
AGGREGATE,LINEAR,0.10846,10846.00,51831,51832.543,735204946,734256205,562159026,1297363972,,2486,51350,964560939,True
AGGREGATE,LINEAR,0.10905,10905.00,51637,51638.464,737450966,736443339,563101485,1300552451,,2520,51350,964560939,True
AGGREGATE,LINEAR,0.11144,11144.00,50860,50860.126,746684081,745474616,566783840,1313467921,,2509,51350,964560939,True
AGGREGATE,LINEAR,0.11232,11232.00,50580,50580.746,750011871,748719600,568114560,1318126431,,2508,51350,964560939,True
AGGREGATE,LINEAR,0.11265,11265.00,50476,50476.397,751255465,749932654,568612140,1319867605,,2507,51350,964560939,True
AGGREGATE,LINEAR,0.11388,11388.00,50082,50082.660,755938165,754508185,570333816,1326271981,,2510,51350,964560939,True
AGGREGATE,LINEAR,0.11512,11512.00,49704,49704.132,760469171,758930860,572192448,1332661619,,2554,51350,964560939,True
AGGREGATE,LINEAR,0.11603,11603.00,49428,49427.936,763775859,762159046,573513084,1337288943,,2586,51350,964560939,True
AGGREGATE,LINEAR,0.11637,11637.00,49325,49325.520,765022077,763373367,573995025,1339017102,,2590,51350,964560939,True
AGGREGATE,LINEAR,0.11698,11698.00,49143,49143.198,767202317,765499463,574874814,1342077131,,2579,51350,964560939,True
AGGREGATE,LINEAR,0.117,11700.00,49137,49137.259,767273617,765569210,574902900,1342176517,,2579,51350,964560939,True
AGGREGATE,LINEAR,0.11764,11764.00,48952,48951.995,769500945,767745530,575871328,1345372273,,2582,51350,964560939,True
AGGREGATE,LINEAR,0.11794,11794.00,48864,48863.426,770566444,768786586,576302016,1346868460,,2584,51350,964560939,True
AGGREGATE,LINEAR,0.11828,11828.00,48762,48761.506,771801217,769990047,576756936,1348558153,,2590,51350,964560939,True
AGGREGATE,LINEAR,0.11892,11892.00,48567,48566.928,774151846,772287891,577558764,1351710610,,2598,51350,964560939,True
AGGREGATE,LINEAR,0.11989,11989.00,48297,48296.063,777584921,775648230,579032733,1356617654,,2585,51350,964560939,True
AGGREGATE,LINEAR,0.12315,12315.00,47393,47393.052,789107865,786900717,583644795,1372752660,,2565,51350,964560939,True
AGGREGATE,LINEAR,0.12389,12389.00,47192,47191.817,791687953,789419428,584661688,1376349641,,2566,51350,964560939,True
AGGREGATE,LINEAR,0.12419,12419.00,47111,47110.418,792731500,790439296,585071509,1377803009,,2562,51350,964560939,True
AGGREGATE,LINEAR,0.12516,12516.00,46848,46847.894,796102450,793731819,586349568,1382452018,,2551,51350,964560939,True
AGGREGATE,LINEAR,0.12721,12721.00,46304,46303.863,803115419,800581540,589033184,1392148603,,2533,51350,964560939,True
AGGREGATE,LINEAR,0.12806,12806.00,46080,46079.842,806018891,803416687,590100480,1396119371,,2524,51350,964560939,True
AGGREGATE,LINEAR,0.1286,12860.00,45939,45938.708,807850228,805204196,590775540,1398625768,,2517,51350,964560939,True
AGGREGATE,LINEAR,0.12968,12968.00,45660,45660.075,811497037,808764059,592118880,1403615917,,2505,51350,964560939,True
AGGREGATE,LINEAR,0.13,13000.00,45580,45580.287,812546506,809786487,592540000,1405086506,,2494,51350,964560939,True
AGGREGATE,LINEAR,0.1311,13110.00,45305,45305.216,816162640,813316961,593948550,1410111190,,2491,51350,964560939,True
AGGREGATE,LINEAR,0.13146,13146.00,45213,45214.031,817363804,814487941,594370098,1411733902,,2491,51350,964560939,True
AGGREGATE,LINEAR,0.13213,13213.00,45044,45044.850,819591976,816662093,595166372,1414758348,,2491,51350,964560939,True
AGGREGATE,LINEAR,0.13229,13229.00,45004,45004.618,820122794,817180192,595357916,1415480710,,2492,51350,964560939,True
AGGREGATE,LINEAR,0.13252,13252.00,44946,44946.702,820888863,817927683,595624392,1416513255,,2495,51350,964560939,True
AGGREGATE,LINEAR,0.13285,13285.00,44863,44863.912,821982294,818996604,596004955,1417987249,,2497,51350,964560939,True
AGGREGATE,LINEAR,0.13365,13365.00,44663,44664.360,824623121,821577185,596920995,1421544116,,2505,51350,964560939,True
AGGREGATE,LINEAR,0.13429,13429.00,44506,44506.395,826715499,823621371,597671074,1424386573,,2509,51350,964560939,True
AGGREGATE,LINEAR,0.13433,13433.00,44496,44496.588,826845694,823748674,597714768,1424560462,,2509,51350,964560939,True
AGGREGATE,LINEAR,0.13543,13543.00,44227,44227.203,830414123,827246161,598966261,1429380384,,2514,51350,964560939,True
AGGREGATE,LINEAR,0.13576,13576.00,44148,44147.726,831469141,828278598,599353248,1430822389,,2522,51350,964560939,True
AGGREGATE,LINEAR,0.13584,13584.00,44129,44128.666,831722546,828526444,599448336,1431170882,,2524,51350,964560939,True
AGGREGATE,LINEAR,0.13586,13586.00,44124,44123.984,831784877,828587394,599468664,1431253541,,2525,51350,964560939,True
AGGREGATE,LINEAR,0.13653,13653.00,43968,43968.108,833860053,830616360,600295104,1434155157,,2544,51350,964560939,True
AGGREGATE,LINEAR,0.13656,13656.00,43961,43961.112,833953174,830707506,600331416,1434284590,,2544,51350,964560939,True
AGGREGATE,LINEAR,0.13674,13674.00,43919,43918.596,834523504,831261365,600548406,1435071910,,2538,51350,964560939,True
AGGREGATE,LINEAR,0.1369,13690.00,43881,43880.754,835031553,831754620,600730890,1435762443,,2533,51350,964560939,True
AGGREGATE,LINEAR,0.13732,13732.00,43784,43783.420,836321564,833023515,601241888,1437563452,,2535,51350,964560939,True
AGGREGATE,LINEAR,0.13768,13768.00,43701,43700.187,837425495,834109421,601675368,1439100863,,2535,51350,964560939,True
AGGREGATE,LINEAR,0.13811,13811.00,43602,43600.637,838756652,835407672,602187222,1440943874,,2531,51350,964560939,True
AGGREGATE,LINEAR,0.13839,13839.00,43535,43534.433,839643328,836272901,602480865,1442124193,,2530,51350,964560939,True
AGGREGATE,LINEAR,0.13873,13873.00,43457,43455.010,840698625,837311422,602878961,1443577586,,2521,51350,964560939,True
AGGREGATE,LINEAR,0.13879,13879.00,43443,43441.040,840884780,837494357,602945397,1443830177,,2519,51350,964560939,True
AGGREGATE,LINEAR,0.13881,13881.00,43438,43436.368,840947200,837555574,602962878,1443910078,,2518,51350,964560939,True
AGGREGATE,LINEAR,0.13948,13948.00,43281,43279.562,843053927,839609555,603683388,1446737315,,2521,51350,964560939,True
AGGREGATE,LINEAR,0.13993,13993.00,43175,43174.101,844472623,840994520,604147775,1448620398,,2527,51350,964560939,True
AGGREGATE,LINEAR,0.14024,14024.00,43103,43102.261,845439816,841937717,604476472,1449916288,,2536,51350,964560939,True
AGGREGATE,LINEAR,0.14037,14037.00,43074,43072.458,845840386,842329093,604629738,1450470124,,2539,51350,964560939,True
AGGREGATE,LINEAR,0.14041,14041.00,43064,43063.164,845966790,842452610,604661624,1450628414,,2540,51350,964560939,True
AGGREGATE,LINEAR,0.141,14100.00,42929,42928.309,847805914,844249575,605298900,1453104814,,2553,51350,964560939,True
AGGREGATE,LINEAR,0.14102,14102.00,42925,42923.824,847867131,844309361,605328350,1453195481,,2553,51350,964560939,True
AGGREGATE,LINEAR,0.14109,14109.00,42909,42908.238,848079587,844517107,605403081,1453482668,,2555,51350,964560939,True
AGGREGATE,LINEAR,0.1413,14130.00,42864,42862.399,848696179,845127466,605668320,1454364499,,2566,51350,964560939,True
AGGREGATE,LINEAR,0.14142,14142.00,42839,42836.482,849044487,845472410,605829138,1454873625,,2571,51350,964560939,True
AGGREGATE,LINEAR,0.14152,14152.00,42816,42813.188,849353701,845776894,605932032,1455285733,,2573,51350,964560939,True
AGGREGATE,LINEAR,0.1419,14190.00,42734,42731.108,850568634,846974001,606395460,1456964094,,2582,51350,964560939,True
AGGREGATE,LINEAR,0.14218,14218.00,42674,42670.826,851462211,847853586,606738932,1458201143,,2588,51350,964560939,True
AGGREGATE,LINEAR,0.14246,14246.00,42615,42611.107,852351797,848725221,607093290,1459445087,,2588,51350,964560939,True
AGGREGATE,LINEAR,0.14269,14269.00,42566,42561.920,853089093,849443151,607374254,1460463347,,2589,51350,964560939,True
AGGREGATE,LINEAR,0.14271,14271.00,42561,42557.603,853153910,849506157,607388031,1460541941,,2589,51350,964560939,True
AGGREGATE,LINEAR,0.14296,14296.00,42508,42504.519,853953387,850283088,607694368,1461647755,,2589,51350,964560939,True
AGGREGATE,LINEAR,0.14335,14335.00,42423,42420.451,855219686,851513242,608133705,1463353391,,2589,51350,964560939,True
AGGREGATE,LINEAR,0.14364,14364.00,42360,42357.640,856164032,852432589,608459040,1464623072,,2593,51350,964560939,True
AGGREGATE,LINEAR,0.14413,14413.00,42255,42252.825,857737658,853967211,609021315,1466758973,,2597,51350,964560939,True
AGGREGATE,LINEAR,0.14424,14424.00,42232,42229.618,858086987,854307181,609154368,1467241355,,2597,51350,964560939,True
AGGREGATE,LINEAR,0.14452,14452.00,42173,42170.511,858975178,855173277,609484196,1468459374,,2603,51350,964560939,True
AGGREGATE,LINEAR,0.14487,14487.00,42099,42096.854,860083150,856253559,609888213,1469971363,,2616,51350,964560939,True
AGGREGATE,LINEAR,0.14505,14505.00,42061,42058.947,860652498,856809710,610094805,1470747303,,2620,51350,964560939,True
AGGREGATE,LINEAR,0.1453,14530.00,42010,42007.100,861431930,857572334,610405300,1471837230,,2625,51350,964560939,True
AGGREGATE,LINEAR,0.14601,14601.00,41863,41860.386,863637983,859730902,611241663,1474879646,,2638,51350,964560939,True
AGGREGATE,LINEAR,0.14609,14609.00,41847,41843.902,863886195,859973764,611342823,1475229018,,2639,51350,964560939,True
AGGREGATE,LINEAR,0.14645,14645.00,41773,41770.379,864991774,861057376,611765585,1476757359,,2642,51350,964560939,True
AGGREGATE,LINEAR,0.14651,14651.00,41761,41758.147,865176025,861237906,611840411,1477016436,,2642,51350,964560939,True
AGGREGATE,LINEAR,0.14663,14663.00,41737,41733.825,865541473,861596955,611989631,1477531104,,2643,51350,964560939,True
AGGREGATE,LINEAR,0.14768,14768.00,41526,41521.453,868749636,864744599,613255968,1482005604,,2630,51350,964560939,True
AGGREGATE,LINEAR,0.14772,14772.00,41518,41513.228,868874095,864866600,613303896,1482177991,,2629,51350,964560939,True
AGGREGATE,LINEAR,0.14813,14813.00,41430,41426.186,870197603,866157789,613702590,1483900193,,2620,51350,964560939,True
AGGREGATE,LINEAR,0.14822,14822.00,41411,41407.217,870486383,866439402,613793842,1484280225,,2618,51350,964560939,True
AGGREGATE,LINEAR,0.14894,14894.00,41259,41255.120,872804299,868701867,614511546,1487315845,,2602,51350,964560939,True
AGGREGATE,LINEAR,0.1497,14970.00,41103,41098.798,875180332,871029153,615311910,1490492242,,2587,51350,964560939,True
AGGREGATE,LINEAR,0.14993,14993.00,41056,41052.154,875890482,871723776,615552608,1491443090,,2583,51350,964560939,True
AGGREGATE,LINEAR,0.15,15000.00,41042,41037.977,876106671,871935244,615630000,1491736671,,2582,51350,964560939,True
AGGREGATE,LINEAR,0.15065,15065.00,40915,40911.170,878144430,873927305,616384475,1494528905,,2588,51350,964560939,True
AGGREGATE,LINEAR,0.15067,15067.00,40912,40907.276,878207190,873988659,616421104,1494628294,,2588,51350,964560939,True
AGGREGATE,LINEAR,0.15083,15083.00,40881,40876.301,878706198,874476868,616608123,1495314321,,2591,51350,964560939,True
AGGREGATE,LINEAR,0.15128,15128.00,40794,40789.657,880108844,875848385,617131632,1497240476,,2600,51350,964560939,True
AGGREGATE,LINEAR,0.15147,15147.00,40758,40753.093,880701362,876427469,617361426,1498062788,,2604,51350,964560939,True
AGGREGATE,LINEAR,0.15218,15218.00,40621,40616.114,882924686,878599754,618170378,1501095064,,2611,51350,964560939,True
AGGREGATE,LINEAR,0.15312,15312.00,40438,40433.512,885887357,881494684,619186656,1505074013,,2627,51350,964560939,True
AGGREGATE,LINEAR,0.15316,15316.00,40430,40425.790,886012998,881617394,619225880,1505238878,,2628,51350,964560939,True
AGGREGATE,LINEAR,0.15376,15376.00,40315,40310.440,887894082,883450898,619883440,1507777522,,2644,51350,964560939,True
AGGREGATE,LINEAR,0.15422,15422.00,40225,40220.881,889354174,884874677,620349950,1509704124,,2655,51350,964560939,True
AGGREGATE,LINEAR,0.15469,15469.00,40136,40133.170,890792065,886268492,620863784,1511655849,,2655,51350,964560939,True
AGGREGATE,LINEAR,0.15479,15479.00,40118,40114.652,891095713,886562975,620986522,1512082235,,2654,51350,964560939,True
AGGREGATE,LINEAR,0.15493,15493.00,40092,40088.917,891518212,886975370,621145356,1512663568,,2656,51350,964560939,True
AGGREGATE,LINEAR,0.1559,15590.00,39910,39906.726,894510439,889900184,622196900,1516707339,,2669,51350,964560939,True
AGGREGATE,LINEAR,0.15606,15606.00,39880,39877.285,894986198,890363753,622367280,1517353478,,2671,51350,964560939,True
AGGREGATE,LINEAR,0.15734,15734.00,39641,39638.640,898918159,894185986,623711494,1522629653,,2678,51350,964560939,True
AGGREGATE,LINEAR,0.1576,15760.00,39592,39590.002,899721330,894973070,623969920,1523691250,,2679,51350,964560939,True
AGGREGATE,LINEAR,0.15817,15817.00,39487,39484.750,901445528,896657155,624565879,1526011407,,2685,51350,964560939,True
AGGREGATE,LINEAR,0.15827,15827.00,39468,39466.362,901747204,896951836,624660036,1526407240,,2686,51350,964560939,True
AGGREGATE,LINEAR,0.15903,15903.00,39329,39327.278,904026308,899181778,625449087,1529475395,,2692,51350,964560939,True
AGGREGATE,LINEAR,0.15995,15995.00,39162,39159.185,906787865,901883560,626396190,1533184055,,2699,51350,964560939,True
AGGREGATE,LINEAR,0.16009,16009.00,39136,39133.921,907206725,902291248,626528224,1533734949,,2700,51350,964560939,True
AGGREGATE,LINEAR,0.16077,16077.00,39015,39013.067,909213313,904244039,627244155,1536457468,,2706,51350,964560939,True
AGGREGATE,LINEAR,0.16105,16105.00,38965,38963.769,910032732,905041729,627531325,1537564057,,2707,51350,964560939,True
AGGREGATE,LINEAR,0.16174,16174.00,38843,38841.517,912049456,907016391,628246682,1540296138,,2709,51350,964560939,True
AGGREGATE,LINEAR,0.16271,16271.00,38676,38674.071,914815253,909723451,629297196,1544112449,,2713,51350,964560939,True
AGGREGATE,LINEAR,0.1628,16280.00,38661,38658.599,915071940,909974691,629401080,1544473020,,2714,51350,964560939,True
AGGREGATE,LINEAR,0.1635,16350.00,38542,38539.615,917049918,911906882,630161700,1547211618,,2714,51350,964560939,True
AGGREGATE,LINEAR,0.16355,16355.00,38533,38531.160,917190651,912044376,630207215,1547397866,,2714,51350,964560939,True
AGGREGATE,LINEAR,0.16419,16419.00,38425,38422.994,918996080,913803555,630900075,1549896155,,2710,51350,964560939,True
AGGREGATE,LINEAR,0.16441,16441.00,38387,38385.539,919626073,914412841,631120667,1550746740,,2707,51350,964560939,True
AGGREGATE,LINEAR,0.16458,16458.00,38358,38356.326,920116566,914888188,631295964,1551412530,,2704,51350,964560939,True
AGGREGATE,LINEAR,0.16489,16489.00,38306,38304.385,920981582,915733348,631627634,1552609216,,2702,51350,964560939,True
AGGREGATE,LINEAR,0.16518,16518.00,38258,38255.990,921785793,916520774,631945644,1553731437,,2700,51350,964560939,True
AGGREGATE,LINEAR,0.16528,16528.00,38241,38239.251,922064240,916793564,632047248,1554111488,,2699,51350,964560939,True
AGGREGATE,LINEAR,0.16538,16538.00,38224,38222.613,922342255,917065214,632148512,1554490767,,2698,51350,964560939,True
AGGREGATE,LINEAR,0.16554,16554.00,38198,38195.995,922789291,917502089,632329692,1555118983,,2697,51350,964560939,True
AGGREGATE,LINEAR,0.16612,16612.00,38097,38095.180,924485272,919157713,632867364,1557352636,,2684,51350,964560939,True
AGGREGATE,LINEAR,0.16625,16625.00,38074,38072.573,924865852,919529089,632980250,1557846102,,2682,51350,964560939,True
AGGREGATE,LINEAR,0.1669,16690.00,37961,37960.141,926761733,921379057,633569090,1560330823,,2672,51350,964560939,True
AGGREGATE,LINEAR,0.16698,16698.00,37948,37946.680,926988295,921600559,633655704,1560643999,,2671,51350,964560939,True
AGGREGATE,LINEAR,0.16713,16713.00,37923,37921.359,927415279,922018034,633807099,1561222378,,2670,51350,964560939,True
AGGREGATE,LINEAR,0.16718,16718.00,37914,37912.919,927557900,922157252,633846252,1561404152,,2670,51350,964560939,True
AGGREGATE,LINEAR,0.16818,16818.00,37748,37746.558,930394634,924927405,634845864,1565240498,,2675,51350,964560939,True
AGGREGATE,LINEAR,0.16887,16887.00,37633,37631.689,932367316,926861968,635508471,1567875787,,2686,51350,964560939,True
AGGREGATE,LINEAR,0.16895,16895.00,37620,37618.404,932595621,927085783,635589900,1568185521,,2687,51350,964560939,True
AGGREGATE,LINEAR,0.169,16900.00,37612,37610.141,932737495,927225079,635642800,1568380295,,2688,51350,964560939,True
AGGREGATE,LINEAR,0.16966,16966.00,37504,37502.003,934608341,929061567,636292864,1570901205,,2706,51350,964560939,True
AGGREGATE,LINEAR,0.17166,17166.00,37177,37174.505,940292479,934626123,638180382,1578472861,,2757,51350,964560939,True
AGGREGATE,LINEAR,0.17174,17174.00,37164,37161.487,940518500,934847458,638254536,1578773036,,2759,51350,964560939,True
AGGREGATE,LINEAR,0.17177,17177.00,37159,37156.603,940603498,934930549,638280143,1578883641,,2760,51350,964560939,True
AGGREGATE,LINEAR,0.17186,17186.00,37145,37142.022,940858481,935179740,638373970,1579232451,,2762,51350,964560939,True
AGGREGATE,LINEAR,0.1727,17270.00,37011,37008.452,943198714,937464231,639179970,1582378684,,2776,51350,964560939,True
AGGREGATE,LINEAR,0.17458,17458.00,36715,36711.859,948403534,942544774,640970470,1589374004,,2804,51350,964560939,True
AGGREGATE,LINEAR,0.17532,17532.00,36598,36595.513,950450109,944542641,641636136,1592086245,,2811,51350,964560939,True
AGGREGATE,LINEAR,0.17563,17563.00,36550,36547.208,951301145,945373934,641927650,1593228795,,2815,51350,964560939,True
AGGREGATE,LINEAR,0.17648,17648.00,36416,36413.067,953665518,947685847,642669568,1596335086,,2831,51350,964560939,True
AGGREGATE,LINEAR,0.1783,17830.00,36132,36128.963,958679569,952589194,644233560,1602913129,,2869,51350,964560939,True
AGGREGATE,LINEAR,0.17976,17976.00,35905,35902.523,962685626,956500504,645428280,1608113906,,2889,51350,964560939,True
AGGREGATE,LINEAR,0.18035,18035.00,35813,35810.751,964310934,958086638,645887455,1610198389,,2901,51350,964560939,True
AGGREGATE,LINEAR,0.18124,18124.00,35675,35672.831,966771384,960488081,646573700,1613345084,,2918,51350,964560939,True
AGGREGATE,LINEAR,0.18133,18133.00,35661,35659.073,967016214,960727586,646640913,1613657127,,2919,51350,964560939,True
AGGREGATE,LINEAR,0.18231,18231.00,35513,35510.611,969665797,963319228,647437503,1617103300,,2933,51350,964560939,True
AGGREGATE,LINEAR,0.1833,18330.00,35364,35361.697,972328774,965923493,648222120,1620550894,,2945,51350,964560939,True
AGGREGATE,LINEAR,0.1834,18340.00,35349,35346.645,972598145,966187103,648300660,1620898805,,2946,51350,964560939,True
AGGREGATE,LINEAR,0.18424,18424.00,35224,35221.092,974858350,968398420,648966976,1623825326,,2951,51350,964560939,True
AGGREGATE,LINEAR,0.18833,18833.00,34622,34619.154,985701475,979005537,652036126,1637737601,,2985,51350,964560939,True
AGGREGATE,LINEAR,0.18889,18889.00,34541,34538.343,987161472,980432136,652444949,1639606421,,2990,51350,964560939,True
AGGREGATE,LINEAR,0.19038,19038.00,34328,34325.352,991023894,984204079,653536464,1644560358,,3005,51350,964560939,True
AGGREGATE,LINEAR,0.19152,19152.00,34166,34163.715,993957024,987069170,654347232,1648304256,,3017,51350,964560939,True
AGGREGATE,LINEAR,0.19467,19467.00,33727,33724.298,1001929599,994855830,656563509,1658493108,,3049,51350,964560939,True
AGGREGATE,LINEAR,0.19667,19667.00,33451,33448.560,1006930103,999744872,657880817,1664810920,,3074,51350,964560939,True
AGGREGATE,LINEAR,0.19789,19789.00,33283,33280.225,1009985345,1002732678,658637287,1668622632,,3088,51350,964560939,True
AGGREGATE,LINEAR,0.19829,19829.00,33228,33225.410,1010982286,1003705498,658878012,1669860298,,3093,51350,964560939,True
AGGREGATE,LINEAR,0.19989,19989.00,33009,33007.246,1014950506,1007577715,659816901,1674767407,,3110,51350,964560939,True
AGGREGATE,LINEAR,0.19992,19992.00,33005,33003.000,1015033259,1007653555,659835960,1674869219,,3110,51350,964560939,True
AGGREGATE,LINEAR,0.2,20000.00,32993,32991.780,1015252037,1007853905,659860000,1675112037,,3111,51350,964560939,True
AGGREGATE,LOGISTIC,0.0001,10.00,204373,204377.490,22131262,22131135,2043730,24174992,,1401,51350,30367874,True
AGGREGATE,LOGISTIC,0.00015,15.00,168485,168484.511,22640446,22640301,2527275,25167721,,1846,51350,30367874,True
AGGREGATE,LOGISTIC,0.0002,20.00,143019,143014.580,23002916,23002764,2860380,25863296,,2174,51350,30367874,True
AGGREGATE,LOGISTIC,0.0003,30.00,117358,117355.193,23807750,23807183,3520740,27328490,,2799,51350,30367874,True
AGGREGATE,LOGISTIC,0.00031623,31.62,114029,114026.365,23912743,23912125,3605939,27518682,,2882,51350,30367874,True
AGGREGATE,LOGISTIC,0.00039764,39.76,99635,99633.657,24373120,24372237,3961886,28335006,,3286,51350,30367874,True
AGGREGATE,LOGISTIC,0.00044589,44.59,92460,92459.323,24604305,24603297,4122699,28727004,,3489,51350,30367874,True
AGGREGATE,LOGISTIC,0.00047217,47.22,88870,88868.333,24720569,24719522,4196175,28916744,,3599,51350,30367874,True
AGGREGATE,LOGISTIC,0.00048589,48.59,87094,87092.634,24777882,24776811,4231810,29009692,,3647,51350,30367874,True
AGGREGATE,LOGISTIC,0.00049289,49.29,86199,86198.029,24806924,24805828,4248663,29055586,,3658,51350,30367874,True
AGGREGATE,LOGISTIC,0.0005,50.00,85308,85307.100,24835775,24834668,4265400,29101175,,3666,51350,30367874,True
AGGREGATE,LOGISTIC,0.0005946,59.46,77581,77580.539,25344766,25343312,4612966,29957732,,3702,51350,30367874,True
AGGREGATE,LOGISTIC,0.00062093,62.09,75636,75635.859,25474623,25473049,4696466,30171089,,3727,51350,30367874,True
AGGREGATE,LOGISTIC,0.0006243,62.43,75392,75390.984,25490958,25489400,4706723,30197680,,3733,51350,30367874,True
AGGREGATE,LOGISTIC,0.00062769,62.77,75145,75144.495,25507428,25505857,4716777,30224205,,3745,51350,30367874,True
AGGREGATE,LOGISTIC,0.00063453,63.45,74665,74664.205,25539601,25537991,4737718,30277319,,3781,51350,30367874,True
AGGREGATE,LOGISTIC,0.00064076,64.08,74231,74230.458,25568673,25567030,4756426,30325098,,3788,51350,30367874,True
AGGREGATE,LOGISTIC,0.00064842,64.84,73704,73702.960,25604039,25602411,4779115,30383154,,3779,51350,30367874,True
AGGREGATE,LOGISTIC,0.00066212,66.21,72783,72782.884,25666183,25664477,4819108,30485291,,3768,51350,30367874,True
AGGREGATE,LOGISTIC,0.00067713,67.71,71789,71788.742,25733393,25731605,4861049,30594442,,3798,51350,30367874,True
AGGREGATE,LOGISTIC,0.0006842,68.42,71328,71327.307,25764604,25762797,4880262,30644865,,3806,51350,30367874,True
AGGREGATE,LOGISTIC,0.00069195,69.19,70833,70832.643,25798086,25796268,4901289,30699375,,3800,51350,30367874,True
AGGREGATE,LOGISTIC,0.0007,70.00,70322,70322.500,25832685,25830821,4922540,30755225,,3800,51350,30367874,True
AGGREGATE,LOGISTIC,0.00070711,70.71,69877,69876.947,25863090,25861184,4941073,30804163,,3800,51350,30367874,True
AGGREGATE,LOGISTIC,0.00072259,72.26,68943,68942.894,25930702,25928839,4981752,30912454,,3808,51350,30367874,True
AGGREGATE,LOGISTIC,0.00073058,73.06,68467,68466.047,25965280,25963439,5002062,30967343,,3795,51350,30367874,True
AGGREGATE,LOGISTIC,0.00073841,73.84,68010,68009.037,25998544,25996701,5021926,31020470,,3804,51350,30367874,True
AGGREGATE,LOGISTIC,0.00077111,77.11,66157,66156.410,26133909,26131934,5101432,31235341,,3860,51350,30367874,True
AGGREGATE,LOGISTIC,0.00083299,83.30,62902,62902.155,26373212,26370977,5239674,31612886,,3924,51350,30367874,True
AGGREGATE,LOGISTIC,0.0008409,84.09,62505,62505.562,26402530,26400259,5256045,31658576,,3928,51350,30367874,True
AGGREGATE,LOGISTIC,0.00085931,85.93,61604,61604.580,26471273,26468918,5293693,31764967,,3910,51350,30367874,True
AGGREGATE,LOGISTIC,0.00086398,86.40,61370,61370.909,26489219,26486811,5302245,31791465,,3925,51350,30367874,True
AGGREGATE,LOGISTIC,0.00086867,86.87,61146,61146.662,26506276,26503896,5311570,31817846,,3899,51350,30367874,True
AGGREGATE,LOGISTIC,0.00087813,87.81,60697,60697.925,26540491,26538092,5329986,31870477,,3903,51350,30367874,True
AGGREGATE,LOGISTIC,0.000917,91.70,58894,58896.227,26678159,26675566,5400580,32078738,,3840,51350,30367874,True
AGGREGATE,LOGISTIC,0.00093708,93.71,57990,57992.092,26748075,26745340,5434127,32182202,,3915,51350,30367874,True
AGGREGATE,LOGISTIC,0.0009576,95.76,57091,57094.104,26817493,26814633,5467034,32284528,,3941,51350,30367874,True
AGGREGATE,LOGISTIC,0.00096803,96.80,56640,56642.635,26852584,26849693,5482922,32335506,,3969,51350,30367874,True
AGGREGATE,LOGISTIC,0.00097329,97.33,56412,56414.297,26870335,26867477,5490524,32360859,,3979,51350,30367874,True
AGGREGATE,LOGISTIC,0.00097857,97.86,56189,56190.818,26887669,26884797,5498487,32386156,,3991,51350,30367874,True
AGGREGATE,LOGISTIC,0.001,100.00,55285,55286.500,26959178,26956190,5528500,32487678,,4062,51350,30367874,True
AGGREGATE,LOGISTIC,0.0010109,101.09,54921,54923.133,26999537,26994887,5551964,32551501,,4074,51350,30367874,True
AGGREGATE,LOGISTIC,0.0010219,102.19,54554,54557.191,27040359,27033987,5574873,32615232,,4046,51350,30367874,True
AGGREGATE,LOGISTIC,0.0010274,102.74,54378,54381.550,27061246,27054024,5586796,32648041,,4051,51350,30367874,True
AGGREGATE,LOGISTIC,0.001033,103.30,54199,54203.204,27082498,27074365,5598757,32681254,,4065,51350,30367874,True
AGGREGATE,LOGISTIC,0.0010386,103.86,54020,54023.401,27103749,27094853,5610517,32714267,,4073,51350,30367874,True
AGGREGATE,LOGISTIC,0.0010443,104.43,53842,53845.472,27124850,27115171,5622720,32747570,,4093,51350,30367874,True
AGGREGATE,LOGISTIC,0.0010556,105.56,53487,53490.447,27167313,27155976,5646088,32813401,,4134,51350,30367874,True
AGGREGATE,LOGISTIC,0.0010614,106.14,53306,53309.173,27188953,27176811,5657899,32846852,,4170,51350,30367874,True
AGGREGATE,LOGISTIC,0.0010671,106.71,53127,53130.431,27210325,27197341,5669182,32879507,,4202,51350,30367874,True
AGGREGATE,LOGISTIC,0.0010729,107.29,52945,52947.749,27232095,27218360,5680469,32912565,,4231,51350,30367874,True
AGGREGATE,LOGISTIC,0.0010788,107.88,52769,52772.398,27253265,27238614,5692720,32945985,,4243,51350,30367874,True
AGGREGATE,LOGISTIC,0.0010905,109.05,52421,52423.994,27295002,27278855,5716510,33011512,,4222,51350,30367874,True
AGGREGATE,LOGISTIC,0.0011024,110.24,52072,52074.455,27338589,27320803,5740417,33079007,,4214,51350,30367874,True
AGGREGATE,LOGISTIC,0.0011144,111.44,51721,51724.645,27382298,27362781,5763788,33146086,,4248,51350,30367874,True
AGGREGATE,LOGISTIC,0.0011171,111.71,51643,51647.135,27391972,27372095,5769040,33161011,,4244,51350,30367874,True
AGGREGATE,LOGISTIC,0.0011204,112.04,51548,51552.178,27403865,27383549,5775438,33179303,,4242,51350,30367874,True
AGGREGATE,LOGISTIC,0.0011265,112.65,51372,51375.374,27425985,27404862,5787056,33213041,,4237,51350,30367874,True
AGGREGATE,LOGISTIC,0.0011388,113.88,51022,51025.602,27469794,27447073,5810385,33280179,,4278,51350,30367874,True
AGGREGATE,LOGISTIC,0.0011637,116.37,50306,50308.772,27559912,27534045,5854109,33414021,,4302,51350,30367874,True
AGGREGATE,LOGISTIC,0.00117,117.00,50125,50128.128,27582759,27555997,5864625,33447384,,4289,51350,30367874,True
AGGREGATE,LOGISTIC,0.0011764,117.64,49947,49950.091,27605225,27577654,5875765,33480990,,4298,51350,30367874,True
AGGREGATE,LOGISTIC,0.0011828,118.28,49769,49771.585,27627692,27599372,5886677,33514370,,4306,51350,30367874,True
AGGREGATE,LOGISTIC,0.0011892,118.92,49591,49593.496,27650169,27621043,5897362,33547531,,4310,51350,30367874,True
AGGREGATE,LOGISTIC,0.0011928,119.28,49494,49496.750,27662762,27633201,5903644,33566406,,4350,51350,30367874,True
AGGREGATE,LOGISTIC,0.0012152,121.52,48921,48924.215,27740246,27707554,5944880,33685126,,4473,51350,30367874,True
AGGREGATE,LOGISTIC,0.0012182,121.82,48845,48848.212,27750515,27717427,5950298,33700813,,4484,51350,30367874,True
AGGREGATE,LOGISTIC,0.0012326,123.26,48483,48486.259,27799641,27764667,5976015,33775656,,4528,51350,30367874,True
AGGREGATE,LOGISTIC,0.0012419,124.19,48247,48250.637,27831758,27795767,5991795,33823553,,4513,51350,30367874,True
AGGREGATE,LOGISTIC,0.0012584,125.84,47842,47845.168,27886544,27848601,6020437,33906981,,4515,51350,30367874,True
AGGREGATE,LOGISTIC,0.0012691,126.91,47583,47585.986,27921810,27882614,6038759,33960568,,4519,51350,30367874,True
AGGREGATE,LOGISTIC,0.0012737,127.37,47472,47475.563,27936842,27897110,6046509,33983350,,4523,51350,30367874,True
AGGREGATE,LOGISTIC,0.0012968,129.68,46922,46926.364,28012432,27969848,6084845,34097277,,4549,51350,30367874,True
AGGREGATE,LOGISTIC,0.0013142,131.42,46513,46516.474,28068669,28024127,6112738,34181407,,4561,51350,30367874,True
AGGREGATE,LOGISTIC,0.0013252,132.52,46256,46259.351,28104026,28058265,6129845,34233871,,4562,51350,30367874,True
AGGREGATE,LOGISTIC,0.0013285,132.85,46179,46182.634,28114580,28068456,6134880,34249460,,4563,51350,30367874,True
AGGREGATE,LOGISTIC,0.0013357,133.57,46014,46016.699,28137775,28090861,6146090,34283865,,4565,51350,30367874,True
AGGREGATE,LOGISTIC,0.0013502,135.02,45682,45684.887,28184204,28135697,6167984,34352188,,4570,51350,30367874,True
AGGREGATE,LOGISTIC,0.0013543,135.43,45590,45592.446,28197265,28148313,6174254,34371519,,4571,51350,30367874,True
AGGREGATE,LOGISTIC,0.0013723,137.23,45190,45192.753,28253806,28202906,6201424,34455230,,4581,51350,30367874,True
AGGREGATE,LOGISTIC,0.0013798,137.98,45025,45027.823,28277169,28225457,6212550,34489718,,4593,51350,30367874,True
AGGREGATE,LOGISTIC,0.0013873,138.73,44861,44863.299,28300520,28248019,6223567,34524086,,4602,51350,30367874,True
AGGREGATE,LOGISTIC,0.0013948,139.48,44696,44698.352,28324103,28270757,6234198,34558301,,4622,51350,30367874,True
AGGREGATE,LOGISTIC,0.0014142,141.42,44271,44273.633,28385104,28329656,6260805,34645909,,4598,51350,30367874,True
AGGREGATE,LOGISTIC,0.0014331,143.31,43881,43883.237,28439249,28381704,6288586,34727835,,4636,51350,30367874,True
AGGREGATE,LOGISTIC,0.0014348,143.48,43847,43849.718,28444218,28386484,6291168,34735386,,4639,51350,30367874,True
AGGREGATE,LOGISTIC,0.0014452,144.52,43641,43642.870,28475458,28416578,6306997,34782456,,4658,51350,30367874,True
AGGREGATE,LOGISTIC,0.0014487,144.87,43571,43573.703,28485906,28426642,6312131,34798037,,4663,51350,30367874,True
AGGREGATE,LOGISTIC,0.0014522,145.22,43502,43504.257,28496417,28436761,6317360,34813778,,4668,51350,30367874,True
AGGREGATE,LOGISTIC,0.0014566,145.66,43415,43417.095,28509727,28449554,6323829,34833556,,4676,51350,30367874,True
AGGREGATE,LOGISTIC,0.0014768,147.68,43017,43019.909,28570612,28508050,6352751,34923363,,4711,51350,30367874,True
AGGREGATE,LOGISTIC,0.0014804,148.04,42947,42949.664,28581383,28518426,6357874,34939257,,4721,51350,30367874,True
AGGREGATE,LOGISTIC,0.0014813,148.13,42929,42932.253,28584059,28521007,6359073,34943132,,4724,51350,30367874,True
AGGREGATE,LOGISTIC,0.0014929,149.29,42708,42710.126,28618255,28553969,6375877,34994132,,4756,51350,30367874,True
AGGREGATE,LOGISTIC,0.0014984,149.84,42603,42605.670,28634398,28569477,6383634,35018031,,4786,51350,30367874,True
AGGREGATE,LOGISTIC,0.0015,150.00,42573,42575.430,28639078,28573978,6385950,35025028,,4793,51350,30367874,True
AGGREGATE,LOGISTIC,0.0015092,150.92,42400,42402.980,28665923,28599797,6399008,35064931,,4835,51350,30367874,True
AGGREGATE,LOGISTIC,0.0015128,151.28,42333,42336.023,28676338,28609831,6404136,35080474,,4848,51350,30367874,True
AGGREGATE,LOGISTIC,0.0015147,151.47,42298,42300.674,28681852,28615145,6406878,35088730,,4853,51350,30367874,True
AGGREGATE,LOGISTIC,0.0015256,152.56,42096,42098.912,28713788,28645929,6422166,35135954,,4877,51350,30367874,True
AGGREGATE,LOGISTIC,0.0015302,153.02,42012,42015.090,28727114,28658722,6428676,35155790,,4890,51350,30367874,True
AGGREGATE,LOGISTIC,0.0015321,153.21,41978,41980.647,28732594,28663983,6431449,35164044,,4895,51350,30367874,True
AGGREGATE,LOGISTIC,0.0015339,153.39,41945,41948.382,28737955,28669122,6433944,35171899,,4901,51350,30367874,True
AGGREGATE,LOGISTIC,0.0015422,154.22,41797,41800.561,28762430,28692666,6445933,35208364,,4897,51350,30367874,True
AGGREGATE,LOGISTIC,0.0015798,157.98,41114,41118.918,28870401,28796382,6495190,35365591,,4952,51350,30367874,True
AGGREGATE,LOGISTIC,0.0015813,158.13,41087,41092.041,28874674,28800486,6497087,35371762,,4954,51350,30367874,True
AGGREGATE,LOGISTIC,0.0015817,158.17,41080,41084.871,28875815,28801582,6497624,35373439,,4955,51350,30367874,True
AGGREGATE,LOGISTIC,0.0015832,158.32,41053,41058.139,28880069,28805669,6499511,35379580,,4957,51350,30367874,True
AGGREGATE,LOGISTIC,0.0015837,158.37,41045,41049.237,28881499,28807045,6500297,35381796,,4958,51350,30367874,True
AGGREGATE,LOGISTIC,0.0015903,159.03,40928,40932.249,28900337,28825169,6508780,35409117,,4974,51350,30367874,True
AGGREGATE,LOGISTIC,0.0015999,159.99,40758,40762.970,28927739,28851540,6520872,35448612,,5010,51350,30367874,True
AGGREGATE,LOGISTIC,0.0016074,160.74,40627,40631.904,28949068,28872077,6530384,35479452,,5035,51350,30367874,True
AGGREGATE,LOGISTIC,0.0016105,161.05,40573,40577.707,28957872,28880573,6534282,35492154,,5043,51350,30367874,True
AGGREGATE,LOGISTIC,0.0016174,161.74,40453,40456.953,28977434,28899431,6542868,35520302,,5063,51350,30367874,True
AGGREGATE,LOGISTIC,0.001634,163.40,40166,40169.337,29025073,28945429,6563124,35588198,,5119,51350,30367874,True
AGGREGATE,LOGISTIC,0.001636,163.60,40132,40135.733,29030818,28950968,6565595,35596413,,5128,51350,30367874,True
AGGREGATE,LOGISTIC,0.0016434,164.34,40009,40012.825,29052052,28971428,6575079,35627131,,5160,51350,30367874,True
AGGREGATE,LOGISTIC,0.0016498,164.98,39904,39907.160,29070290,28989026,6583362,35653652,,5177,51350,30367874,True
AGGREGATE,LOGISTIC,0.0016607,166.07,39726,39728.694,29101155,29018802,6597297,35698451,,5209,51350,30367874,True
AGGREGATE,LOGISTIC,0.0016705,167.05,39565,39567.832,29129111,29045784,6609333,35738444,,5257,51350,30367874,True
AGGREGATE,LOGISTIC,0.0016818,168.18,39379,39382.145,29161476,29076940,6622760,35784236,,5322,51350,30367874,True
AGGREGATE,LOGISTIC,0.0016859,168.59,39313,39316.110,29171936,29087027,6627779,35799715,,5343,51350,30367874,True
AGGREGATE,LOGISTIC,0.001691,169.10,39231,39234.111,29184930,29099560,6633962,35818892,,5369,51350,30367874,True
AGGREGATE,LOGISTIC,0.0016981,169.81,39116,39118.316,29203348,29117342,6642288,35845636,,5395,51350,30367874,True
AGGREGATE,LOGISTIC,0.0017084,170.84,38946,38949.275,29230509,29143454,6653535,35884044,,5440,51350,30367874,True
AGGREGATE,LOGISTIC,0.0017161,171.61,38821,38824.253,29250680,29162840,6662072,35912752,,5460,51350,30367874,True
AGGREGATE,LOGISTIC,0.001719,171.90,38775,38777.467,29258244,29170113,6665422,35923666,,5468,51350,30367874,True
AGGREGATE,LOGISTIC,0.0017249,172.49,38680,38682.930,29273544,29184814,6671913,35945458,,5480,51350,30367874,True
AGGREGATE,LOGISTIC,0.001727,172.70,38646,38649.200,29279016,29190083,6674164,35953180,,5481,51350,30367874,True
AGGREGATE,LOGISTIC,0.0017364,173.64,38495,38498.058,29304554,29214707,6684272,35988826,,5490,51350,30367874,True
AGGREGATE,LOGISTIC,0.0017474,174.74,38320,38322.010,29334357,29243433,6696037,36030394,,5500,51350,30367874,True
AGGREGATE,LOGISTIC,0.0017553,175.53,38196,38198.292,29355304,29263612,6704544,36059848,,5515,51350,30367874,True
AGGREGATE,LOGISTIC,0.0017563,175.63,38180,38182.837,29357955,29266157,6705553,36063508,,5517,51350,30367874,True
AGGREGATE,LOGISTIC,0.0017605,176.05,38115,38117.889,29369103,29276863,6710146,36079249,,5520,51350,30367874,True
AGGREGATE,LOGISTIC,0.0017697,176.97,37973,37976.054,29393472,29300264,6720082,36113554,,5526,51350,30367874,True
AGGREGATE,LOGISTIC,0.0017733,177.33,37917,37919.217,29403192,29309663,6723822,36127014,,5529,51350,30367874,True
AGGREGATE,LOGISTIC,0.0017824,178.24,37774,37776.042,29427710,29333362,6732838,36160547,,5539,51350,30367874,True
AGGREGATE,LOGISTIC,0.001784,178.40,37749,37750.960,29432017,29337528,6734422,36166439,,5541,51350,30367874,True
AGGREGATE,LOGISTIC,0.0017843,178.43,37744,37746.284,29432819,29338304,6734662,36167481,,5542,51350,30367874,True
AGGREGATE,LOGISTIC,0.0017937,179.37,37603,37604.337,29457221,29361834,6744850,36202071,,5563,51350,30367874,True
AGGREGATE,LOGISTIC,0.0018035,180.35,37455,37456.079,29482801,29386497,6755009,36237810,,5591,51350,30367874,True
AGGREGATE,LOGISTIC,0.0018057,180.57,37422,37423.225,29488468,29391982,6757291,36245758,,5596,51350,30367874,True
AGGREGATE,LOGISTIC,0.0018133,181.33,37309,37310.006,29508020,29410921,6765241,36273261,,5610,51350,30367874,True
AGGREGATE,LOGISTIC,0.0018138,181.38,37302,37302.616,29509302,29412162,6765837,36275139,,5611,51350,30367874,True
AGGREGATE,LOGISTIC,0.001834,183.40,37015,37015.528,29561074,29462236,6788551,36349625,,5622,51350,30367874,True
AGGREGATE,LOGISTIC,0.0018418,184.18,36894,36894.549,29580143,29480713,6795137,36375280,,5632,51350,30367874,True
AGGREGATE,LOGISTIC,0.0018535,185.35,36715,36715.359,29609082,29508624,6805125,36414207,,5630,51350,30367874,True
AGGREGATE,LOGISTIC,0.001863,186.30,36572,36573.286,29632123,29530769,6813364,36445487,,5631,51350,30367874,True
AGGREGATE,LOGISTIC,0.0018743,187.43,36411,36412.528,29659977,29557594,6824514,36484491,,5623,51350,30367874,True
AGGREGATE,LOGISTIC,0.0018787,187.87,36351,36352.904,29670710,29567929,6829262,36499973,,5621,51350,30367874,True
AGGREGATE,LOGISTIC,0.0018833,188.33,36289,36290.777,29681895,29578699,6834307,36516202,,5618,51350,30367874,True
AGGREGATE,LOGISTIC,0.0018842,188.42,36277,36278.561,29684096,29580818,6835312,36519408,,5618,51350,30367874,True
AGGREGATE,LOGISTIC,0.0018935,189.35,36150,36151.900,29707002,29602863,6845002,36552005,,5616,51350,30367874,True
AGGREGATE,LOGISTIC,0.001905,190.50,35993,35995.644,29735322,29630124,6856666,36591988,,5613,51350,30367874,True
AGGREGATE,LOGISTIC,0.0019152,191.52,35854,35857.412,29760398,29654259,6866758,36627156,,5611,51350,30367874,True
AGGREGATE,LOGISTIC,0.0019153,191.53,35853,35856.026,29760474,29654324,6866925,36627399,,5611,51350,30367874,True
AGGREGATE,LOGISTIC,0.0019246,192.46,35722,35726.245,29783694,29676631,6875056,36658750,,5609,51350,30367874,True
AGGREGATE,LOGISTIC,0.0019257,192.57,35707,35711.000,29786430,29679258,6876097,36662527,,5609,51350,30367874,True
AGGREGATE,LOGISTIC,0.0019361,193.61,35566,35569.997,29811554,29703514,6885933,36697488,,5596,51350,30367874,True
AGGREGATE,LOGISTIC,0.0019408,194.08,35502,35506.632,29822809,29714413,6890228,36713037,,5585,51350,30367874,True
AGGREGATE,LOGISTIC,0.0019571,195.71,35282,35286.758,29862011,29752392,6905040,36767051,,5538,51350,30367874,True
AGGREGATE,LOGISTIC,0.0019576,195.76,35275,35280.042,29863210,29753552,6905434,36768644,,5537,51350,30367874,True
AGGREGATE,LOGISTIC,0.0019667,196.67,35153,35158.271,29885065,29774598,6913541,36798606,,5528,51350,30367874,True
AGGREGATE,LOGISTIC,0.0019798,197.98,34979,34983.982,29916518,29804889,6925142,36841660,,5535,51350,30367874,True
AGGREGATE,LOGISTIC,0.0019899,198.99,34846,34851.731,29940372,29827858,6934006,36874378,,5540,51350,30367874,True
AGGREGATE,LOGISTIC,0.002,200.00,34716,34721.400,29963762,29850471,6943200,36906962,,5536,51350,30367874,True
AGGREGATE,LOGISTIC,0.0020013,200.13,34694,34699.193,29967519,29853547,6943310,36910829,,5540,51350,30367874,True
AGGREGATE,LOGISTIC,0.002011,201.10,34602,34605.903,29997051,29878020,6958462,36955513,,5527,51350,30367874,True
AGGREGATE,LOGISTIC,0.0020288,202.88,34430,34433.348,30051527,29923162,6985158,37036686,,5494,51350,30367874,True
AGGREGATE,LOGISTIC,0.0020341,203.41,34378,34380.404,30068022,29936907,6992829,37060851,,5490,51350,30367874,True
AGGREGATE,LOGISTIC,0.0020434,204.34,34286,34288.357,30096817,29960852,7006001,37102818,,5497,51350,30367874,True
AGGREGATE,LOGISTIC,0.0020452,204.52,34269,34271.318,30102243,29965326,7008696,37110939,,5492,51350,30367874,True
AGGREGATE,LOGISTIC,0.0020458,204.58,34263,34265.736,30104038,29966802,7009525,37113563,,5491,51350,30367874,True
AGGREGATE,LOGISTIC,0.0020538,205.38,34189,34191.089,30127999,29986510,7021737,37149736,,5478,51350,30367874,True
AGGREGATE,LOGISTIC,0.002055,205.50,34178,34179.968,30131583,29989454,7023579,37155162,,5476,51350,30367874,True
AGGREGATE,LOGISTIC,0.0020563,205.63,34166,34167.885,30135484,29992653,7025555,37161039,,5474,51350,30367874,True
AGGREGATE,LOGISTIC,0.0020581,205.81,34149,34151.091,30140917,29997105,7028206,37169123,,5473,51350,30367874,True
AGGREGATE,LOGISTIC,0.0020588,205.88,34142,34144.359,30143072,29998881,7029155,37172227,,5475,51350,30367874,True
AGGREGATE,LOGISTIC,0.002114,211.40,33619,33621.844,30312591,30138194,7107057,37419648,,5645,51350,30367874,True
AGGREGATE,LOGISTIC,0.0021179,211.79,33583,33585.782,30324330,30147829,7112544,37436873,,5657,51350,30367874,True
AGGREGATE,LOGISTIC,0.0021235,212.35,33530,33533.308,30341302,30161854,7120096,37461397,,5671,51350,30367874,True
AGGREGATE,LOGISTIC,0.0021447,214.47,33338,33340.780,30404362,30213593,7150001,37554363,,5720,51350,30367874,True
AGGREGATE,LOGISTIC,0.0021473,214.73,33314,33317.251,30412078,30219927,7153515,37565593,,5726,51350,30367874,True
AGGREGATE,LOGISTIC,0.0021917,219.17,32920,32923.167,30541820,30326383,7215076,37756896,,5849,51350,30367874,True
AGGREGATE,LOGISTIC,0.002193,219.30,32908,32911.780,30545575,30329462,7216724,37762299,,5853,51350,30367874,True
AGGREGATE,LOGISTIC,0.0021943,219.43,32897,32900.409,30549328,30332543,7218589,37767917,,5857,51350,30367874,True
AGGREGATE,LOGISTIC,0.0022427,224.27,32477,32480.572,30687865,30446293,7283617,37971482,,5989,51350,30367874,True
AGGREGATE,LOGISTIC,0.0022573,225.73,32355,32357.357,30728840,30480103,7303494,38032334,,6026,51350,30367874,True
AGGREGATE,LOGISTIC,0.002275,227.50,32205,32207.490,30778655,30521180,7326638,38105292,,6068,51350,30367874,True
AGGREGATE,LOGISTIC,0.0022819,228.19,32149,32151.442,30797551,30536650,7336080,38133631,,6087,51350,30367874,True
AGGREGATE,LOGISTIC,0.0022887,228.87,32094,32096.938,30816139,30551858,7345354,38161492,,6106,51350,30367874,True
AGGREGATE,LOGISTIC,0.0023079,230.79,31942,31944.711,30868201,30594405,7371894,38240095,,6161,51350,30367874,True
AGGREGATE,LOGISTIC,0.0023193,231.93,31853,31855.222,30898850,30619463,7387666,38286517,,6181,51350,30367874,True
AGGREGATE,LOGISTIC,0.0023318,233.18,31755,31757.612,30932424,30646927,7404631,38337055,,6201,51350,30367874,True
AGGREGATE,LOGISTIC,0.0023417,234.17,31678,31681.023,30958911,30668606,7418037,38376948,,6217,51350,30367874,True
AGGREGATE,LOGISTIC,0.0023445,234.45,31657,31659.392,30966409,30674740,7421984,38388392,,6223,51350,30367874,True
AGGREGATE,LOGISTIC,0.0023749,237.49,31425,31428.232,31048443,30741268,7463123,38511567,,6281,51350,30367874,True
AGGREGATE,LOGISTIC,0.0024424,244.24,30907,30909.573,31230967,30890129,7548726,38779692,,6469,51350,30367874,True
AGGREGATE,LOGISTIC,0.0024483,244.83,30862,30864.853,31246700,30902964,7555943,38802643,,6485,51350,30367874,True
AGGREGATE,LOGISTIC,0.0024989,249.89,30484,30486.835,31380833,31012261,7617647,38998480,,6630,51350,30367874,True
AGGREGATE,LOGISTIC,0.0025019,250.19,30463,30464.780,31388680,31018676,7621538,39010218,,6640,51350,30367874,True
AGGREGATE,LOGISTIC,0.0025149,251.49,30365,30367.491,31423198,31046909,7636494,39059692,,6675,51350,30367874,True
AGGREGATE,LOGISTIC,0.0025169,251.69,30351,30353.700,31428384,31051124,7639043,39067427,,6678,51350,30367874,True
AGGREGATE,LOGISTIC,0.002523,252.30,30309,30311.730,31444190,31063975,7646961,39091151,,6688,51350,30367874,True
AGGREGATE,LOGISTIC,0.0025879,258.79,29855,29856.516,31613556,31202722,7726175,39339732,,6810,51350,30367874,True
AGGREGATE,LOGISTIC,0.0026079,260.79,29717,29718.264,31664895,31244850,7749896,39414791,,6845,51350,30367874,True
AGGREGATE,LOGISTIC,0.0026294,262.94,29571,29571.047,31719588,31289720,7775399,39494987,,6881,51350,30367874,True
AGGREGATE,LOGISTIC,0.002651,265.10,29423,29422.603,31774627,31334894,7800037,39574664,,6929,51350,30367874,True
AGGREGATE,LOGISTIC,0.0026564,265.64,29386,29386.005,31788182,31346044,7806097,39594279,,6937,51350,30367874,True
AGGREGATE,LOGISTIC,0.0026631,266.31,29342,29341.760,31804746,31359616,7814068,39618814,,6949,51350,30367874,True
AGGREGATE,LOGISTIC,0.0026699,266.99,29298,29297.318,31821560,31373291,7822273,39643833,,6961,51350,30367874,True
AGGREGATE,LOGISTIC,0.002694,269.40,29142,29141.908,31880648,31421293,7850855,39731503,,6994,51350,30367874,True
AGGREGATE,LOGISTIC,0.0026949,269.49,29136,29136.031,31882875,31423109,7851861,39734736,,6995,51350,30367874,True
AGGREGATE,LOGISTIC,0.0027015,270.15,29093,29092.919,31899200,31436425,7859474,39758674,,7000,51350,30367874,True
AGGREGATE,LOGISTIC,0.0027404,274.04,28838,28837.929,31995123,31515105,7902766,39897889,,7025,51350,30367874,True
AGGREGATE,LOGISTIC,0.0027839,278.39,28561,28561.955,32099865,31600468,7951097,40050962,,7069,51350,30367874,True
AGGREGATE,LOGISTIC,0.0027847,278.47,28556,28556.934,32101777,31602024,7951989,40053766,,7070,51350,30367874,True
AGGREGATE,LOGISTIC,0.0027881,278.81,28534,28535.651,32109888,31608620,7955565,40065452,,7075,51350,30367874,True
AGGREGATE,LOGISTIC,0.0028201,282.01,28335,28337.121,32185736,31670303,7990753,40176489,,7124,51350,30367874,True
AGGREGATE,LOGISTIC,0.0028492,284.92,28165,28166.914,32251418,31723654,8024772,40276189,,7178,51350,30367874,True
AGGREGATE,LOGISTIC,0.0028767,287.67,28006,28007.518,32313106,31773817,8056486,40369592,,7229,51350,30367874,True
AGGREGATE,LOGISTIC,0.0029576,295.76,27543,27543.458,32492868,31920036,8146118,40638986,,7386,51350,30367874,True
AGGREGATE,LOGISTIC,0.0029753,297.53,27444,27444.211,32531598,31951553,8165413,40697011,,7420,51350,30367874,True
AGGREGATE,LOGISTIC,0.0029771,297.71,27434,27434.264,32535491,31954715,8167376,40702868,,7423,51350,30367874,True
AGGREGATE,LOGISTIC,0.0029863,298.63,27383,27383.189,32555450,31970959,8177385,40732836,,7438,51350,30367874,True
AGGREGATE,LOGISTIC,0.003,300.00,27299,27299.769,32593012,32002965,8189700,40782712,,7432,51350,30367874,True
AGGREGATE,LOGISTIC,0.0030077,300.77,27259,27258.718,32607718,32014585,8198689,40806407,,7448,51350,30367874,True
AGGREGATE,LOGISTIC,0.0030293,302.93,27142,27142.128,32649378,32047632,8222126,40871504,,7491,51350,30367874,True
AGGREGATE,LOGISTIC,0.0030511,305.11,27020,27019.986,32696941,32086488,8244072,40941013,,7517,51350,30367874,True
AGGREGATE,LOGISTIC,0.003073,307.30,26899,26899.898,32744104,32124717,8266063,41010167,,7549,51350,30367874,True
AGGREGATE,LOGISTIC,0.0030745,307.45,26891,26891.684,32747320,32127335,8267638,41014958,,7550,51350,30367874,True
AGGREGATE,LOGISTIC,0.0030764,307.64,26881,26881.207,32751404,32130674,8269671,41021075,,7553,51350,30367874,True
AGGREGATE,LOGISTIC,0.0031272,312.72,26605,26605.382,32859267,32218635,8319916,41179183,,7629,51350,30367874,True
AGGREGATE,LOGISTIC,0.0031623,316.23,26413,26414.848,32933865,32279391,8352583,41286448,,7666,51350,30367874,True
AGGREGATE,LOGISTIC,0.0031751,317.51,26350,26351.907,32960583,32301015,8366388,41326972,,7703,51350,30367874,True
AGGREGATE,LOGISTIC,0.003177,317.70,26341,26342.567,32964547,32304224,8368536,41333083,,7708,51350,30367874,True
AGGREGATE,LOGISTIC,0.0031789,317.89,26332,26333.228,32968487,32307435,8370679,41339167,,7713,51350,30367874,True
AGGREGATE,LOGISTIC,0.0032719,327.19,25885,25886.359,33158788,32461261,8469313,41628101,,7940,51350,30367874,True
AGGREGATE,LOGISTIC,0.0032799,327.99,25847,25848.510,33174901,32474294,8477558,41652459,,7960,51350,30367874,True
AGGREGATE,LOGISTIC,0.0033721,337.21,25422,25422.587,33357743,32622228,8572553,41930296,,8143,51350,30367874,True
AGGREGATE,LOGISTIC,0.0033924,339.24,25329,25330.035,33397546,32654466,8592610,41990156,,8178,51350,30367874,True
AGGREGATE,LOGISTIC,0.0034534,345.34,25055,25055.230,33515832,32750253,8652494,42168326,,8281,51350,30367874,True
AGGREGATE,LOGISTIC,0.0034937,349.37,24876,24876.674,33592932,32812712,8690928,42283860,,8348,51350,30367874,True
AGGREGATE,LOGISTIC,0.003546,354.60,24646,24646.790,33692180,32893151,8739472,42431652,,8431,51350,30367874,True
AGGREGATE,LOGISTIC,0.0035515,355.15,24623,24623.489,33702301,32901331,8744858,42447160,,8440,51350,30367874,True
AGGREGATE,LOGISTIC,0.0036007,360.07,24411,24411.606,33793949,32975759,8789669,42583618,,8506,51350,30367874,True
AGGREGATE,LOGISTIC,0.0036102,361.02,24370,24370.195,33811826,32990334,8798057,42609883,,8519,51350,30367874,True
AGGREGATE,LOGISTIC,0.0036245,362.45,24309,24309.091,33838260,33011836,8810797,42649057,,8543,51350,30367874,True
AGGREGATE,LOGISTIC,0.0037208,372.08,23905,23903.934,34013953,33154788,8894572,42908525,,8695,51350,30367874,True
AGGREGATE,LOGISTIC,0.0037306,373.06,23863,23862.898,34031845,33169293,8902331,42934176,,8715,51350,30367874,True
AGGREGATE,LOGISTIC,0.003755,375.50,23761,23760.980,34076319,33205333,8922256,42998575,,8763,51350,30367874,True
AGGREGATE,LOGISTIC,0.0038448,384.48,23406,23405.505,34231450,33330948,8999139,43230589,,8873,51350,30367874,True
AGGREGATE,LOGISTIC,0.0038641,386.41,23330,23329.606,34264601,33357824,9014945,43279547,,8906,51350,30367874,True
AGGREGATE,LOGISTIC,0.0038679,386.79,23316,23314.930,34271032,33363014,9018396,43289427,,8913,51350,30367874,True
AGGREGATE,LOGISTIC,0.0038919,389.19,23224,23222.907,34311404,33395590,9038549,43349952,,8955,51350,30367874,True
AGGREGATE,LOGISTIC,0.00391,391.00,23152,23151.283,34342690,33421041,9052432,43395122,,8987,51350,30367874,True
AGGREGATE,LOGISTIC,0.0039198,391.98,23114,23112.670,34359645,33434842,9060226,43419871,,9004,51350,30367874,True
AGGREGATE,LOGISTIC,0.0039664,396.64,22935,22933.695,34438428,33498715,9096938,43535367,,9088,51350,30367874,True
AGGREGATE,LOGISTIC,0.0039764,397.64,22897,22895.570,34455314,33512425,9104763,43560077,,9106,51350,30367874,True
AGGREGATE,LOGISTIC,0.0042107,421.07,22038,22037.355,34843594,33828098,9279541,44123135,,9423,51350,30367874,True
AGGREGATE,LOGISTIC,0.0042535,425.35,21887,21886.846,34911829,33883483,9309635,44221465,,9479,51350,30367874,True
AGGREGATE,LOGISTIC,0.004333,433.30,21611,21610.886,35037007,33985178,9364046,44401053,,9598,51350,30367874,True
AGGREGATE,LOGISTIC,0.0043955,439.55,21398,21398.465,35133437,34063427,9405491,44538928,,9696,51350,30367874,True
AGGREGATE,LOGISTIC,0.0044589,445.89,21184,21183.969,35230742,34142624,9445734,44676476,,9788,51350,30367874,True
AGGREGATE,LOGISTIC,0.0044894,448.94,21081,21081.576,35277503,34180715,9464104,44741608,,9820,51350,30367874,True
AGGREGATE,LOGISTIC,0.0047217,472.17,20320,20320.997,35624626,34464151,9594494,45219121,,10074,51350,30367874,True
AGGREGATE,LOGISTIC,0.0047937,479.37,20091,20091.937,35729108,34549722,9631023,45360131,,10181,51350,30367874,True
AGGREGATE,LOGISTIC,0.0048589,485.89,19887,19887.969,35822329,34625917,9662894,45485224,,10249,51350,30367874,True
AGGREGATE,LOGISTIC,0.0049535,495.35,19597,19596.447,35955965,34734925,9707374,45663339,,10391,51350,30367874,True
AGGREGATE,LOGISTIC,0.005,500.00,19457,19457.143,36019246,34786819,9728500,45747746,,10466,51350,30367874,True
