area,func,label,w,mean_t_logged,mean_t,stranded_pop,total_pop
Austria,LINEAR,row,0.00015,0.2148,0.2148,0.0,8931592.0
Austria,LINEAR,row,0.0003,0.2148,0.2148,0.0,8931592.0
Austria,LINEAR,row,0.0007,0.2148,0.2148,0.0,8931592.0
Austria,LINEAR,row,0.0015,0.2255,0.2255,0.0,8931592.0
Austria,LINEAR,row,0.003,0.3219,0.3219,0.0,8931592.0
Austria,LINEAR,row,0.007,0.5938,0.5938,0.0,8931592.0
Austria,LINEAR,row,0.01,0.7637,0.7637,0.0,8931592.0
Austria,LINEAR,row,0.015,1.0046,1.0046,0.0,8931592.0
Austria,LINEAR,row,0.02,1.2090,1.2090,0.0,8931592.0
Austria,LINEAR,row,0.03,1.5386,1.5386,0.0,8931592.0
Austria,LINEAR,row,0.05,2.0302,2.0302,0.0,8931592.0
Austria,LINEAR,row,0.07,2.4046,2.4046,0.0,8931592.0
Austria,LINEAR,row,0.15,3.4968,3.4968,0.0,8931592.0
Austria,LINEAR,row,0.3,4.7325,4.7325,0.0,8931592.0
Austria,LINEAR,row,0.30973,4.8180,4.8182,14.0,8931592.0
Austria,LINEAR,row,0.31978,4.8842,4.8843,0.0,8931592.0
Austria,LINEAR,row,0.34087,4.9919,4.9919,1.0,8931592.0
Austria,LINEAR,row,0.3873,5.2577,5.2577,1.0,8931592.0
Austria,LINEAR,row,0.7,6.4191,6.4328,1016.0,8931592.0
Austria,LINEAR,row,0.0001,0.2148,0.2148,0.0,8931592.0
Austria,LINEAR,row,0.0002,0.2148,0.2148,0.0,8931592.0
Austria,LINEAR,row,0.0005,0.2148,0.2148,0.0,8931592.0
Austria,LINEAR,row,0.001,0.2155,0.2155,0.0,8931592.0
Austria,LINEAR,row,0.002,0.2512,0.2512,0.0,8931592.0
Austria,LINEAR,row,0.005,0.4652,0.4652,0.0,8931592.0
Austria,LINEAR,row,0.1,2.8760,2.8760,0.0,8931592.0
Austria,LINEAR,row,0.14142,3.3895,3.3895,0.0,8931592.0
Austria,LINEAR,row,0.16818,3.6831,3.6831,0.0,8931592.0
Austria,LINEAR,row,0.1834,3.8268,3.8268,0.0,8931592.0
Austria,LINEAR,row,0.2,3.9821,3.9821,0.0,8931592.0
Austria,LINEAR,row,0.25149,4.3858,4.3859,0.0,8931592.0
Austria,LINEAR,row,0.28201,4.6150,4.6150,0.0,8931592.0
Austria,LINEAR,row,0.29863,4.7189,4.7189,0.0,8931592.0
Austria,LINEAR,row,0.3073,4.7969,4.7971,14.0,8931592.0
Austria,LINEAR,row,0.31173,4.8241,4.8241,0.0,8931592.0
Austria,LINEAR,row,0.31623,4.8560,4.8560,0.0,8931592.0
Austria,LINEAR,row,0.5,5.8383,5.8387,24.0,8931592.0
Austria,LINEAR,S1,,,3.8268,0.0,8931592.0
Austria,LINEAR,S2,,,4.8241,0.0,8931592.0
Austria,LOGISTIC,row,0.0001,0.8356,0.8356,0.0,8931592.0
Austria,LOGISTIC,row,0.0002,1.2857,1.2857,0.0,8931592.0
Austria,LOGISTIC,row,0.0005,2.0744,2.0744,0.0,8931592.0
Austria,LOGISTIC,row,0.001,2.8590,2.8590,0.0,8931592.0
Austria,LOGISTIC,row,0.002,3.8312,3.8312,0.0,8931592.0
Austria,LOGISTIC,row,0.0039764,4.9973,4.9975,17.0,8931592.0
Austria,LOGISTIC,row,0.0044589,5.1581,5.1584,21.0,8931592.0
Austria,LOGISTIC,row,0.0047217,5.2646,5.2660,103.0,8931592.0
Austria,LOGISTIC,row,0.0048589,5.3234,5.3240,45.0,8931592.0
Austria,LOGISTIC,row,0.5,3.2616,74.2168,5281190.0,8931592.0
Austria,LOGISTIC,row,0.0020288,3.8464,3.8467,17.0,8931592.0
Austria,LOGISTIC,row,0.0020434,3.8656,3.8656,0.0,8931592.0
Austria,LOGISTIC,row,0.0020581,3.8712,3.8712,0.0,8931592.0
Austria,LOGISTIC,row,0.0021179,3.9290,3.9290,0.0,8931592.0
Austria,LOGISTIC,row,0.0022427,4.0275,4.0275,0.0,8931592.0
Austria,LOGISTIC,row,0.0025149,4.1902,4.1902,0.0,8931592.0
Austria,LOGISTIC,row,0.0026564,4.3325,4.3325,0.0,8931592.0
Austria,LOGISTIC,row,0.0031623,4.6124,4.6123,0.0,8931592.0
Austria,LOGISTIC,row,0.0034534,4.7470,4.7472,17.0,8931592.0
Austria,LOGISTIC,row,0.0044894,5.1682,5.1685,21.0,8931592.0
Austria,LOGISTIC,row,0.0047937,5.2957,5.2958,4.0,8931592.0
Austria,LOGISTIC,row,0.0049535,5.3741,5.3742,7.0,8931592.0
Austria,LOGISTIC,row,0.005,5.3853,5.3854,0.0,8931592.0
Austria,LOGISTIC,row,0.0051187,5.4174,5.4175,7.0,8931592.0
Austria,LOGISTIC,row,0.0058362,5.6835,5.6843,61.0,8931592.0
Austria,LOGISTIC,S1,,,3.8656,0.0,8931592.0
Austria,LOGISTIC,S2,,,5.3742,7.0,8931592.0
Belgium,LINEAR,row,0.0001,0.0544,0.0544,0.0,11531275.0
Belgium,LINEAR,row,0.0002,0.0544,0.0544,0.0,11531275.0
Belgium,LINEAR,row,0.0005,0.0544,0.0544,0.0,11531275.0
Belgium,LINEAR,row,0.001,0.0549,0.0549,0.0,11531275.0
Belgium,LINEAR,row,0.002,0.0762,0.0762,0.0,11531275.0
Belgium,LINEAR,row,0.005,0.1932,0.1932,0.0,11531275.0
Belgium,LINEAR,row,0.01,0.3819,0.3819,0.0,11531275.0
Belgium,LINEAR,row,0.02,0.7128,0.7128,0.0,11531275.0
Belgium,LINEAR,row,0.05,1.4588,1.4588,0.0,11531275.0
Belgium,LINEAR,row,0.073841,1.8734,1.8734,0.0,11531275.0
Belgium,LINEAR,row,0.077111,1.9174,1.9174,0.0,11531275.0
Belgium,LINEAR,row,0.08409,2.0241,2.0241,0.0,11531275.0
Belgium,LINEAR,row,0.2,3.2316,3.8102,55599.0,11531275.0
Belgium,LINEAR,row,0.5,3.8208,12.0401,789817.0,11531275.0
Belgium,LINEAR,row,0.054525,1.5363,1.5363,0.0,11531275.0
Belgium,LINEAR,row,0.055719,1.5559,1.5559,0.0,11531275.0
Belgium,LINEAR,row,0.056326,1.5695,1.5695,0.0,11531275.0
Belgium,LINEAR,row,0.056632,1.5764,1.5764,0.0,11531275.0
Belgium,LINEAR,row,0.056939,1.5788,1.5788,0.0,11531275.0
Belgium,LINEAR,row,0.05946,1.6232,1.6232,0.0,11531275.0
Belgium,LINEAR,row,0.06457,1.7105,1.7105,0.0,11531275.0
Belgium,LINEAR,row,0.068948,1.7965,1.7965,0.0,11531275.0
Belgium,LINEAR,row,0.070711,1.8166,1.8166,0.0,11531275.0
Belgium,LINEAR,row,0.071246,1.8252,1.8252,0.0,11531275.0
Belgium,LINEAR,row,0.072424,1.8446,1.8446,0.0,11531275.0
Belgium,LINEAR,row,0.07302,1.8541,1.8541,0.0,11531275.0
Belgium,LINEAR,row,0.073622,1.8677,1.8677,0.0,11531275.0
Belgium,LINEAR,row,0.1,2.2369,2.2369,0.0,11531275.0
Belgium,LINEAR,S1,,,1.5764,0.0,11531275.0
Belgium,LINEAR,S2,,,1.8677,0.0,11531275.0
Belgium,LOGISTIC,row,0.0001,0.4586,0.4586,0.0,11531275.0
Belgium,LOGISTIC,row,0.0002,0.8235,0.8235,0.0,11531275.0
Belgium,LOGISTIC,row,0.0005,1.5905,1.5905,0.0,11531275.0
Belgium,LOGISTIC,row,0.0005946,1.7602,1.7602,0.0,11531275.0
Belgium,LOGISTIC,row,0.00064842,1.8616,1.8616,0.0,11531275.0
Belgium,LOGISTIC,row,0.00070711,1.9494,1.9494,0.0,11531275.0
Belgium,LOGISTIC,row,0.001,2.3474,2.3474,0.0,11531275.0
Belgium,LOGISTIC,row,0.002,3.2235,4.3784,110980.0,11531275.0
Belgium,LOGISTIC,row,0.1,4.4473,22.5189,1736572.0,11531275.0
Belgium,LOGISTIC,row,0.2,2.9617,53.0901,4817035.0,11531275.0
Belgium,LOGISTIC,row,0.5,0.3677,108.7572,10415580.0,11531275.0
Belgium,LOGISTIC,row,0.00031623,1.1592,1.1592,0.0,11531275.0
Belgium,LOGISTIC,row,0.00039764,1.3647,1.3647,0.0,11531275.0
Belgium,LOGISTIC,row,0.00044589,1.4764,1.4764,0.0,11531275.0
Belgium,LOGISTIC,row,0.00047217,1.5392,1.5391,0.0,11531275.0
Belgium,LOGISTIC,row,0.00048589,1.5615,1.5615,0.0,11531275.0
Belgium,LOGISTIC,row,0.00049289,1.5771,1.5771,0.0,11531275.0
Belgium,LOGISTIC,row,0.00064076,1.8473,1.8473,0.0,11531275.0
Belgium,LOGISTIC,row,0.00066212,1.8812,1.8812,0.0,11531275.0
Belgium,LOGISTIC,row,0.0006842,1.9206,1.9206,0.0,11531275.0
Belgium,LOGISTIC,row,0.00073058,1.9946,1.9946,0.0,11531275.0
Belgium,LOGISTIC,row,0.00083299,2.1410,2.1410,0.0,11531275.0
Belgium,LOGISTIC,S1,,,1.5771,0.0,11531275.0
Belgium,LOGISTIC,S2,,,1.8812,0.0,11531275.0
Czechia,LINEAR,row,0.0001,0.1440,0.1440,0.0,10491072.0
Czechia,LINEAR,row,0.00015,0.1440,0.1440,0.0,10491072.0
Czechia,LINEAR,row,0.0002,0.1440,0.1440,0.0,10491072.0
Czechia,LINEAR,row,0.0003,0.1440,0.1440,0.0,10491072.0
Czechia,LINEAR,row,0.0005,0.1440,0.1440,0.0,10491072.0
Czechia,LINEAR,row,0.0007,0.1440,0.1440,0.0,10491072.0
Czechia,LINEAR,row,0.001,0.1446,0.1446,0.0,10491072.0
Czechia,LINEAR,row,0.0015,0.1509,0.1509,0.0,10491072.0
Czechia,LINEAR,row,0.002,0.1686,0.1686,0.0,10491072.0
Czechia,LINEAR,row,0.003,0.2232,0.2232,0.0,10491072.0
Czechia,LINEAR,row,0.005,0.3481,0.3481,0.0,10491072.0
Czechia,LINEAR,row,0.007,0.4683,0.4683,0.0,10491072.0
Czechia,LINEAR,row,0.01,0.6315,0.6315,0.0,10491072.0
Czechia,LINEAR,row,0.015,0.8709,0.8709,0.0,10491072.0
Czechia,LINEAR,row,0.02,1.0689,1.0689,0.0,10491072.0
Czechia,LINEAR,row,0.03,1.3988,1.3988,0.0,10491072.0
Czechia,LINEAR,row,0.05,1.8948,1.8948,0.0,10491072.0
Czechia,LINEAR,row,0.07,2.3036,2.3036,0.0,10491072.0
Czechia,LINEAR,row,0.1,2.8105,2.8105,0.0,10491072.0
Czechia,LINEAR,row,0.15,3.4450,3.4450,1.0,10491072.0
Czechia,LINEAR,row,0.22134,4.1699,4.1699,0.0,10491072.0
Czechia,LINEAR,row,0.22702,4.2187,4.2187,0.0,10491072.0
Czechia,LINEAR,row,0.23284,4.2689,4.2689,2.0,10491072.0
Czechia,LINEAR,row,0.24495,4.4081,4.4082,4.0,10491072.0
Czechia,LINEAR,row,0.3,4.8113,4.8113,4.0,10491072.0
Czechia,LINEAR,row,0.5,5.8757,5.8796,347.0,10491072.0
Czechia,LINEAR,row,0.14142,3.3517,3.3518,1.0,10491072.0
Czechia,LINEAR,row,0.14452,3.3816,3.3816,1.0,10491072.0
Czechia,LINEAR,row,0.1453,3.3914,3.3914,1.0,10491072.0
Czechia,LINEAR,row,0.14609,3.4012,3.4012,1.0,10491072.0
Czechia,LINEAR,row,0.14768,3.4167,3.4167,1.0,10491072.0
Czechia,LINEAR,row,0.15422,3.4959,3.4959,1.0,10491072.0
Czechia,LINEAR,row,0.16818,3.6402,3.6402,1.0,10491072.0
Czechia,LINEAR,row,0.18889,3.8492,3.8492,1.0,10491072.0
Czechia,LINEAR,row,0.2,3.9512,3.9512,1.0,10491072.0
Czechia,LINEAR,row,0.21537,4.1077,4.1077,0.0,10491072.0
Czechia,LINEAR,row,0.22255,4.1804,4.1806,20.0,10491072.0
Czechia,LINEAR,row,0.22623,4.2165,4.2166,0.0,10491072.0
Czechia,LINEAR,row,0.22809,4.2338,4.2338,2.0,10491072.0
Czechia,LINEAR,row,0.22997,4.2491,4.2491,2.0,10491072.0
Czechia,LINEAR,row,0.24556,4.4128,4.4129,4.0,10491072.0
Czechia,LINEAR,S1,,,3.3914,1.0,10491072.0
Czechia,LINEAR,S2,,,4.2338,2.0,10491072.0
Czechia,LOGISTIC,row,0.0001,0.7009,0.7009,0.0,10491072.0
Czechia,LOGISTIC,row,0.0002,1.1398,1.1398,0.0,10491072.0
Czechia,LOGISTIC,row,0.0005,1.9454,1.9454,0.0,10491072.0
Czechia,LOGISTIC,row,0.001,2.8114,2.8114,0.0,10491072.0
Czechia,LOGISTIC,row,0.0025149,4.3006,4.3012,48.0,10491072.0
Czechia,LOGISTIC,row,0.0028201,4.5403,4.5403,4.0,10491072.0
Czechia,LOGISTIC,row,0.0031623,4.7106,4.7107,4.0,10491072.0
Czechia,LOGISTIC,row,0.005,5.5276,5.5294,161.0,10491072.0
Czechia,LOGISTIC,row,0.01,6.5938,7.7092,97516.0,10491072.0
Czechia,LOGISTIC,row,0.2,7.9310,27.8574,1742076.0,10491072.0
Czechia,LOGISTIC,row,0.5,1.8892,90.5775,7753625.0,10491072.0
Czechia,LOGISTIC,row,0.0014142,3.3358,3.3361,21.0,10491072.0
Czechia,LOGISTIC,row,0.0014768,3.3924,3.3927,21.0,10491072.0
Czechia,LOGISTIC,row,0.0014929,3.4103,3.4106,21.0,10491072.0
Czechia,LOGISTIC,row,0.0015092,3.4288,3.4290,21.0,10491072.0
Czechia,LOGISTIC,row,0.0015422,3.4503,3.4503,1.0,10491072.0
Czechia,LOGISTIC,row,0.0016818,3.5982,3.5984,20.0,10491072.0
Czechia,LOGISTIC,row,0.0019408,3.8142,3.8142,0.0,10491072.0
Czechia,LOGISTIC,row,0.002,3.8755,3.8755,0.0,10491072.0
Czechia,LOGISTIC,row,0.002523,4.3032,4.3038,48.0,10491072.0
Czechia,LOGISTIC,row,0.002694,4.4248,4.4254,48.0,10491072.0
Czechia,LOGISTIC,row,0.0027839,4.5052,4.5053,4.0,10491072.0
Czechia,LOGISTIC,row,0.0028767,4.5606,4.5606,4.0,10491072.0
Czechia,LOGISTIC,row,0.0032799,4.7784,4.7785,4.0,10491072.0
Czechia,LOGISTIC,S1,,,3.4106,21.0,10491072.0
Czechia,LOGISTIC,S2,,,4.5053,4.0,10491072.0
Denmark,LINEAR,row,0.00015,0.3615,0.3615,0.0,5754667.0
Denmark,LINEAR,row,0.0003,0.3615,0.3615,0.0,5754667.0
Denmark,LINEAR,row,0.0007,0.3615,0.3615,0.0,5754667.0
Denmark,LINEAR,row,0.0015,0.3635,0.3635,0.0,5754667.0
Denmark,LINEAR,row,0.003,0.4031,0.4031,0.0,5754667.0
Denmark,LINEAR,row,0.007,0.5630,0.5630,0.0,5754667.0
Denmark,LINEAR,row,0.01,0.6755,0.6755,0.0,5754667.0
Denmark,LINEAR,row,0.015,0.8498,0.8498,0.0,5754667.0
Denmark,LINEAR,row,0.02,1.0095,1.0095,0.0,5754667.0
Denmark,LINEAR,row,0.03,1.2956,1.2956,0.0,5754667.0
Denmark,LINEAR,row,0.05,1.7900,1.7900,0.0,5754667.0
Denmark,LINEAR,row,0.07,2.2345,2.2345,0.0,5754667.0
Denmark,LINEAR,row,0.15,3.6721,3.6721,0.0,5754667.0
Denmark,LINEAR,row,0.3,5.0853,5.0853,0.0,5754667.0
Denmark,LINEAR,row,0.54388,6.4159,6.4159,0.0,5754667.0
Denmark,LINEAR,row,0.55544,6.5017,6.5017,0.0,5754667.0
Denmark,LINEAR,row,0.56724,6.5608,6.5607,0.0,5754667.0
Denmark,LINEAR,row,0.59161,6.6292,6.6292,0.0,5754667.0
Denmark,LINEAR,row,0.7,7.0946,7.0945,0.0,5754667.0
Denmark,LINEAR,row,1.5,9.2697,9.2765,325.0,5754667.0
Denmark,LINEAR,row,2,10.0670,10.1037,1760.0,5754667.0
Denmark,LINEAR,row,0.0001,0.3615,0.3615,0.0,5754667.0
Denmark,LINEAR,row,0.0002,0.3615,0.3615,0.0,5754667.0
Denmark,LINEAR,row,0.0005,0.3615,0.3615,0.0,5754667.0
Denmark,LINEAR,row,0.001,0.3616,0.3616,0.0,5754667.0
Denmark,LINEAR,row,0.002,0.3723,0.3723,0.0,5754667.0
Denmark,LINEAR,row,0.005,0.4823,0.4823,0.0,5754667.0
Denmark,LINEAR,row,0.1,2.8553,2.8553,0.0,5754667.0
Denmark,LINEAR,row,0.2,4.2872,4.2872,0.0,5754667.0
Denmark,LINEAR,row,0.31623,5.2191,5.2190,0.0,5754667.0
Denmark,LINEAR,row,0.3546,5.4880,5.4880,0.0,5754667.0
Denmark,LINEAR,row,0.35587,5.4943,5.4942,0.0,5754667.0
Denmark,LINEAR,row,0.35715,5.5069,5.5069,0.0,5754667.0
Denmark,LINEAR,row,0.35972,5.5320,5.5319,0.0,5754667.0
Denmark,LINEAR,row,0.3649,5.5513,5.5513,0.0,5754667.0
Denmark,LINEAR,row,0.3755,5.6227,5.6226,0.0,5754667.0
Denmark,LINEAR,row,0.39764,5.7635,5.7635,0.0,5754667.0
Denmark,LINEAR,row,0.5,6.2247,6.2247,0.0,5754667.0
Denmark,LINEAR,row,0.54525,6.4346,6.4346,0.0,5754667.0
Denmark,LINEAR,row,0.55719,6.5114,6.5114,0.0,5754667.0
Denmark,LINEAR,row,0.56939,6.5608,6.5607,0.0,5754667.0
Denmark,LINEAR,row,0.5946,6.6394,6.6394,0.0,5754667.0
Denmark,LINEAR,row,0.70711,7.1431,7.1430,0.0,5754667.0
Denmark,LINEAR,row,1,8.0899,8.0898,0.0,5754667.0
Denmark,LINEAR,S1,,,5.4942,0.0,5754667.0
Denmark,LINEAR,S2,,,6.5114,0.0,5754667.0
Denmark,LOGISTIC,row,0.0001,0.7124,0.7124,0.0,5754667.0
Denmark,LOGISTIC,row,0.0002,1.0553,1.0553,0.0,5754667.0
Denmark,LOGISTIC,row,0.0005,1.8593,1.8593,0.0,5754667.0
Denmark,LOGISTIC,row,0.001,2.8587,2.8587,0.0,5754667.0
Denmark,LOGISTIC,row,0.002,4.1795,4.1796,0.0,5754667.0
Denmark,LOGISTIC,row,0.005,5.8467,5.8467,0.0,5754667.0
Denmark,LOGISTIC,row,0.0070711,6.5210,6.5210,0.0,5754667.0
Denmark,LOGISTIC,row,0.008409,6.8964,6.8964,0.0,5754667.0
Denmark,LOGISTIC,row,0.0087813,6.9721,6.9722,0.0,5754667.0
Denmark,LOGISTIC,row,0.00917,7.0820,7.0820,0.0,5754667.0
Denmark,LOGISTIC,row,0.01,7.1920,7.1920,0.0,5754667.0
Denmark,LOGISTIC,row,0.0031623,4.9403,4.9403,0.0,5754667.0
Denmark,LOGISTIC,row,0.0039764,5.3738,5.3738,0.0,5754667.0
Denmark,LOGISTIC,row,0.0042107,5.4876,5.4876,0.0,5754667.0
Denmark,LOGISTIC,row,0.004333,5.5410,5.5410,0.0,5754667.0
Denmark,LOGISTIC,row,0.0043955,5.5603,5.5603,0.0,5754667.0
Denmark,LOGISTIC,row,0.0044589,5.5895,5.5895,0.0,5754667.0
Denmark,LOGISTIC,row,0.0057142,6.0529,6.0529,0.0,5754667.0
Denmark,LOGISTIC,row,0.0074284,6.6417,6.6417,0.0,5754667.0
Denmark,LOGISTIC,row,0.0084697,6.9115,6.9115,0.0,5754667.0
Denmark,LOGISTIC,row,0.0087521,6.9658,6.9658,0.0,5754667.0
Denmark,LOGISTIC,row,0.0090439,7.0489,7.0489,0.0,5754667.0
Denmark,LOGISTIC,row,0.0096569,7.1329,7.1329,0.0,5754667.0
Denmark,LOGISTIC,S1,,,5.5603,0.0,5754667.0
Denmark,LOGISTIC,S2,,,6.9658,0.0,5754667.0
Estonia,LINEAR,row,0.0001,0.8198,0.8197,0.0,1318030.0
Estonia,LINEAR,row,0.0002,0.8198,0.8197,0.0,1318030.0
Estonia,LINEAR,row,0.0005,0.8198,0.8197,0.0,1318030.0
Estonia,LINEAR,row,0.001,0.8200,0.8199,0.0,1318030.0
Estonia,LINEAR,row,0.002,0.8257,0.8256,0.0,1318030.0
Estonia,LINEAR,row,0.005,0.9141,0.9140,0.0,1318030.0
Estonia,LINEAR,row,0.01,1.0942,1.0941,0.0,1318030.0
Estonia,LINEAR,row,0.02,1.4456,1.4455,0.0,1318030.0
Estonia,LINEAR,row,0.05,2.2800,2.2799,0.0,1318030.0
Estonia,LINEAR,row,0.1,3.2473,3.2472,0.0,1318030.0
Estonia,LINEAR,row,0.16818,4.3150,4.3149,0.0,1318030.0
Estonia,LINEAR,row,0.1834,4.4078,4.4077,0.0,1318030.0
Estonia,LINEAR,row,0.19152,4.4924,4.4927,5.0,1318030.0
Estonia,LINEAR,row,0.5,6.6761,6.6919,175.0,1318030.0
Estonia,LINEAR,row,1,8.2728,8.3564,919.0,1318030.0
Estonia,LINEAR,row,2,9.4963,10.0780,6390.0,1318030.0
Estonia,LINEAR,row,5,10.7544,13.2820,27765.0,1318030.0
Estonia,LINEAR,row,0.10905,3.3658,3.3659,0.0,1318030.0
Estonia,LINEAR,row,0.11388,3.4082,3.4082,0.0,1318030.0
Estonia,LINEAR,row,0.11637,3.4693,3.4693,0.0,1318030.0
Estonia,LINEAR,row,0.11892,3.5223,3.5223,0.0,1318030.0
Estonia,LINEAR,row,0.14142,3.9021,3.9021,0.0,1318030.0
Estonia,LINEAR,row,0.15128,4.0244,4.0244,0.0,1318030.0
Estonia,LINEAR,row,0.19667,4.4923,4.4927,5.0,1318030.0
Estonia,LINEAR,row,0.19829,4.5223,4.5227,5.0,1318030.0
Estonia,LINEAR,row,0.19992,4.5526,4.5530,5.0,1318030.0
Estonia,LINEAR,row,0.2,4.5526,4.5530,5.0,1318030.0
Estonia,LINEAR,row,0.20323,4.5832,4.5836,5.0,1318030.0
Estonia,LINEAR,row,0.21,4.6458,4.6463,5.0,1318030.0
Estonia,LINEAR,row,0.22424,4.7615,4.7620,5.0,1318030.0
Estonia,LINEAR,row,0.25567,5.0511,5.0515,5.0,1318030.0
Estonia,LINEAR,S1,,,3.4693,0.0,1318030.0
Estonia,LINEAR,S2,,,4.5227,5.0,1318030.0
Estonia,LOGISTIC,row,0.0001,1.1118,1.1117,0.0,1318030.0
Estonia,LOGISTIC,row,0.0002,1.4548,1.4547,0.0,1318030.0
Estonia,LOGISTIC,row,0.0005,2.1516,2.1515,0.0,1318030.0
Estonia,LOGISTIC,row,0.001,3.0272,3.0271,0.0,1318030.0
Estonia,LOGISTIC,row,0.0025149,4.6166,4.6170,5.0,1318030.0
Estonia,LOGISTIC,row,0.0028201,4.8872,4.8876,5.0,1318030.0
Estonia,LOGISTIC,row,0.0029863,5.0462,5.0466,5.0,1318030.0
Estonia,LOGISTIC,row,0.0031623,5.1307,5.1310,5.0,1318030.0
Estonia,LOGISTIC,row,0.005,5.9557,5.9629,80.0,1318030.0
Estonia,LOGISTIC,row,0.01,7.3410,7.3918,559.0,1318030.0
Estonia,LOGISTIC,row,0.02,8.6590,8.9823,3553.0,1318030.0
Estonia,LOGISTIC,row,0.05,9.5803,15.4478,64446.0,1318030.0
Estonia,LOGISTIC,row,0.1,9.2185,20.3312,122057.0,1318030.0
Estonia,LOGISTIC,row,0.2,5.4653,46.8465,454514.0,1318030.0
Estonia,LOGISTIC,row,0.5,1.1028,93.2654,1012275.0,1318030.0
Estonia,LOGISTIC,row,0.0011892,3.3266,3.3266,0.0,1318030.0
Estonia,LOGISTIC,row,0.0012968,3.4700,3.4700,0.0,1318030.0
Estonia,LOGISTIC,row,0.0013543,3.5420,3.5420,0.0,1318030.0
Estonia,LOGISTIC,row,0.0014142,3.6480,3.6480,0.0,1318030.0
Estonia,LOGISTIC,row,0.0017605,3.9480,3.9480,0.0,1318030.0
Estonia,LOGISTIC,row,0.002,4.1797,4.1797,0.0,1318030.0
Estonia,LOGISTIC,row,0.0022887,4.4877,4.4882,5.0,1318030.0
Estonia,LOGISTIC,row,0.0029753,5.0461,5.0466,5.0,1318030.0
Estonia,LOGISTIC,row,0.0030745,5.0625,5.0630,5.0,1318030.0
Estonia,LOGISTIC,row,0.003177,5.1603,5.1607,5.0,1318030.0
Estonia,LOGISTIC,row,0.0033924,5.3191,5.3195,5.0,1318030.0
Estonia,LOGISTIC,row,0.0038679,5.6068,5.6141,80.0,1318030.0
Estonia,LOGISTIC,S1,,,3.5420,0.0,1318030.0
Estonia,LOGISTIC,S2,,,5.0630,5.0,1318030.0
FR1,LINEAR,row,0.0001,0.0286,0.0286,0.0,12313596.0
FR1,LINEAR,row,0.0002,0.0287,0.0287,0.0,12313596.0
FR1,LINEAR,row,0.0005,0.0287,0.0287,0.0,12313596.0
FR1,LINEAR,row,0.001,0.0287,0.0287,0.0,12313596.0
FR1,LINEAR,row,0.002,0.0317,0.0317,0.0,12313596.0
FR1,LINEAR,row,0.005,0.0538,0.0538,0.0,12313596.0
FR1,LINEAR,row,0.01,0.0950,0.0950,0.0,12313596.0
FR1,LINEAR,row,0.02,0.1662,0.1662,0.0,12313596.0
FR1,LINEAR,row,0.05,0.3659,0.3659,0.0,12313596.0
FR1,LINEAR,row,0.15422,0.9738,0.9738,1.0,12313596.0
FR1,LINEAR,row,0.16105,1.0120,1.0120,1.0,12313596.0
FR1,LINEAR,row,0.16458,1.0359,1.0359,1.0,12313596.0
FR1,LINEAR,row,0.16818,1.0670,1.0670,1.0,12313596.0
FR1,LINEAR,row,0.5,2.6326,2.6450,1273.0,12313596.0
FR1,LINEAR,row,1,3.5223,6.3992,295211.0,12313596.0
FR1,LINEAR,row,2,3.9591,10.6259,684099.0,12313596.0
FR1,LINEAR,row,5,4.2892,11.0736,696173.0,12313596.0
FR1,LINEAR,row,0.1,0.6745,0.6745,0.0,12313596.0
FR1,LINEAR,row,0.10905,0.7306,0.7306,0.0,12313596.0
FR1,LINEAR,row,0.11388,0.7595,0.7595,0.0,12313596.0
FR1,LINEAR,row,0.11637,0.7716,0.7716,0.0,12313596.0
FR1,LINEAR,row,0.11764,0.7821,0.7821,0.0,12313596.0
FR1,LINEAR,row,0.11828,0.7859,0.7859,0.0,12313596.0
FR1,LINEAR,row,0.11892,0.7926,0.7926,0.0,12313596.0
FR1,LINEAR,row,0.14142,0.9172,0.9172,0.0,12313596.0
FR1,LINEAR,row,0.15376,0.9701,0.9701,1.0,12313596.0
FR1,LINEAR,row,0.16419,1.0319,1.0319,1.0,12313596.0
FR1,LINEAR,row,0.16554,1.0386,1.0386,1.0,12313596.0
FR1,LINEAR,row,0.1669,1.0575,1.0575,1.0,12313596.0
FR1,LINEAR,row,0.16966,1.0739,1.0739,1.0,12313596.0
FR1,LINEAR,row,0.17532,1.1131,1.1131,1.0,12313596.0
FR1,LINEAR,row,0.19989,1.2470,1.2470,1.0,12313596.0
FR1,LINEAR,row,0.2,1.2501,1.2501,1.0,12313596.0
FR1,LINEAR,S1,,,0.7859,0.0,12313596.0
FR1,LINEAR,S2,,,1.0319,1.0,12313596.0
FR1,LOGISTIC,row,0.0001,0.1092,0.1092,0.0,12313596.0
FR1,LOGISTIC,row,0.0002,0.1890,0.1890,0.0,12313596.0
FR1,LOGISTIC,row,0.0005,0.4100,0.4100,0.0,12313596.0
FR1,LOGISTIC,row,0.0015422,1.1007,1.1007,1.0,12313596.0
FR1,LOGISTIC,row,0.0016818,1.1868,1.1868,1.0,12313596.0
FR1,LOGISTIC,row,0.005,2.8011,2.8543,5456.0,12313596.0
FR1,LOGISTIC,row,0.01,3.4926,8.8828,553106.0,12313596.0
FR1,LOGISTIC,row,0.02,4.1057,8.5444,455475.0,12313596.0
FR1,LOGISTIC,row,0.05,4.1620,11.7400,777602.0,12313596.0
FR1,LOGISTIC,row,0.1,4.1749,13.4676,953554.0,12313596.0
FR1,LOGISTIC,row,0.2,4.0399,19.7006,1606996.0,12313596.0
FR1,LOGISTIC,row,0.5,1.6619,72.7203,7291535.0,12313596.0
FR1,LOGISTIC,row,0.001,0.7457,0.7457,0.0,12313596.0
FR1,LOGISTIC,row,0.0010443,0.7780,0.7780,0.0,12313596.0
FR1,LOGISTIC,row,0.0010671,0.7955,0.7955,0.0,12313596.0
FR1,LOGISTIC,row,0.0010905,0.8071,0.8071,0.0,12313596.0
FR1,LOGISTIC,row,0.0011892,0.8659,0.8659,0.0,12313596.0
FR1,LOGISTIC,row,0.0013873,0.9855,0.9855,0.0,12313596.0
FR1,LOGISTIC,row,0.0014142,1.0112,1.0112,0.0,12313596.0
FR1,LOGISTIC,row,0.0014813,1.0638,1.0638,1.0,12313596.0
FR1,LOGISTIC,row,0.0015817,1.1297,1.1297,1.0,12313596.0
FR1,LOGISTIC,row,0.0018035,1.2779,1.2779,1.0,12313596.0
FR1,LOGISTIC,row,0.002,1.4078,1.4078,1.0,12313596.0
FR1,LOGISTIC,S1,,,0.7955,0.0,12313596.0
FR1,LOGISTIC,S2,,,1.0638,1.0,12313596.0
FRB,LINEAR,row,0.0001,0.4118,0.4118,0.0,2575076.0
FRB,LINEAR,row,0.0002,0.4118,0.4118,0.0,2575076.0
FRB,LINEAR,row,0.0005,0.4119,0.4119,0.0,2575076.0
FRB,LINEAR,row,0.001,0.4125,0.4125,0.0,2575076.0
FRB,LINEAR,row,0.002,0.4442,0.4442,0.0,2575076.0
FRB,LINEAR,row,0.005,0.6969,0.6969,0.0,2575076.0
FRB,LINEAR,row,0.01,1.0517,1.0517,0.0,2575076.0
FRB,LINEAR,row,0.02,1.6076,1.6076,0.0,2575076.0
FRB,LINEAR,row,0.05,2.6478,2.6478,0.0,2575076.0
FRB,LINEAR,row,0.1,3.7682,3.7682,0.0,2575076.0
FRB,LINEAR,row,0.11892,4.0965,4.0964,0.0,2575076.0
FRB,LINEAR,row,0.12968,4.2550,4.2558,18.0,2575076.0
FRB,LINEAR,row,0.13543,4.3269,4.3277,18.0,2575076.0
FRB,LINEAR,row,0.1369,4.3641,4.3649,18.0,2575076.0
FRB,LINEAR,row,0.13839,4.3855,4.3863,18.0,2575076.0
FRB,LINEAR,row,0.14142,4.4176,4.4184,18.0,2575076.0
FRB,LINEAR,row,0.2,5.1175,5.1202,59.0,2575076.0
FRB,LINEAR,row,0.5,7.1960,7.7038,10896.0,2575076.0
FRB,LINEAR,row,5,8.4230,22.9265,311230.0,2575076.0
FRB,LINEAR,row,0.070711,3.1480,3.1480,0.0,2575076.0
FRB,LINEAR,row,0.08409,3.4596,3.4596,0.0,2575076.0
FRB,LINEAR,row,0.0917,3.6341,3.6341,0.0,2575076.0
FRB,LINEAR,row,0.09576,3.6925,3.6925,0.0,2575076.0
FRB,LINEAR,row,0.097857,3.7412,3.7412,0.0,2575076.0
FRB,LINEAR,row,0.098923,3.7489,3.7488,0.0,2575076.0
FRB,LINEAR,row,0.09946,3.7529,3.7528,0.0,2575076.0
FRB,LINEAR,row,0.13,4.2553,4.2553,0.0,2575076.0
FRB,LINEAR,row,0.13433,4.3119,4.3119,0.0,2575076.0
FRB,LINEAR,row,0.13656,4.3491,4.3491,0.0,2575076.0
FRB,LINEAR,row,0.13768,4.3702,4.3702,0.0,2575076.0
FRB,LINEAR,row,0.13881,4.3859,4.3859,0.0,2575076.0
FRB,LINEAR,row,0.14822,4.4912,4.4912,0.0,2575076.0
FRB,LINEAR,row,0.169,4.7916,4.7916,0.0,2575076.0
FRB,LINEAR,S1,,,3.7528,0.0,2575076.0
FRB,LINEAR,S2,,,4.3491,0.0,2575076.0
FRB,LOGISTIC,row,0.0001,1.1246,1.1246,0.0,2575076.0
FRB,LOGISTIC,row,0.0002,1.6697,1.6697,0.0,2575076.0
FRB,LOGISTIC,row,0.0005,2.6425,2.6425,0.0,2575076.0
FRB,LOGISTIC,row,0.001,3.6628,3.6628,0.0,2575076.0
FRB,LOGISTIC,row,0.0016818,4.5716,4.5716,0.0,2575076.0
FRB,LOGISTIC,row,0.005,6.5565,6.5813,532.0,2575076.0
FRB,LOGISTIC,row,0.1,8.2488,25.2207,364199.0,2575076.0
FRB,LOGISTIC,row,0.2,3.8158,64.4783,1301755.0,2575076.0
FRB,LOGISTIC,row,0.5,0.1382,117.1574,2511112.0,2575076.0
FRB,LOGISTIC,row,0.0010443,3.7317,3.7317,0.0,2575076.0
FRB,LOGISTIC,row,0.0010671,3.7831,3.7831,0.0,2575076.0
FRB,LOGISTIC,row,0.0010729,3.8046,3.8046,0.0,2575076.0
FRB,LOGISTIC,row,0.0010788,3.8179,3.8179,0.0,2575076.0
FRB,LOGISTIC,row,0.0010905,3.8315,3.8315,0.0,2575076.0
FRB,LOGISTIC,row,0.0011892,3.9978,3.9977,0.0,2575076.0
FRB,LOGISTIC,row,0.0013948,4.2421,4.2421,0.0,2575076.0
FRB,LOGISTIC,row,0.0014142,4.2625,4.2625,0.0,2575076.0
FRB,LOGISTIC,row,0.0015903,4.4439,4.4447,18.0,2575076.0
FRB,LOGISTIC,row,0.0016981,4.5855,4.5863,18.0,2575076.0
FRB,LOGISTIC,row,0.0018133,4.7085,4.7085,0.0,2575076.0
FRB,LOGISTIC,row,0.002,4.8509,4.8509,0.0,2575076.0
FRB,LOGISTIC,S1,,,3.8046,0.0,2575076.0
FRB,LOGISTIC,S2,,,4.5863,18.0,2575076.0
FRC,LINEAR,row,0.0001,0.4054,0.9503,0.0,2799051.0
FRC,LINEAR,row,0.0002,0.4054,0.9503,0.0,2799051.0
FRC,LINEAR,row,0.0005,0.4054,0.9504,0.0,2799051.0
FRC,LINEAR,row,0.001,0.4059,0.9514,0.0,2799051.0
FRC,LINEAR,row,0.002,0.4425,1.0137,0.0,2799051.0
FRC,LINEAR,row,0.005,0.7417,1.4052,0.0,2799051.0
FRC,LINEAR,row,0.01,1.1747,1.9003,0.0,2799051.0
FRC,LINEAR,row,0.02,1.8017,2.5128,0.0,2799051.0
FRC,LINEAR,row,0.05,3.0389,3.7105,0.0,2799051.0
FRC,LINEAR,row,0.1,4.2053,4.8422,0.0,2799051.0
FRC,LINEAR,row,0.2,5.6913,6.2671,37.0,2799051.0
FRC,LINEAR,row,0.5,7.7789,8.3491,2343.0,2799051.0
FRC,LINEAR,row,0.070711,3.5675,3.5675,0.0,2799051.0
FRC,LINEAR,row,0.08409,3.8624,3.8624,0.0,2799051.0
FRC,LINEAR,row,0.0917,4.0214,4.0214,0.0,2799051.0
FRC,LINEAR,row,0.09576,4.1115,4.1115,0.0,2799051.0
FRC,LINEAR,row,0.097857,4.1557,4.1557,0.0,2799051.0
FRC,LINEAR,row,0.12721,4.6809,4.6809,0.0,2799051.0
FRC,LINEAR,row,0.13146,4.7732,4.7736,11.0,2799051.0
FRC,LINEAR,row,0.13584,4.8690,4.8693,9.0,2799051.0
FRC,LINEAR,row,0.14505,5.0092,5.0101,20.0,2799051.0
FRC,LINEAR,row,0.16538,5.2750,5.2754,11.0,2799051.0
FRC,LINEAR,S1,,,4.1557,0.0,2799051.0
FRC,LINEAR,S2,,,4.7736,11.0,2799051.0
FRC,LOGISTIC,row,0.0001,1.2576,1.9778,0.0,2799051.0
FRC,LOGISTIC,row,0.0002,1.8543,2.5634,0.0,2799051.0
FRC,LOGISTIC,row,0.0005,2.9876,3.6426,0.0,2799051.0
FRC,LOGISTIC,row,0.001,4.0672,4.7162,0.0,2799051.0
FRC,LOGISTIC,row,0.0016818,5.0577,5.6174,763.0,2799051.0
FRC,LOGISTIC,row,0.005,7.1052,7.5687,748.0,2799051.0
FRC,LOGISTIC,row,0.01,8.0757,11.3141,66586.0,2799051.0
FRC,LOGISTIC,row,0.1,8.3104,29.2127,483949.0,2799051.0
FRC,LOGISTIC,row,0.2,3.9695,68.3788,1502219.0,2799051.0
FRC,LOGISTIC,row,0.5,0.4247,112.6265,2617717.0,2799051.0
FRC,LOGISTIC,row,0.0010443,4.1381,4.1381,0.0,2799051.0
FRC,LOGISTIC,row,0.0010671,4.1714,4.1714,0.0,2799051.0
FRC,LOGISTIC,row,0.0010729,4.1853,4.1853,0.0,2799051.0
FRC,LOGISTIC,row,0.0010788,4.2010,4.2010,0.0,2799051.0
FRC,LOGISTIC,row,0.0010905,4.2162,4.2162,0.0,2799051.0
FRC,LOGISTIC,row,0.0011892,4.3848,4.3848,0.0,2799051.0
FRC,LOGISTIC,row,0.0013948,4.6643,4.6643,0.0,2799051.0
FRC,LOGISTIC,row,0.0014142,4.6999,4.6999,0.0,2799051.0
FRC,LOGISTIC,row,0.0015903,4.9067,4.9067,0.0,2799051.0
FRC,LOGISTIC,row,0.0016434,4.9879,4.9878,0.0,2799051.0
FRC,LOGISTIC,row,0.0016705,5.0283,5.0283,0.0,2799051.0
FRC,LOGISTIC,row,0.0016981,5.0712,5.0716,11.0,2799051.0
FRC,LOGISTIC,row,0.0018133,5.2046,5.2054,20.0,2799051.0
FRC,LOGISTIC,row,0.002,5.3629,5.3638,20.0,2799051.0
FRC,LOGISTIC,S1,,,4.1853,0.0,2799051.0
FRC,LOGISTIC,S2,,,5.0283,0.0,2799051.0
FRD,LINEAR,row,0.0001,0.3557,2.0182,0.0,3294655.0
FRD,LINEAR,row,0.0002,0.3557,2.0182,0.0,3294655.0
FRD,LINEAR,row,0.0005,0.3557,2.0182,0.0,3294655.0
FRD,LINEAR,row,0.001,0.3565,2.0200,0.0,3294655.0
FRD,LINEAR,row,0.002,0.4057,2.1404,0.0,3294655.0
FRD,LINEAR,row,0.005,0.7029,2.7677,0.0,3294655.0
FRD,LINEAR,row,0.01,1.0820,3.4143,0.0,3294655.0
FRD,LINEAR,row,0.02,1.5839,4.1282,0.0,3294655.0
FRD,LINEAR,row,0.05,2.5865,5.2744,0.0,3294655.0
FRD,LINEAR,row,0.1,3.5666,6.6544,0.0,3294655.0
FRD,LINEAR,row,0.5,6.7584,10.3280,5319.0,3294655.0
FRD,LINEAR,row,5,8.5091,34.1096,637702.0,3294655.0
FRD,LINEAR,row,0.10905,3.7078,3.7078,0.0,3294655.0
FRD,LINEAR,row,0.11144,3.7374,3.7374,0.0,3294655.0
FRD,LINEAR,row,0.11388,3.7716,3.7716,0.0,3294655.0
FRD,LINEAR,row,0.11892,3.8280,3.8280,0.0,3294655.0
FRD,LINEAR,row,0.14142,4.1830,4.1831,4.0,3294655.0
FRD,LINEAR,row,0.14487,4.2316,4.2317,4.0,3294655.0
FRD,LINEAR,row,0.1497,4.3023,4.3025,4.0,3294655.0
FRD,LINEAR,row,0.15218,4.3166,4.3167,4.0,3294655.0
FRD,LINEAR,row,0.15469,4.3589,4.3591,4.0,3294655.0
FRD,LINEAR,row,0.16518,4.4759,4.4760,4.0,3294655.0
FRD,LINEAR,row,0.18833,4.8056,4.8058,4.0,3294655.0
FRD,LINEAR,row,0.2,4.9122,4.9124,7.0,3294655.0
FRD,LINEAR,S1,,,3.7374,0.0,3294655.0
FRD,LINEAR,S2,,,4.3167,4.0,3294655.0
FRD,LOGISTIC,row,0.0001,1.1525,3.5074,0.0,3294655.0
FRD,LOGISTIC,row,0.0002,1.6491,4.1543,0.0,3294655.0
FRD,LOGISTIC,row,0.0005,2.6208,5.1785,0.0,3294655.0
FRD,LOGISTIC,row,0.001,3.5206,6.1697,0.0,3294655.0
FRD,LOGISTIC,row,0.0016818,4.3669,7.1138,16.0,3294655.0
FRD,LOGISTIC,row,0.001834,4.5495,7.2242,16.0,3294655.0
FRD,LOGISTIC,row,0.005,6.4127,9.5231,2318.0,3294655.0
FRD,LOGISTIC,row,0.1,8.5587,32.9928,604216.0,3294655.0
FRD,LOGISTIC,row,0.2,5.5343,84.9388,2217655.0,3294655.0
FRD,LOGISTIC,row,0.5,0.1790,119.6353,3284215.0,3294655.0
FRD,LOGISTIC,row,0.0010905,3.6324,3.6324,0.0,3294655.0
FRD,LOGISTIC,row,0.0011388,3.7048,3.7048,0.0,3294655.0
FRD,LOGISTIC,row,0.0011637,3.7583,3.7582,0.0,3294655.0
FRD,LOGISTIC,row,0.00117,3.7836,3.7836,0.0,3294655.0
FRD,LOGISTIC,row,0.0011764,3.7890,3.7890,0.0,3294655.0
FRD,LOGISTIC,row,0.0011892,3.8014,3.8014,0.0,3294655.0
FRD,LOGISTIC,row,0.0014142,4.0715,4.0716,4.0,3294655.0
FRD,LOGISTIC,row,0.0015128,4.1771,4.1772,4.0,3294655.0
FRD,LOGISTIC,row,0.0017249,4.4100,4.4101,4.0,3294655.0
FRD,LOGISTIC,row,0.0017824,4.4818,4.4819,4.0,3294655.0
FRD,LOGISTIC,row,0.0018418,4.5587,4.5588,4.0,3294655.0
FRD,LOGISTIC,row,0.0019667,4.6681,4.6682,4.0,3294655.0
FRD,LOGISTIC,row,0.002,4.6951,4.6952,4.0,3294655.0
FRD,LOGISTIC,S1,,,3.7582,0.0,3294655.0
FRD,LOGISTIC,S2,,,4.4819,4.0,3294655.0
FRE,LINEAR,row,0.0001,0.1009,0.8980,0.0,5984175.0
FRE,LINEAR,row,0.0002,0.1009,0.8982,0.0,5984175.0
FRE,LINEAR,row,0.0005,0.1009,0.8984,0.0,5984175.0
FRE,LINEAR,row,0.001,0.1012,0.9007,0.0,5984175.0
FRE,LINEAR,row,0.002,0.1245,0.9855,0.0,5984175.0
FRE,LINEAR,row,0.005,0.2849,1.3894,0.0,5984175.0
FRE,LINEAR,row,0.01,0.5233,1.8387,0.0,5984175.0
FRE,LINEAR,row,0.02,0.9046,2.3830,0.0,5984175.0
FRE,LINEAR,row,0.05,1.7401,3.4163,0.0,5984175.0
FRE,LINEAR,row,0.10905,2.8029,4.5036,0.0,5984175.0
FRE,LINEAR,row,0.11388,2.8805,4.5938,0.0,5984175.0
FRE,LINEAR,row,0.11637,2.9099,4.5999,0.0,5984175.0
FRE,LINEAR,row,0.11892,2.9555,4.6478,0.0,5984175.0
FRE,LINEAR,row,0.14142,3.2526,4.9595,0.0,5984175.0
FRE,LINEAR,row,0.2,3.8614,5.5623,1346.0,5984175.0
FRE,LINEAR,row,0.5,5.5224,9.3873,119865.0,5984175.0
FRE,LINEAR,row,0.070711,2.1549,2.1549,0.0,5984175.0
FRE,LINEAR,row,0.08409,2.3814,2.3814,0.0,5984175.0
FRE,LINEAR,row,0.087813,2.4578,2.4578,0.0,5984175.0
FRE,LINEAR,row,0.088769,2.4756,2.4756,0.0,5984175.0
FRE,LINEAR,row,0.089251,2.4832,2.4832,0.0,5984175.0
FRE,LINEAR,row,0.089735,2.4953,2.4953,0.0,5984175.0
FRE,LINEAR,row,0.0917,2.5269,2.5269,0.0,5984175.0
FRE,LINEAR,row,0.1,2.6579,2.6579,0.0,5984175.0
FRE,LINEAR,row,0.11603,2.9049,2.9049,0.0,5984175.0
FRE,LINEAR,row,0.11698,2.9189,2.9188,0.0,5984175.0
FRE,LINEAR,row,0.11794,2.9305,2.9305,0.0,5984175.0
FRE,LINEAR,row,0.11989,2.9599,2.9599,0.0,5984175.0
FRE,LINEAR,row,0.12389,3.0096,3.0096,0.0,5984175.0
FRE,LINEAR,row,0.13229,3.1177,3.1177,0.0,5984175.0
FRE,LINEAR,row,0.15083,3.3615,3.3616,0.0,5984175.0
FRE,LINEAR,S1,,,2.4832,0.0,5984175.0
FRE,LINEAR,S2,,,2.9188,0.0,5984175.0
FRE,LOGISTIC,row,0.0001,0.5970,1.9385,0.0,5984175.0
FRE,LOGISTIC,row,0.0002,0.9931,2.4775,0.0,5984175.0
FRE,LOGISTIC,row,0.0005,1.8421,3.4589,0.0,5984175.0
FRE,LOGISTIC,row,0.0011892,2.9915,4.5447,0.0,5984175.0
FRE,LOGISTIC,row,0.0012419,3.0874,4.6974,0.0,5984175.0
FRE,LOGISTIC,row,0.0012968,3.1458,4.7624,0.0,5984175.0
FRE,LOGISTIC,row,0.0014142,3.3080,4.8982,0.0,5984175.0
FRE,LOGISTIC,row,0.002,3.8743,5.4164,6.0,5984175.0
FRE,LOGISTIC,row,0.005,5.2444,9.9393,167615.0,5984175.0
FRE,LOGISTIC,row,0.1,5.9235,32.8635,1323402.0,5984175.0
FRE,LOGISTIC,row,0.2,4.8175,51.4541,2325526.0,5984175.0
FRE,LOGISTIC,row,0.5,0.3563,114.1394,5674666.0,5984175.0
FRE,LOGISTIC,row,0.00070711,2.2361,2.2361,0.0,5984175.0
FRE,LOGISTIC,row,0.0008409,2.4610,2.4610,0.0,5984175.0
FRE,LOGISTIC,row,0.00085931,2.4877,2.4877,0.0,5984175.0
FRE,LOGISTIC,row,0.00086398,2.5082,2.5082,0.0,5984175.0
FRE,LOGISTIC,row,0.00086867,2.5126,2.5126,0.0,5984175.0
FRE,LOGISTIC,row,0.00087813,2.5226,2.5226,0.0,5984175.0
FRE,LOGISTIC,row,0.000917,2.5804,2.5804,0.0,5984175.0
FRE,LOGISTIC,row,0.001,2.7110,2.7110,0.0,5984175.0
FRE,LOGISTIC,row,0.0011171,2.8705,2.8705,0.0,5984175.0
FRE,LOGISTIC,row,0.0011928,3.0033,3.0033,0.0,5984175.0
FRE,LOGISTIC,row,0.0012326,3.0660,3.0660,0.0,5984175.0
FRE,LOGISTIC,row,0.0012737,3.1170,3.1170,0.0,5984175.0
FRE,LOGISTIC,row,0.0014522,3.3415,3.3415,0.0,5984175.0
FRE,LOGISTIC,S1,,,2.4877,0.0,5984175.0
FRE,LOGISTIC,S2,,,3.0660,0.0,5984175.0
FRF,LINEAR,row,0.0001,0.1397,1.4407,0.0,5559748.0
FRF,LINEAR,row,0.0002,0.1397,1.4408,0.0,5559748.0
FRF,LINEAR,row,0.0005,0.1397,1.4419,0.0,5559748.0
FRF,LINEAR,row,0.001,0.1399,1.4422,0.0,5559748.0
FRF,LINEAR,row,0.002,0.1604,1.5131,0.0,5559748.0
FRF,LINEAR,row,0.005,0.3276,1.9280,0.0,5559748.0
FRF,LINEAR,row,0.01,0.6184,2.4533,0.0,5559748.0
FRF,LINEAR,row,0.02,1.1117,3.1396,0.0,5559748.0
FRF,LINEAR,row,0.05,2.1338,4.4532,0.0,5559748.0
FRF,LINEAR,row,0.1,3.1680,5.5925,0.0,5559748.0
FRF,LINEAR,row,0.5,6.4246,9.7924,50028.0,5559748.0
FRF,LINEAR,row,0.10443,3.2426,3.2426,0.0,5559748.0
FRF,LINEAR,row,0.10671,3.2805,3.2805,0.0,5559748.0
FRF,LINEAR,row,0.10729,3.2901,3.2901,0.0,5559748.0
FRF,LINEAR,row,0.10788,3.2959,3.2959,0.0,5559748.0
FRF,LINEAR,row,0.10905,3.3115,3.3115,0.0,5559748.0
FRF,LINEAR,row,0.11892,3.4493,3.4493,0.0,5559748.0
FRF,LINEAR,row,0.13948,3.7459,3.7459,0.0,5559748.0
FRF,LINEAR,row,0.14142,3.7789,3.7789,0.0,5559748.0
FRF,LINEAR,row,0.14413,3.8174,3.8174,0.0,5559748.0
FRF,LINEAR,row,0.14651,3.8383,3.8383,0.0,5559748.0
FRF,LINEAR,row,0.14772,3.8437,3.8437,0.0,5559748.0
FRF,LINEAR,row,0.14894,3.8756,3.8756,0.0,5559748.0
FRF,LINEAR,row,0.15903,3.9945,3.9945,0.0,5559748.0
FRF,LINEAR,row,0.18133,4.3028,4.3028,0.0,5559748.0
FRF,LINEAR,row,0.2,4.5038,4.5038,0.0,5559748.0
FRF,LINEAR,S1,,,3.2901,0.0,5559748.0
FRF,LINEAR,S2,,,3.8437,0.0,5559748.0
FRF,LOGISTIC,row,0.0001,0.6926,2.5562,0.0,5559748.0
FRF,LOGISTIC,row,0.0002,1.1925,3.2440,0.0,5559748.0
FRF,LOGISTIC,row,0.0005,2.1697,4.3788,0.0,5559748.0
FRF,LOGISTIC,row,0.001,3.1645,5.4452,0.0,5559748.0
FRF,LOGISTIC,row,0.0016818,4.0426,6.3489,0.0,5559748.0
FRF,LOGISTIC,row,0.005,6.0150,8.4913,12656.0,5559748.0
FRF,LOGISTIC,row,0.01,6.6663,14.4443,270461.0,5559748.0
FRF,LOGISTIC,row,0.1,7.9635,25.9340,782305.0,5559748.0
FRF,LOGISTIC,row,0.2,5.6725,50.7554,2060377.0,5559748.0
FRF,LOGISTIC,row,0.5,0.4800,113.1254,5223855.0,5559748.0
FRF,LOGISTIC,row,0.0010905,3.2708,3.2708,0.0,5559748.0
FRF,LOGISTIC,row,0.0011144,3.3069,3.3069,0.0,5559748.0
FRF,LOGISTIC,row,0.0011204,3.3110,3.3110,0.0,5559748.0
FRF,LOGISTIC,row,0.0011265,3.3254,3.3254,0.0,5559748.0
FRF,LOGISTIC,row,0.0011388,3.3390,3.3390,0.0,5559748.0
FRF,LOGISTIC,row,0.0011892,3.4307,3.4307,0.0,5559748.0
FRF,LOGISTIC,row,0.0014142,3.7071,3.7071,0.0,5559748.0
FRF,LOGISTIC,row,0.0014566,3.7572,3.7572,0.0,5559748.0
FRF,LOGISTIC,row,0.0016607,4.0078,4.0078,0.0,5559748.0
FRF,LOGISTIC,row,0.0017161,4.0787,4.0787,0.0,5559748.0
FRF,LOGISTIC,row,0.0017733,4.1260,4.1260,0.0,5559748.0
FRF,LOGISTIC,row,0.0018935,4.2268,4.2268,0.0,5559748.0
FRF,LOGISTIC,row,0.002,4.3279,4.3279,0.0,5559748.0
FRF,LOGISTIC,S1,,,3.3110,0.0,5559748.0
FRF,LOGISTIC,S2,,,4.0787,0.0,5559748.0
FRG,LINEAR,row,0.0001,0.3612,1.3275,0.0,3835116.0
FRG,LINEAR,row,0.0002,0.3612,1.3275,0.0,3835116.0
FRG,LINEAR,row,0.0005,0.3612,1.3275,0.0,3835116.0
FRG,LINEAR,row,0.001,0.3616,1.3282,0.0,3835116.0
FRG,LINEAR,row,0.002,0.3885,1.3848,0.0,3835116.0
FRG,LINEAR,row,0.005,0.6005,1.8016,0.0,3835116.0
FRG,LINEAR,row,0.01,0.9132,2.2927,0.0,3835116.0
FRG,LINEAR,row,0.02,1.3745,2.9075,0.0,3835116.0
FRG,LINEAR,row,0.05,2.3595,4.0143,0.0,3835116.0
FRG,LINEAR,row,0.1,3.3099,4.8689,0.0,3835116.0
FRG,LINEAR,row,0.5,6.8080,8.0072,6286.0,3835116.0
FRG,LINEAR,row,0.10443,3.3785,3.3785,0.0,3835116.0
FRG,LINEAR,row,0.10671,3.4172,3.4172,0.0,3835116.0
FRG,LINEAR,row,0.10905,3.4481,3.4481,0.0,3835116.0
FRG,LINEAR,row,0.11892,3.6057,3.6057,0.0,3835116.0
FRG,LINEAR,row,0.13873,3.9282,3.9282,0.0,3835116.0
FRG,LINEAR,row,0.14102,3.9644,3.9644,0.0,3835116.0
FRG,LINEAR,row,0.14142,3.9681,3.9680,0.0,3835116.0
FRG,LINEAR,row,0.14218,3.9792,3.9792,0.0,3835116.0
FRG,LINEAR,row,0.14335,3.9939,3.9938,0.0,3835116.0
FRG,LINEAR,row,0.14813,4.0735,4.0734,0.0,3835116.0
FRG,LINEAR,row,0.15817,4.1973,4.1972,0.0,3835116.0
FRG,LINEAR,row,0.18035,4.4356,4.4356,0.0,3835116.0
FRG,LINEAR,row,0.2,4.6773,4.6772,0.0,3835116.0
FRG,LINEAR,S1,,,3.4172,0.0,3835116.0
FRG,LINEAR,S2,,,3.9792,0.0,3835116.0
FRG,LOGISTIC,row,0.0001,0.9873,2.3939,0.0,3835116.0
FRG,LOGISTIC,row,0.0002,1.4628,2.9781,0.0,3835116.0
FRG,LOGISTIC,row,0.0005,2.3812,3.9836,0.0,3835116.0
FRG,LOGISTIC,row,0.001,3.3047,4.7997,0.0,3835116.0
FRG,LOGISTIC,row,0.0016818,4.2138,5.6288,0.0,3835116.0
FRG,LOGISTIC,row,0.0017563,4.2984,5.7031,0.0,3835116.0
FRG,LOGISTIC,row,0.001834,4.3909,5.7787,0.0,3835116.0
FRG,LOGISTIC,row,0.005,6.4029,7.5937,7108.0,3835116.0
FRG,LOGISTIC,row,0.2,5.2086,54.0402,1564791.0,3835116.0
FRG,LOGISTIC,row,0.5,0.4921,109.4598,3483717.0,3835116.0
FRG,LOGISTIC,row,0.0010905,3.4210,3.4210,0.0,3835116.0
FRG,LOGISTIC,row,0.0011024,3.4348,3.4348,0.0,3835116.0
FRG,LOGISTIC,row,0.0011144,3.4548,3.4548,0.0,3835116.0
FRG,LOGISTIC,row,0.0011388,3.4796,3.4796,0.0,3835116.0
FRG,LOGISTIC,row,0.0011892,3.5614,3.5614,0.0,3835116.0
FRG,LOGISTIC,row,0.0014142,3.8771,3.8771,0.0,3835116.0
FRG,LOGISTIC,row,0.0014331,3.8983,3.8983,0.0,3835116.0
FRG,LOGISTIC,row,0.0015302,4.0316,4.0316,0.0,3835116.0
FRG,LOGISTIC,row,0.0015813,4.0916,4.0916,0.0,3835116.0
FRG,LOGISTIC,row,0.0016074,4.1213,4.1213,0.0,3835116.0
FRG,LOGISTIC,row,0.001634,4.1567,4.1567,0.0,3835116.0
FRG,LOGISTIC,row,0.001863,4.4173,4.4173,0.0,3835116.0
FRG,LOGISTIC,row,0.002,4.5332,4.5332,0.0,3835116.0
FRG,LOGISTIC,S1,,,3.4348,0.0,3835116.0
FRG,LOGISTIC,S2,,,4.1213,0.0,3835116.0
FRH,LINEAR,row,0.0001,0.4408,2.7331,0.0,3338201.0
FRH,LINEAR,row,0.0002,0.4408,2.7331,0.0,3338201.0
FRH,LINEAR,row,0.0005,0.4408,2.7331,0.0,3338201.0
FRH,LINEAR,row,0.001,0.4414,2.7374,0.0,3338201.0
FRH,LINEAR,row,0.002,0.4835,2.8530,0.0,3338201.0
FRH,LINEAR,row,0.005,0.7581,3.4416,0.0,3338201.0
FRH,LINEAR,row,0.01,1.1112,4.1059,0.0,3338201.0
FRH,LINEAR,row,0.02,1.6327,4.8694,0.0,3338201.0
FRH,LINEAR,row,0.05,2.6417,5.9029,0.0,3338201.0
FRH,LINEAR,row,0.1,3.7107,7.0148,0.0,3338201.0
FRH,LINEAR,row,0.2,5.0601,8.4045,167.0,3338201.0
FRH,LINEAR,row,0.5,7.1112,10.6558,2477.0,3338201.0
FRH,LINEAR,row,0.070711,3.1209,3.1209,0.0,3338201.0
FRH,LINEAR,row,0.08409,3.3845,3.3845,0.0,3338201.0
FRH,LINEAR,row,0.0917,3.5210,3.5210,0.0,3338201.0
FRH,LINEAR,row,0.09576,3.5742,3.5742,0.0,3338201.0
FRH,LINEAR,row,0.097857,3.6176,3.6176,0.0,3338201.0
FRH,LINEAR,row,0.098389,3.6206,3.6206,0.0,3338201.0
FRH,LINEAR,row,0.098923,3.6383,3.6383,0.0,3338201.0
FRH,LINEAR,row,0.1286,4.0825,4.0825,0.0,3338201.0
FRH,LINEAR,row,0.13732,4.2055,4.2055,0.0,3338201.0
FRH,LINEAR,row,0.1419,4.2678,4.2720,116.0,3338201.0
FRH,LINEAR,row,0.14424,4.3021,4.3063,116.0,3338201.0
FRH,LINEAR,row,0.14663,4.3370,4.3412,116.0,3338201.0
FRH,LINEAR,row,0.16718,4.6543,4.6587,122.0,3338201.0
FRH,LINEAR,S1,,,3.6206,0.0,3338201.0
FRH,LINEAR,S2,,,4.3063,116.0,3338201.0
FRH,LOGISTIC,row,0.0001,1.1872,4.1321,0.0,3338201.0
FRH,LOGISTIC,row,0.0002,1.7080,4.8659,0.0,3338201.0
FRH,LOGISTIC,row,0.0005,2.6738,5.8211,0.0,3338201.0
FRH,LOGISTIC,row,0.001,3.6617,6.8068,0.0,3338201.0
FRH,LOGISTIC,row,0.0016818,4.5338,7.4811,0.0,3338201.0
FRH,LOGISTIC,row,0.005,6.6410,9.4346,561.0,3338201.0
FRH,LOGISTIC,row,0.1,8.8458,29.3316,481560.0,3338201.0
FRH,LOGISTIC,row,0.2,6.0036,72.9164,1857505.0,3338201.0
FRH,LOGISTIC,row,0.5,0.3030,119.7493,3330845.0,3338201.0
FRH,LOGISTIC,row,0.0010219,3.6574,3.6574,0.0,3338201.0
FRH,LOGISTIC,row,0.0010443,3.6988,3.6988,0.0,3338201.0
FRH,LOGISTIC,row,0.0010905,3.7645,3.7687,116.0,3338201.0
FRH,LOGISTIC,row,0.0011892,3.8572,3.8614,116.0,3338201.0
FRH,LOGISTIC,row,0.0013285,4.0408,4.0450,116.0,3338201.0
FRH,LOGISTIC,row,0.0014142,4.1213,4.1255,116.0,3338201.0
FRH,LOGISTIC,row,0.0015147,4.2570,4.2612,116.0,3338201.0
FRH,LOGISTIC,row,0.0016174,4.4027,4.4127,280.0,3338201.0
FRH,LOGISTIC,row,0.001727,4.5163,4.5263,280.0,3338201.0
FRH,LOGISTIC,row,0.002,4.8608,4.8709,280.0,3338201.0
FRH,LOGISTIC,S1,,,3.6574,0.0,3338201.0
FRH,LOGISTIC,S2,,,4.4127,280.0,3338201.0
FRI,LINEAR,row,0.0001,0.5349,0.5349,0.0,6048670.0
FRI,LINEAR,row,0.0002,0.5349,0.5349,0.0,6048670.0
FRI,LINEAR,row,0.0005,0.5349,0.5349,0.0,6048670.0
FRI,LINEAR,row,0.001,0.5355,0.5355,0.0,6048670.0
FRI,LINEAR,row,0.002,0.5769,0.5769,0.0,6048670.0
FRI,LINEAR,row,0.005,0.8690,0.8690,0.0,6048670.0
FRI,LINEAR,row,0.01,1.2614,1.2614,0.0,6048670.0
FRI,LINEAR,row,0.02,1.8043,1.8043,0.0,6048670.0
FRI,LINEAR,row,0.05,2.8865,2.8865,0.0,6048670.0
FRI,LINEAR,row,0.070711,3.4310,3.4310,0.0,6048670.0
FRI,LINEAR,row,0.08409,3.7209,3.7209,0.0,6048670.0
FRI,LINEAR,row,0.087813,3.7956,3.7956,0.0,6048670.0
FRI,LINEAR,row,0.088289,3.8100,3.8100,0.0,6048670.0
FRI,LINEAR,row,0.088769,3.8201,3.8201,0.0,6048670.0
FRI,LINEAR,row,0.089735,3.8345,3.8345,0.0,6048670.0
FRI,LINEAR,row,0.0917,3.8722,3.8722,0.0,6048670.0
FRI,LINEAR,row,0.1,4.0106,4.0106,0.0,6048670.0
FRI,LINEAR,row,0.11892,4.3723,4.3723,0.0,6048670.0
FRI,LINEAR,row,0.12419,4.4438,4.4438,0.0,6048670.0
FRI,LINEAR,row,0.12968,4.5280,4.5280,0.0,6048670.0
FRI,LINEAR,row,0.14142,4.6870,4.6870,0.0,6048670.0
FRI,LINEAR,row,0.2,5.4006,5.4018,61.0,6048670.0
FRI,LINEAR,row,0.11478,4.2776,4.2777,0.0,6048670.0
FRI,LINEAR,row,0.12256,4.4158,4.4158,0.0,6048670.0
FRI,LINEAR,row,0.12357,4.4319,4.4319,0.0,6048670.0
FRI,LINEAR,row,0.12458,4.4482,4.4482,0.0,6048670.0
FRI,LINEAR,row,0.12664,4.4881,4.4881,0.0,6048670.0
FRI,LINEAR,row,0.13087,4.5410,4.5410,0.0,6048670.0
FRI,LINEAR,row,0.14921,4.7883,4.7883,0.0,6048670.0
FRI,LINEAR,S1,,,3.8100,0.0,6048670.0
FRI,LINEAR,S2,,,4.4438,0.0,6048670.0
FRI,LOGISTIC,row,0.0001,1.3371,1.3371,0.0,6048670.0
FRI,LOGISTIC,row,0.0002,1.8691,1.8691,0.0,6048670.0
FRI,LOGISTIC,row,0.0005,2.8720,2.8720,0.0,6048670.0
FRI,LOGISTIC,row,0.00070711,3.4069,3.4070,0.0,6048670.0
FRI,LOGISTIC,row,0.0008409,3.6483,3.6483,0.0,6048670.0
FRI,LOGISTIC,row,0.000917,3.7974,3.7974,0.0,6048670.0
FRI,LOGISTIC,row,0.00093708,3.8427,3.8428,0.0,6048670.0
FRI,LOGISTIC,row,0.0009576,3.8788,3.8788,0.0,6048670.0
FRI,LOGISTIC,row,0.0014142,4.5237,4.5237,0.0,6048670.0
FRI,LOGISTIC,row,0.0014768,4.6077,4.6077,0.0,6048670.0
FRI,LOGISTIC,row,0.0015422,4.6902,4.6902,0.0,6048670.0
FRI,LOGISTIC,row,0.0016818,4.8356,4.8360,23.0,6048670.0
FRI,LOGISTIC,row,0.0012182,4.2628,4.2628,0.0,6048670.0
FRI,LOGISTIC,row,0.001389,4.4823,4.4822,0.0,6048670.0
FRI,LOGISTIC,row,0.0014831,4.6211,4.6211,0.0,6048670.0
FRI,LOGISTIC,row,0.0015837,4.7335,4.7335,0.0,6048670.0
FRI,LOGISTIC,row,0.001,3.9367,3.9367,0.0,6048670.0
FRI,LOGISTIC,row,0.002,5.1343,5.1343,222.0,6048670.0
FRI,LOGISTIC,row,0.005,8.2114,8.2114,75703.0,6048670.0
FRI,LOGISTIC,S1,,,3.8428,0.0,6048670.0
FRI,LOGISTIC,S2,,,4.6077,0.0,6048670.0
FRJ,LINEAR,row,0.0001,0.4372,0.6627,0.0,6010119.0
FRJ,LINEAR,row,0.0002,0.4372,0.6627,0.0,6010119.0
FRJ,LINEAR,row,0.0005,0.4372,0.6627,0.0,6010119.0
FRJ,LINEAR,row,0.001,0.4374,0.6629,0.0,6010119.0
FRJ,LINEAR,row,0.002,0.4578,0.6912,0.0,6010119.0
FRJ,LINEAR,row,0.005,0.6323,0.9003,0.0,6010119.0
FRJ,LINEAR,row,0.01,0.9045,1.2062,0.0,6010119.0
FRJ,LINEAR,row,0.02,1.3474,1.6620,0.0,6010119.0
FRJ,LINEAR,row,0.05,2.2849,2.6142,0.0,6010119.0
FRJ,LINEAR,row,0.1,3.3791,3.6889,0.0,6010119.0
FRJ,LINEAR,row,0.2,4.6914,4.9697,216.0,6010119.0
FRJ,LINEAR,row,0.5,6.7146,7.4357,25255.0,6010119.0
FRJ,LINEAR,row,0.070711,2.7900,2.7900,0.0,6010119.0
FRJ,LINEAR,row,0.08409,3.0507,3.0507,0.0,6010119.0
FRJ,LINEAR,row,0.0917,3.2026,3.2026,0.0,6010119.0
FRJ,LINEAR,row,0.09576,3.3009,3.3009,0.0,6010119.0
FRJ,LINEAR,row,0.09628,3.3119,3.3119,0.0,6010119.0
FRJ,LINEAR,row,0.096803,3.3231,3.3231,0.0,6010119.0
FRJ,LINEAR,row,0.097857,3.3425,3.3425,0.0,6010119.0
FRJ,LINEAR,row,0.12516,3.7861,3.7861,0.0,6010119.0
FRJ,LINEAR,row,0.13365,3.8874,3.8874,0.0,6010119.0
FRJ,LINEAR,row,0.13586,3.9076,3.9076,0.0,6010119.0
FRJ,LINEAR,row,0.13811,3.9236,3.9236,0.0,6010119.0
FRJ,LINEAR,row,0.14271,4.0150,4.0150,0.0,6010119.0
FRJ,LINEAR,row,0.16271,4.2566,4.2566,0.0,6010119.0
FRJ,LINEAR,S1,,,3.3119,0.0,6010119.0
FRJ,LINEAR,S2,,,3.9076,0.0,6010119.0
FRJ,LOGISTIC,row,0.0001,0.9575,1.2624,0.0,6010119.0
FRJ,LOGISTIC,row,0.0002,1.3994,1.7090,0.0,6010119.0
FRJ,LOGISTIC,row,0.0005,2.3087,2.6298,0.0,6010119.0
FRJ,LOGISTIC,row,0.001,3.3390,3.6412,0.0,6010119.0
FRJ,LOGISTIC,row,0.0015422,4.0275,4.3133,0.0,6010119.0
FRJ,LOGISTIC,row,0.0016105,4.1008,4.3863,0.0,6010119.0
FRJ,LOGISTIC,row,0.0016818,4.1792,4.4581,0.0,6010119.0
FRJ,LOGISTIC,row,0.005,6.2934,6.6868,8222.0,6010119.0
FRJ,LOGISTIC,row,0.1,7.4770,25.8079,914946.0,6010119.0
FRJ,LOGISTIC,row,0.2,4.9459,50.6367,2288229.0,6010119.0
FRJ,LOGISTIC,row,0.5,0.3353,112.3931,5613939.0,6010119.0
FRJ,LOGISTIC,row,0.0010109,3.3483,3.3483,0.0,6010119.0
FRJ,LOGISTIC,row,0.0010219,3.3644,3.3644,0.0,6010119.0
FRJ,LOGISTIC,row,0.0010443,3.3970,3.3969,0.0,6010119.0
FRJ,LOGISTIC,row,0.0010905,3.4793,3.4793,0.0,6010119.0
FRJ,LOGISTIC,row,0.0011892,3.5959,3.5959,0.0,6010119.0
FRJ,LOGISTIC,row,0.0013142,3.7505,3.7505,0.0,6010119.0
FRJ,LOGISTIC,row,0.0014142,3.8930,3.8930,0.0,6010119.0
FRJ,LOGISTIC,row,0.0014984,3.9872,3.9872,0.0,6010119.0
FRJ,LOGISTIC,row,0.0015999,4.0919,4.0919,0.0,6010119.0
FRJ,LOGISTIC,row,0.0017084,4.2101,4.2101,0.0,6010119.0
FRJ,LOGISTIC,row,0.002,4.4785,4.4790,27.0,6010119.0
FRJ,LOGISTIC,S1,,,3.3483,0.0,6010119.0
FRJ,LOGISTIC,S2,,,4.0919,0.0,6010119.0
FRK,LINEAR,row,0.0001,0.2969,0.7706,0.0,8113017.0
FRK,LINEAR,row,0.0002,0.2969,0.7706,0.0,8113017.0
FRK,LINEAR,row,0.0005,0.2969,0.7714,0.0,8113017.0
FRK,LINEAR,row,0.001,0.2973,0.7721,0.0,8113017.0
FRK,LINEAR,row,0.002,0.3208,0.8246,0.0,8113017.0
FRK,LINEAR,row,0.005,0.5118,1.1670,0.0,8113017.0
FRK,LINEAR,row,0.01,0.7949,1.5673,0.0,8113017.0
FRK,LINEAR,row,0.02,1.2244,2.0751,0.0,8113017.0
FRK,LINEAR,row,0.05,2.1038,3.0158,0.0,8113017.0
FRK,LINEAR,row,0.1,3.0668,3.9532,0.0,8113017.0
FRK,LINEAR,row,0.5,6.1320,8.0640,89332.0,8113017.0
FRK,LINEAR,row,0.10109,3.0853,3.0853,0.0,8113017.0
FRK,LINEAR,row,0.10164,3.0943,3.0943,0.0,8113017.0
FRK,LINEAR,row,0.10219,3.1005,3.1005,0.0,8113017.0
FRK,LINEAR,row,0.10443,3.1362,3.1362,0.0,8113017.0
FRK,LINEAR,row,0.10905,3.2070,3.2070,0.0,8113017.0
FRK,LINEAR,row,0.11892,3.3658,3.3658,0.0,8113017.0
FRK,LINEAR,row,0.13213,3.5216,3.5216,0.0,8113017.0
FRK,LINEAR,row,0.13653,3.5713,3.5713,0.0,8113017.0
FRK,LINEAR,row,0.13879,3.6003,3.6003,0.0,8113017.0
FRK,LINEAR,row,0.13993,3.6174,3.6174,0.0,8113017.0
FRK,LINEAR,row,0.14109,3.6313,3.6313,0.0,8113017.0
FRK,LINEAR,row,0.14142,3.6313,3.6313,0.0,8113017.0
FRK,LINEAR,row,0.15065,3.7397,3.7397,0.0,8113017.0
FRK,LINEAR,row,0.17177,3.9888,3.9888,0.0,8113017.0
FRK,LINEAR,row,0.2,4.2797,4.2797,0.0,8113017.0
FRK,LINEAR,S1,,,3.0943,0.0,8113017.0
FRK,LINEAR,S2,,,3.6174,0.0,8113017.0
FRK,LOGISTIC,row,0.0001,0.8544,1.6408,0.0,8113017.0
FRK,LOGISTIC,row,0.0002,1.2900,2.1528,0.0,8113017.0
FRK,LOGISTIC,row,0.0005,2.1300,3.0418,0.0,8113017.0
FRK,LOGISTIC,row,0.001,3.0285,3.9086,0.0,8113017.0
FRK,LOGISTIC,row,0.0016818,3.8190,4.6313,0.0,8113017.0
FRK,LOGISTIC,row,0.005,5.7443,6.9740,41656.0,8113017.0
FRK,LOGISTIC,row,0.1,7.1301,24.5918,1164247.0,8113017.0
FRK,LOGISTIC,row,0.2,5.4216,42.6763,2511143.0,8113017.0
FRK,LOGISTIC,row,0.5,0.8361,102.5982,6879975.0,8113017.0
FRK,LOGISTIC,row,0.0010443,3.0794,3.0794,0.0,8113017.0
FRK,LOGISTIC,row,0.0010671,3.1141,3.1140,0.0,8113017.0
FRK,LOGISTIC,row,0.0010729,3.1253,3.1253,0.0,8113017.0
FRK,LOGISTIC,row,0.0010788,3.1305,3.1305,0.0,8113017.0
FRK,LOGISTIC,row,0.0010905,3.1496,3.1496,0.0,8113017.0
FRK,LOGISTIC,row,0.0011892,3.2814,3.2814,0.0,8113017.0
FRK,LOGISTIC,row,0.0013948,3.5162,3.5162,0.0,8113017.0
FRK,LOGISTIC,row,0.0014142,3.5419,3.5419,0.0,8113017.0
FRK,LOGISTIC,row,0.0015903,3.7408,3.7408,0.0,8113017.0
FRK,LOGISTIC,row,0.0016981,3.8251,3.8251,0.0,8113017.0
FRK,LOGISTIC,row,0.0018133,3.9364,3.9364,0.0,8113017.0
FRK,LOGISTIC,row,0.002,4.1145,4.1145,0.0,8113017.0
FRK,LOGISTIC,S1,,,3.1253,0.0,8113017.0
FRK,LOGISTIC,S2,,,3.8251,0.0,8113017.0
FRL,LINEAR,row,0.0001,0.1405,0.9852,0.0,5037042.0
FRL,LINEAR,row,0.0002,0.1405,0.9852,0.0,5037042.0
FRL,LINEAR,row,0.0005,0.1405,0.9852,0.0,5037042.0
FRL,LINEAR,row,0.001,0.1406,0.9855,0.0,5037042.0
FRL,LINEAR,row,0.002,0.1502,1.0142,0.0,5037042.0
FRL,LINEAR,row,0.005,0.2406,1.2572,0.0,5037042.0
FRL,LINEAR,row,0.01,0.4014,1.6885,0.0,5037042.0
FRL,LINEAR,row,0.02,0.6850,2.4066,0.0,5037042.0
FRL,LINEAR,row,0.05,1.3450,3.4280,0.0,5037042.0
FRL,LINEAR,row,0.14142,2.6019,4.9247,0.0,5037042.0
FRL,LINEAR,row,0.2,3.1619,5.9419,0.0,5037042.0
FRL,LINEAR,row,0.5,5.0059,7.4429,5787.0,5037042.0
FRL,LINEAR,row,1,6.1357,11.2671,136042.0,5037042.0
FRL,LINEAR,row,2,6.4175,13.7691,233871.0,5037042.0
FRL,LINEAR,row,5,6.9237,17.9870,386088.0,5037042.0
FRL,LINEAR,row,0.070711,1.6926,1.6926,0.0,5037042.0
FRL,LINEAR,row,0.08409,1.8702,1.8702,0.0,5037042.0
FRL,LINEAR,row,0.0917,1.9675,1.9675,0.0,5037042.0
FRL,LINEAR,row,0.09576,2.0159,2.0159,0.0,5037042.0
FRL,LINEAR,row,0.097857,2.0467,2.0467,0.0,5037042.0
FRL,LINEAR,row,0.1,2.0782,2.0801,83.0,5037042.0
FRL,LINEAR,row,0.12721,2.4307,2.4327,83.0,5037042.0
FRL,LINEAR,row,0.13584,2.5511,2.5531,83.0,5037042.0
FRL,LINEAR,row,0.14037,2.5814,2.5834,83.0,5037042.0
FRL,LINEAR,row,0.14152,2.6038,2.6057,83.0,5037042.0
FRL,LINEAR,row,0.14269,2.6150,2.6169,83.0,5037042.0
FRL,LINEAR,row,0.14505,2.6550,2.6569,83.0,5037042.0
FRL,LINEAR,row,0.16538,2.8301,2.8321,83.0,5037042.0
FRL,LINEAR,S1,,,2.0467,0.0,5037042.0
FRL,LINEAR,S2,,,2.6057,83.0,5037042.0
FRL,LOGISTIC,row,0.0001,0.4343,1.7939,0.0,5037042.0
FRL,LOGISTIC,row,0.0002,0.7334,2.4718,0.0,5037042.0
FRL,LOGISTIC,row,0.0005,1.3927,3.4393,0.0,5037042.0
FRL,LOGISTIC,row,0.0014142,2.6195,4.7623,0.0,5037042.0
FRL,LOGISTIC,row,0.0015422,2.7304,4.9907,0.0,5037042.0
FRL,LOGISTIC,row,0.0016818,2.8782,5.1193,0.0,5037042.0
FRL,LOGISTIC,row,0.002,3.1464,5.3454,0.0,5037042.0
FRL,LOGISTIC,row,0.005,4.8212,7.2826,12770.0,5037042.0
FRL,LOGISTIC,row,0.01,5.9281,9.1382,57470.0,5037042.0
FRL,LOGISTIC,row,0.02,6.3174,12.9763,203587.0,5037042.0
FRL,LOGISTIC,row,0.05,6.7350,17.6885,385307.0,5037042.0
FRL,LOGISTIC,row,0.1,6.4938,30.2778,963355.0,5037042.0
FRL,LOGISTIC,row,0.2,5.2677,47.0645,1737232.0,5037042.0
FRL,LOGISTIC,row,0.5,0.8310,108.2823,4521525.0,5037042.0
FRL,LOGISTIC,row,0.00070711,1.7226,1.7226,0.0,5037042.0
FRL,LOGISTIC,row,0.0008409,1.9018,1.9038,83.0,5037042.0
FRL,LOGISTIC,row,0.000917,2.0011,2.0031,83.0,5037042.0
FRL,LOGISTIC,row,0.0009576,2.0447,2.0467,83.0,5037042.0
FRL,LOGISTIC,row,0.00096803,2.0567,2.0587,83.0,5037042.0
FRL,LOGISTIC,row,0.00097329,2.0652,2.0672,83.0,5037042.0
FRL,LOGISTIC,row,0.00097857,2.0675,2.0694,83.0,5037042.0
FRL,LOGISTIC,row,0.001,2.0949,2.0969,83.0,5037042.0
FRL,LOGISTIC,row,0.0012584,2.4440,2.4460,83.0,5037042.0
FRL,LOGISTIC,row,0.0014348,2.6218,2.6238,83.0,5037042.0
FRL,LOGISTIC,row,0.0015321,2.7205,2.7225,83.0,5037042.0
FRL,LOGISTIC,row,0.0015832,2.7775,2.7795,83.0,5037042.0
FRL,LOGISTIC,row,0.001636,2.8428,2.8448,83.0,5037042.0
FRL,LOGISTIC,S1,,,2.0587,83.0,5037042.0
FRL,LOGISTIC,S2,,,2.7795,83.0,5037042.0
FRM,LINEAR,row,0.0001,0.4794,2.9912,0.0,331717.0
FRM,LINEAR,row,0.0002,0.4795,2.9913,0.0,331717.0
FRM,LINEAR,row,0.0005,0.4795,2.9913,0.0,331717.0
FRM,LINEAR,row,0.001,0.4800,2.9933,0.0,331717.0
FRM,LINEAR,row,0.002,0.5089,3.0856,0.0,331717.0
FRM,LINEAR,row,0.005,0.7414,3.4996,0.0,331717.0
FRM,LINEAR,row,0.01,1.1367,4.1025,0.0,331717.0
FRM,LINEAR,row,0.02,1.8057,6.0721,0.0,331717.0
FRM,LINEAR,row,0.05,3.0469,7.6083,0.0,331717.0
FRM,LINEAR,row,0.1,4.0960,8.8955,0.0,331717.0
FRM,LINEAR,row,0.16818,5.0906,10.0311,0.0,331717.0
FRM,LINEAR,row,0.5,7.7125,14.7071,0.0,331717.0
FRM,LINEAR,row,1,10.4011,21.2521,1874.0,331717.0
FRM,LINEAR,row,2,11.4341,23.8301,7671.0,331717.0
FRM,LINEAR,row,5,12.1292,41.5357,66621.0,331717.0
FRM,LINEAR,row,0.10109,4.1801,4.1801,0.0,331717.0
FRM,LINEAR,row,0.10219,4.2108,4.2108,0.0,331717.0
FRM,LINEAR,row,0.10443,4.2421,4.2421,0.0,331717.0
FRM,LINEAR,row,0.10905,4.3379,4.3379,0.0,331717.0
FRM,LINEAR,row,0.11892,4.4742,4.4742,0.0,331717.0
FRM,LINEAR,row,0.13,4.6963,4.6963,0.0,331717.0
FRM,LINEAR,row,0.14142,4.8579,4.8579,0.0,331717.0
FRM,LINEAR,row,0.14822,4.9435,4.9435,0.0,331717.0
FRM,LINEAR,row,0.15827,5.0815,5.0815,0.0,331717.0
FRM,LINEAR,row,0.16355,5.0815,5.0815,0.0,331717.0
FRM,LINEAR,row,0.16489,5.1308,5.1308,0.0,331717.0
FRM,LINEAR,row,0.16625,5.1308,5.1308,0.0,331717.0
FRM,LINEAR,row,0.169,5.1308,5.1308,0.0,331717.0
FRM,LINEAR,row,0.2,5.3546,5.3546,0.0,331717.0
FRM,LINEAR,S1,,,4.1801,0.0,331717.0
FRM,LINEAR,S2,,,5.1308,0.0,331717.0
FRM,LOGISTIC,row,0.0001,1.2042,4.2031,0.0,331717.0
FRM,LOGISTIC,row,0.0002,1.8319,5.9430,0.0,331717.0
FRM,LOGISTIC,row,0.0005,2.8851,7.1716,0.0,331717.0
FRM,LOGISTIC,row,0.001,3.7496,8.5772,0.0,331717.0
FRM,LOGISTIC,row,0.0025149,5.3981,10.2745,0.0,331717.0
FRM,LOGISTIC,row,0.0025879,5.4516,10.2729,0.0,331717.0
FRM,LOGISTIC,row,0.0026631,5.5051,10.3005,0.0,331717.0
FRM,LOGISTIC,row,0.0028201,5.5990,10.3691,0.0,331717.0
FRM,LOGISTIC,row,0.0031623,5.6616,10.5885,0.0,331717.0
FRM,LOGISTIC,row,0.005,6.7352,11.4973,0.0,331717.0
FRM,LOGISTIC,row,0.01,8.5870,15.3541,20.0,331717.0
FRM,LOGISTIC,row,0.02,10.4807,21.2175,2866.0,331717.0
FRM,LOGISTIC,row,0.05,11.1621,36.5773,58120.0,331717.0
FRM,LOGISTIC,row,0.1,10.4923,48.6256,98506.0,331717.0
FRM,LOGISTIC,row,0.2,5.8015,83.0398,212400.0,331717.0
FRM,LOGISTIC,row,0.5,1.0933,115.1087,316494.0,331717.0
FRM,LOGISTIC,row,0.0011892,4.0547,4.0547,0.0,331717.0
FRM,LOGISTIC,row,0.0012968,4.2175,4.2175,0.0,331717.0
FRM,LOGISTIC,row,0.0014142,4.3710,4.3710,0.0,331717.0
FRM,LOGISTIC,row,0.0016859,4.6155,4.6155,0.0,331717.0
FRM,LOGISTIC,row,0.002,4.9999,4.9999,0.0,331717.0
FRM,LOGISTIC,row,0.0021917,5.2822,5.2822,0.0,331717.0
FRM,LOGISTIC,row,0.0024989,5.4360,5.4360,0.0,331717.0
FRM,LOGISTIC,row,0.0028492,5.5871,5.5871,0.0,331717.0
FRM,LOGISTIC,S1,,,4.2175,0.0,331717.0
FRM,LOGISTIC,S2,,,5.4360,0.0,331717.0
Finland,LINEAR,row,0.0001,1.2933,1.2933,0.0,5480045.0
Finland,LINEAR,row,0.0002,1.2933,1.2933,0.0,5480045.0
Finland,LINEAR,row,0.0005,1.2933,1.2933,0.0,5480045.0
Finland,LINEAR,row,0.001,1.2936,1.2936,0.0,5480045.0
Finland,LINEAR,row,0.002,1.3063,1.3063,0.0,5480045.0
Finland,LINEAR,row,0.005,1.4352,1.4352,0.0,5480045.0
Finland,LINEAR,row,0.01,1.6464,1.6464,0.0,5480045.0
Finland,LINEAR,row,0.02,2.0418,2.0418,0.0,5480045.0
Finland,LINEAR,row,0.05,3.0115,3.0115,0.0,5480045.0
Finland,LINEAR,row,0.1,4.0928,4.0928,0.0,5480045.0
Finland,LINEAR,row,0.2,5.3480,5.3480,0.0,5480045.0
Finland,LINEAR,row,0.21179,5.4979,5.4979,0.0,5480045.0
Finland,LINEAR,row,0.21794,5.5452,5.5452,0.0,5480045.0
Finland,LINEAR,row,0.22427,5.6097,5.6098,0.0,5480045.0
Finland,LINEAR,row,0.25149,5.8524,5.8562,170.0,5480045.0
Finland,LINEAR,row,0.31623,6.2755,6.2793,170.0,5480045.0
Finland,LINEAR,row,0.32541,6.3344,6.3381,170.0,5480045.0
Finland,LINEAR,row,0.33011,6.4000,6.4040,181.0,5480045.0
Finland,LINEAR,row,0.33487,6.4181,6.4221,181.0,5480045.0
Finland,LINEAR,row,0.3546,6.5392,6.5433,186.0,5480045.0
Finland,LINEAR,row,0.39764,6.7711,6.7752,186.0,5480045.0
Finland,LINEAR,row,0.5,7.4668,7.4724,258.0,5480045.0
Finland,LINEAR,row,1,9.2430,9.2942,2336.0,5480045.0
Finland,LINEAR,S1,,,5.5452,0.0,5480045.0
Finland,LINEAR,S2,,,6.4040,181.0,5480045.0
Finland,LOGISTIC,row,0.0001,1.6851,1.6851,0.0,5480045.0
Finland,LOGISTIC,row,0.0002,2.0812,2.0812,0.0,5480045.0
Finland,LOGISTIC,row,0.0005,3.0005,3.0005,0.0,5480045.0
Finland,LOGISTIC,row,0.001,3.9832,3.9832,0.0,5480045.0
Finland,LOGISTIC,row,0.002,5.1144,5.1144,0.0,5480045.0
Finland,LOGISTIC,row,0.0025149,5.5138,5.5141,10.0,5480045.0
Finland,LOGISTIC,row,0.0026631,5.6135,5.6172,170.0,5480045.0
Finland,LOGISTIC,row,0.0028201,5.7146,5.7184,170.0,5480045.0
Finland,LOGISTIC,row,0.0031623,5.9153,5.9191,170.0,5480045.0
Finland,LOGISTIC,row,0.0039764,6.2895,6.2933,170.0,5480045.0
Finland,LOGISTIC,row,0.0044589,6.5301,6.5339,173.0,5480045.0
Finland,LOGISTIC,row,0.005,6.7191,6.7229,173.0,5480045.0
Finland,LOGISTIC,row,0.01,8.1665,8.2124,2099.0,5480045.0
Finland,LOGISTIC,row,0.02,9.8592,10.1707,14226.0,5480045.0
Finland,LOGISTIC,S1,,,5.6172,170.0,5480045.0
Finland,LOGISTIC,S2,,,6.5339,173.0,5480045.0
Hungary,LINEAR,row,0.0001,0.1087,0.1087,0.0,9649038.0
Hungary,LINEAR,row,0.0002,0.1087,0.1087,0.0,9649038.0
Hungary,LINEAR,row,0.0005,0.1087,0.1087,0.0,9649038.0
Hungary,LINEAR,row,0.001,0.1090,0.1090,0.0,9649038.0
Hungary,LINEAR,row,0.002,0.1213,0.1213,0.0,9649038.0
Hungary,LINEAR,row,0.005,0.2409,0.2409,0.0,9649038.0
Hungary,LINEAR,row,0.01,0.4589,0.4589,0.0,9649038.0
Hungary,LINEAR,row,0.02,0.8533,0.8533,0.0,9649038.0
Hungary,LINEAR,row,0.05,1.6919,1.6919,0.0,9649038.0
Hungary,LINEAR,row,0.1,2.6371,2.6371,0.0,9649038.0
Hungary,LINEAR,row,0.10905,2.7786,2.7787,0.0,9649038.0
Hungary,LINEAR,row,0.11388,2.8652,2.8652,0.0,9649038.0
Hungary,LINEAR,row,0.11637,2.9010,2.9010,0.0,9649038.0
Hungary,LINEAR,row,0.117,2.9095,2.9095,0.0,9649038.0
Hungary,LINEAR,row,0.11764,2.9132,2.9132,0.0,9649038.0
Hungary,LINEAR,row,0.11892,2.9352,2.9352,0.0,9649038.0
Hungary,LINEAR,row,0.14142,3.2356,3.2356,0.0,9649038.0
Hungary,LINEAR,row,0.16818,3.5672,3.5672,0.0,9649038.0
Hungary,LINEAR,row,0.17186,3.6111,3.6111,0.0,9649038.0
Hungary,LINEAR,row,0.17563,3.6399,3.6399,0.0,9649038.0
Hungary,LINEAR,row,0.1834,3.7330,3.7330,0.0,9649038.0
Hungary,LINEAR,row,0.2,3.9047,3.9047,3.0,9649038.0
Hungary,LINEAR,row,0.5,5.8271,5.8319,387.0,9649038.0
Hungary,LINEAR,row,1,6.8069,11.9792,415901.0,9649038.0
Hungary,LINEAR,S1,,,2.9095,0.0,9649038.0
Hungary,LINEAR,S2,,,3.6111,0.0,9649038.0
Hungary,LOGISTIC,row,0.0001,0.5254,0.5254,0.0,9649038.0
Hungary,LOGISTIC,row,0.0002,0.9391,0.9391,0.0,9649038.0
Hungary,LOGISTIC,row,0.0005,1.8004,1.8004,0.0,9649038.0
Hungary,LOGISTIC,row,0.001,2.6722,2.6722,0.0,9649038.0
Hungary,LOGISTIC,row,0.0010905,2.8035,2.8035,0.0,9649038.0
Hungary,LOGISTIC,row,0.0011388,2.8737,2.8738,3.0,9649038.0
Hungary,LOGISTIC,row,0.0011637,2.9071,2.9071,3.0,9649038.0
Hungary,LOGISTIC,row,0.0011764,2.9248,2.9248,3.0,9649038.0
Hungary,LOGISTIC,row,0.0011828,2.9338,2.9339,3.0,9649038.0
Hungary,LOGISTIC,row,0.0011892,2.9443,2.9443,3.0,9649038.0
Hungary,LOGISTIC,row,0.0014142,3.2025,3.2025,3.0,9649038.0
Hungary,LOGISTIC,row,0.002,3.7835,3.7835,0.0,9649038.0
Hungary,LOGISTIC,row,0.0020581,3.8431,3.8431,0.0,9649038.0
Hungary,LOGISTIC,row,0.0021179,3.9112,3.9112,0.0,9649038.0
Hungary,LOGISTIC,row,0.0022427,4.0325,4.0325,0.0,9649038.0
Hungary,LOGISTIC,row,0.0025149,4.2421,4.2426,35.0,9649038.0
Hungary,LOGISTIC,row,0.0031623,4.6234,4.6240,50.0,9649038.0
Hungary,LOGISTIC,row,0.005,5.4341,5.4368,214.0,9649038.0
Hungary,LOGISTIC,row,0.01,6.4618,9.1494,216100.0,9649038.0
Hungary,LOGISTIC,row,0.02,6.9748,14.3518,593172.0,9649038.0
Hungary,LOGISTIC,row,0.05,7.5672,17.9045,831212.0,9649038.0
Hungary,LOGISTIC,row,0.1,7.7943,19.3026,925362.0,9649038.0
Hungary,LOGISTIC,row,0.2,6.6266,33.3056,2145231.0,9649038.0
Hungary,LOGISTIC,row,0.5,0.9993,100.7722,8022608.0,9649038.0
Hungary,LOGISTIC,S1,,,2.9339,3.0,9649038.0
Hungary,LOGISTIC,S2,,,3.8431,0.0,9649038.0
ITC,LINEAR,row,0.0001,0.0903,0.0903,0.0,15820961.0
ITC,LINEAR,row,0.0002,0.0903,0.0903,0.0,15820961.0
ITC,LINEAR,row,0.0005,0.0903,0.0903,0.0,15820961.0
ITC,LINEAR,row,0.001,0.0905,0.0905,0.0,15820961.0
ITC,LINEAR,row,0.002,0.1014,0.1014,0.0,15820961.0
ITC,LINEAR,row,0.005,0.1787,0.1787,0.0,15820961.0
ITC,LINEAR,row,0.01,0.3088,0.3088,0.0,15820961.0
ITC,LINEAR,row,0.02,0.5391,0.5391,0.0,15820961.0
ITC,LINEAR,row,0.05,1.1111,1.1111,6.0,15820961.0
ITC,LINEAR,row,0.05946,1.2759,1.2760,6.0,15820961.0
ITC,LINEAR,row,0.064842,1.3534,1.3534,6.0,15820961.0
ITC,LINEAR,row,0.067713,1.4008,1.4008,6.0,15820961.0
ITC,LINEAR,row,0.070711,1.4533,1.4533,6.0,15820961.0
ITC,LINEAR,row,0.1,1.8691,1.8693,18.0,15820961.0
ITC,LINEAR,row,0.10219,1.8870,1.8871,18.0,15820961.0
ITC,LINEAR,row,0.10443,1.9105,1.9106,18.0,15820961.0
ITC,LINEAR,row,0.10905,1.9687,1.9689,18.0,15820961.0
ITC,LINEAR,row,0.11892,2.0946,2.0948,27.0,15820961.0
ITC,LINEAR,row,0.14142,2.3383,2.3385,30.0,15820961.0
ITC,LINEAR,row,0.2,2.9215,2.9290,990.0,15820961.0
ITC,LINEAR,row,0.5,4.1881,8.2424,534527.0,15820961.0
ITC,LINEAR,S1,,,1.4008,6.0,15820961.0
ITC,LINEAR,S2,,,1.8871,18.0,15820961.0
ITC,LOGISTIC,row,0.0001,0.3448,0.3448,0.0,15820961.0
ITC,LOGISTIC,row,0.0002,0.5979,0.5979,0.0,15820961.0
ITC,LOGISTIC,row,0.0005,1.2016,1.2016,6.0,15820961.0
ITC,LOGISTIC,row,0.0005946,1.3529,1.3530,6.0,15820961.0
ITC,LOGISTIC,row,0.00062093,1.4018,1.4018,6.0,15820961.0
ITC,LOGISTIC,row,0.0006243,1.4089,1.4089,6.0,15820961.0
ITC,LOGISTIC,row,0.00062769,1.4168,1.4168,6.0,15820961.0
ITC,LOGISTIC,row,0.00063453,1.4269,1.4270,6.0,15820961.0
ITC,LOGISTIC,row,0.00064842,1.4482,1.4482,6.0,15820961.0
ITC,LOGISTIC,row,0.00070711,1.5487,1.5487,6.0,15820961.0
ITC,LOGISTIC,row,0.0008409,1.7363,1.7363,6.0,15820961.0
ITC,LOGISTIC,row,0.000917,1.8279,1.8280,6.0,15820961.0
ITC,LOGISTIC,row,0.0009576,1.8810,1.8810,6.0,15820961.0
ITC,LOGISTIC,row,0.001,1.9451,1.9452,18.0,15820961.0
ITC,LOGISTIC,row,0.002,2.9532,2.9542,133.0,15820961.0
ITC,LOGISTIC,row,0.005,4.2047,7.2916,406975.0,15820961.0
ITC,LOGISTIC,S1,,,1.4089,6.0,15820961.0
ITC,LOGISTIC,S2,,,1.8810,6.0,15820961.0
ITF,LINEAR,row,0.0001,0.1253,0.1253,0.0,13316894.0
ITF,LINEAR,row,0.0002,0.1253,0.1253,0.0,13316894.0
ITF,LINEAR,row,0.0005,0.1253,0.1253,0.0,13316894.0
ITF,LINEAR,row,0.001,0.1254,0.1254,0.0,13316894.0
ITF,LINEAR,row,0.002,0.1357,0.1357,0.0,13316894.0
ITF,LINEAR,row,0.005,0.2286,0.2286,0.0,13316894.0
ITF,LINEAR,row,0.01,0.3759,0.3759,0.0,13316894.0
ITF,LINEAR,row,0.02,0.6160,0.6160,0.0,13316894.0
ITF,LINEAR,row,0.05,1.1433,1.1433,0.0,13316894.0
ITF,LINEAR,row,0.070711,1.4406,1.4406,0.0,13316894.0
ITF,LINEAR,row,0.071481,1.4529,1.4529,0.0,13316894.0
ITF,LINEAR,row,0.072259,1.4664,1.4664,0.0,13316894.0
ITF,LINEAR,row,0.073841,1.4889,1.4889,0.0,13316894.0
ITF,LINEAR,row,0.077111,1.5360,1.5360,0.0,13316894.0
ITF,LINEAR,row,0.08409,1.6253,1.6253,0.0,13316894.0
ITF,LINEAR,row,0.1,1.8211,1.8211,1.0,13316894.0
ITF,LINEAR,row,0.10905,1.9210,1.9212,19.0,13316894.0
ITF,LINEAR,row,0.11388,1.9848,1.9849,19.0,13316894.0
ITF,LINEAR,row,0.11637,2.0177,2.0179,19.0,13316894.0
ITF,LINEAR,row,0.11892,2.0468,2.0470,19.0,13316894.0
ITF,LINEAR,row,0.14142,2.2723,2.2727,43.0,13316894.0
ITF,LINEAR,row,0.2,2.8166,2.8190,259.0,13316894.0
ITF,LINEAR,row,0.5,4.4459,5.5429,121737.0,13316894.0
ITF,LINEAR,row,1,5.2165,10.4202,577469.0,13316894.0
ITF,LINEAR,row,2,5.6688,15.3265,1071754.0,13316894.0
ITF,LINEAR,row,5,6.4377,15.8131,1040423.0,13316894.0
ITF,LINEAR,S1,,,1.4529,0.0,13316894.0
ITF,LINEAR,S2,,,2.0179,19.0,13316894.0
ITF,LOGISTIC,row,0.0001,0.4110,0.4110,0.0,13316894.0
ITF,LOGISTIC,row,0.0002,0.6621,0.6621,0.0,13316894.0
ITF,LOGISTIC,row,0.0005,1.1921,1.1921,0.0,13316894.0
ITF,LOGISTIC,row,0.0005946,1.3384,1.3384,0.0,13316894.0
ITF,LOGISTIC,row,0.00064842,1.4115,1.4116,0.0,13316894.0
ITF,LOGISTIC,row,0.00067713,1.4459,1.4459,0.0,13316894.0
ITF,LOGISTIC,row,0.00069195,1.4639,1.4639,0.0,13316894.0
ITF,LOGISTIC,row,0.00070711,1.4849,1.4849,0.0,13316894.0
ITF,LOGISTIC,row,0.001,1.8504,1.8504,1.0,13316894.0
ITF,LOGISTIC,row,0.0010905,1.9542,1.9543,19.0,13316894.0
ITF,LOGISTIC,row,0.0011388,2.0057,2.0058,19.0,13316894.0
ITF,LOGISTIC,row,0.0011637,2.0334,2.0335,19.0,13316894.0
ITF,LOGISTIC,row,0.0011892,2.0583,2.0588,52.0,13316894.0
ITF,LOGISTIC,row,0.0014142,2.3074,2.3079,55.0,13316894.0
ITF,LOGISTIC,row,0.002,2.7989,2.8006,188.0,13316894.0
ITF,LOGISTIC,row,0.005,4.3602,4.8030,49137.0,13316894.0
ITF,LOGISTIC,row,0.01,5.1744,9.4034,469307.0,13316894.0
ITF,LOGISTIC,row,0.02,5.5484,14.9225,1040275.0,13316894.0
ITF,LOGISTIC,row,0.05,6.3512,18.4384,1341366.0,13316894.0
ITF,LOGISTIC,row,0.1,6.1813,23.4332,1914518.0,13316894.0
ITF,LOGISTIC,row,0.2,4.9871,39.1383,3789895.0,13316894.0
ITF,LOGISTIC,row,0.5,1.5458,92.0369,10042178.0,13316894.0
ITF,LOGISTIC,S1,,,1.4639,0.0,13316894.0
ITF,LOGISTIC,S2,,,2.0335,19.0,13316894.0
ITG,LINEAR,row,0.0001,0.1224,0.1224,0.0,6279743.0
ITG,LINEAR,row,0.0002,0.1224,0.1224,0.0,6279743.0
ITG,LINEAR,row,0.0005,0.1224,0.1224,0.0,6279743.0
ITG,LINEAR,row,0.001,0.1225,0.1225,0.0,6279743.0
ITG,LINEAR,row,0.002,0.1290,0.1290,0.0,6279743.0
ITG,LINEAR,row,0.005,0.1953,0.1953,0.0,6279743.0
ITG,LINEAR,row,0.01,0.3073,0.3073,0.0,6279743.0
ITG,LINEAR,row,0.02,0.5152,0.5152,0.0,6279743.0
ITG,LINEAR,row,0.05,1.0137,1.0137,0.0,6279743.0
ITG,LINEAR,row,0.070711,1.2924,1.2924,0.0,6279743.0
ITG,LINEAR,row,0.077111,1.3689,1.3689,0.0,6279743.0
ITG,LINEAR,row,0.080525,1.4041,1.4041,0.0,6279743.0
ITG,LINEAR,row,0.081401,1.4195,1.4195,0.0,6279743.0
ITG,LINEAR,row,0.082288,1.4286,1.4286,0.0,6279743.0
ITG,LINEAR,row,0.08409,1.4617,1.4617,0.0,6279743.0
ITG,LINEAR,row,0.1,1.6693,1.6694,6.0,6279743.0
ITG,LINEAR,row,0.11892,1.8807,1.8825,92.0,6279743.0
ITG,LINEAR,row,0.12968,1.9976,1.9993,90.0,6279743.0
ITG,LINEAR,row,0.1311,2.0038,2.0055,90.0,6279743.0
ITG,LINEAR,row,0.13252,2.0250,2.0269,97.0,6279743.0
ITG,LINEAR,row,0.13543,2.0634,2.0652,97.0,6279743.0
ITG,LINEAR,row,0.14142,2.0986,2.1003,90.0,6279743.0
ITG,LINEAR,row,0.2,2.5647,2.5676,151.0,6279743.0
ITG,LINEAR,row,0.5,4.4969,4.5279,1624.0,6279743.0
ITG,LINEAR,row,1,5.9542,7.4424,77877.0,6279743.0
ITG,LINEAR,row,2,6.7840,9.4287,138400.0,6279743.0
ITG,LINEAR,row,5,7.7121,13.6857,312606.0,6279743.0
ITG,LINEAR,S1,,,1.4195,0.0,6279743.0
ITG,LINEAR,S2,,,2.0055,90.0,6279743.0
ITG,LOGISTIC,row,0.0001,0.3368,0.3368,0.0,6279743.0
ITG,LOGISTIC,row,0.0002,0.5500,0.5500,0.0,6279743.0
ITG,LOGISTIC,row,0.0005,1.0750,1.0750,0.0,6279743.0
ITG,LOGISTIC,row,0.00070711,1.3402,1.3402,0.0,6279743.0
ITG,LOGISTIC,row,0.00077111,1.4285,1.4285,0.0,6279743.0
ITG,LOGISTIC,row,0.0008409,1.5075,1.5091,86.0,6279743.0
ITG,LOGISTIC,row,0.001,1.7076,1.7092,86.0,6279743.0
ITG,LOGISTIC,row,0.0011892,1.9041,1.9059,92.0,6279743.0
ITG,LOGISTIC,row,0.0012968,2.0162,2.0178,86.0,6279743.0
ITG,LOGISTIC,row,0.0013252,2.0446,2.0462,86.0,6279743.0
ITG,LOGISTIC,row,0.0013543,2.0716,2.0732,86.0,6279743.0
ITG,LOGISTIC,row,0.0014142,2.1034,2.1053,97.0,6279743.0
ITG,LOGISTIC,row,0.002,2.5874,2.5901,143.0,6279743.0
ITG,LOGISTIC,row,0.005,4.3164,4.3507,1793.0,6279743.0
ITG,LOGISTIC,row,0.01,5.5943,6.0631,24536.0,6279743.0
ITG,LOGISTIC,row,0.02,6.4733,8.7878,121121.0,6279743.0
ITG,LOGISTIC,row,0.05,7.3939,12.6403,274550.0,6279743.0
ITG,LOGISTIC,row,0.1,7.2794,20.1606,674086.0,6279743.0
ITG,LOGISTIC,row,0.2,6.1384,36.0201,1563745.0,6279743.0
ITG,LOGISTIC,row,0.5,1.8962,88.9578,4556040.0,6279743.0
ITG,LOGISTIC,S1,,,1.4285,0.0,6279743.0
ITG,LOGISTIC,S2,,,2.0462,86.0,6279743.0
ITH,LINEAR,row,0.0001,0.1400,0.1400,0.0,11518285.0
ITH,LINEAR,row,0.0002,0.1400,0.1400,0.0,11518285.0
ITH,LINEAR,row,0.0005,0.1400,0.1400,0.0,11518285.0
ITH,LINEAR,row,0.001,0.1404,0.1404,0.0,11518285.0
ITH,LINEAR,row,0.002,0.1631,0.1631,0.0,11518285.0
ITH,LINEAR,row,0.005,0.3152,0.3152,0.0,11518285.0
ITH,LINEAR,row,0.01,0.5464,0.5464,0.0,11518285.0
ITH,LINEAR,row,0.02,0.9173,0.9173,0.0,11518285.0
ITH,LINEAR,row,0.05,1.7214,1.7214,0.0,11518285.0
ITH,LINEAR,row,0.070711,2.1435,2.1435,0.0,11518285.0
ITH,LINEAR,row,0.073841,2.2007,2.2006,0.0,11518285.0
ITH,LINEAR,row,0.074645,2.2193,2.2193,0.0,11518285.0
ITH,LINEAR,row,0.075051,2.2271,2.2271,0.0,11518285.0
ITH,LINEAR,row,0.075458,2.2317,2.2317,0.0,11518285.0
ITH,LINEAR,row,0.077111,2.2622,2.2622,0.0,11518285.0
ITH,LINEAR,row,0.08409,2.3919,2.3919,0.0,11518285.0
ITH,LINEAR,row,0.1,2.6441,2.6441,0.0,11518285.0
ITH,LINEAR,row,0.10443,2.7296,2.7296,0.0,11518285.0
ITH,LINEAR,row,0.10671,2.7665,2.7665,0.0,11518285.0
ITH,LINEAR,row,0.10788,2.7814,2.7814,5.0,11518285.0
ITH,LINEAR,row,0.10905,2.7926,2.7927,5.0,11518285.0
ITH,LINEAR,row,0.11892,2.9220,2.9221,5.0,11518285.0
ITH,LINEAR,row,0.14142,3.2047,3.2047,5.0,11518285.0
ITH,LINEAR,row,0.2,3.8414,3.8418,42.0,11518285.0
ITH,LINEAR,row,0.5,5.2521,8.5983,321185.0,11518285.0
ITH,LINEAR,S1,,,2.2271,0.0,11518285.0
ITH,LINEAR,S2,,,2.7814,5.0,11518285.0
ITH,LOGISTIC,row,0.0001,0.6065,0.6065,0.0,11518285.0
ITH,LOGISTIC,row,0.0002,1.0018,1.0018,0.0,11518285.0
ITH,LOGISTIC,row,0.0005,1.8113,1.8112,0.0,11518285.0
ITH,LOGISTIC,row,0.00070711,2.2107,2.2107,0.0,11518285.0
ITH,LOGISTIC,row,0.00072259,2.2407,2.2407,0.0,11518285.0
ITH,LOGISTIC,row,0.00073841,2.2713,2.2713,0.0,11518285.0
ITH,LOGISTIC,row,0.00077111,2.3360,2.3360,0.0,11518285.0
ITH,LOGISTIC,row,0.0008409,2.4416,2.4416,0.0,11518285.0
ITH,LOGISTIC,row,0.001,2.7075,2.7075,0.0,11518285.0
ITH,LOGISTIC,row,0.0010905,2.8250,2.8250,0.0,11518285.0
ITH,LOGISTIC,row,0.0011892,2.9571,2.9571,5.0,11518285.0
ITH,LOGISTIC,row,0.0014142,3.2263,3.2264,5.0,11518285.0
ITH,LOGISTIC,row,0.002,3.8098,3.8103,42.0,11518285.0
ITH,LOGISTIC,row,0.005,5.1960,7.4777,219015.0,11518285.0
ITH,LOGISTIC,S1,,,2.2407,0.0,11518285.0
ITH,LOGISTIC,S2,,,2.8250,0.0,11518285.0
ITI,LINEAR,row,0.0001,0.1472,0.1472,0.0,11691519.0
ITI,LINEAR,row,0.0002,0.1472,0.1472,0.0,11691519.0
ITI,LINEAR,row,0.0005,0.1473,0.1473,0.0,11691519.0
ITI,LINEAR,row,0.001,0.1475,0.1475,0.0,11691519.0
ITI,LINEAR,row,0.002,0.1627,0.1627,0.0,11691519.0
ITI,LINEAR,row,0.005,0.2836,0.2836,0.0,11691519.0
ITI,LINEAR,row,0.01,0.4715,0.4715,0.0,11691519.0
ITI,LINEAR,row,0.02,0.7661,0.7661,0.0,11691519.0
ITI,LINEAR,row,0.05,1.3841,1.3841,0.0,11691519.0
ITI,LINEAR,row,0.070711,1.7185,1.7185,0.0,11691519.0
ITI,LINEAR,row,0.073841,1.7623,1.7623,0.0,11691519.0
ITI,LINEAR,row,0.075458,1.7898,1.7898,0.0,11691519.0
ITI,LINEAR,row,0.077111,1.8173,1.8173,0.0,11691519.0
ITI,LINEAR,row,0.08409,1.9245,1.9245,0.0,11691519.0
ITI,LINEAR,row,0.1,2.1389,2.1389,0.0,11691519.0
ITI,LINEAR,row,0.10905,2.2416,2.2416,0.0,11691519.0
ITI,LINEAR,row,0.11388,2.3019,2.3019,0.0,11691519.0
ITI,LINEAR,row,0.11512,2.3155,2.3155,0.0,11691519.0
ITI,LINEAR,row,0.11637,2.3305,2.3306,10.0,11691519.0
ITI,LINEAR,row,0.11892,2.3506,2.3507,10.0,11691519.0
ITI,LINEAR,row,0.14142,2.6096,2.6111,144.0,11691519.0
ITI,LINEAR,row,0.2,3.1641,3.1658,162.0,11691519.0
ITI,LINEAR,row,0.5,4.6534,6.2822,158692.0,11691519.0
ITI,LINEAR,S1,,,1.7898,0.0,11691519.0
ITI,LINEAR,S2,,,2.3155,0.0,11691519.0
ITI,LOGISTIC,row,0.0001,0.5188,0.5188,0.0,11691519.0
ITI,LOGISTIC,row,0.0002,0.8186,0.8186,0.0,11691519.0
ITI,LOGISTIC,row,0.0005,1.4404,1.4404,0.0,11691519.0
ITI,LOGISTIC,row,0.00070711,1.7871,1.7871,0.0,11691519.0
ITI,LOGISTIC,row,0.00072259,1.8074,1.8074,0.0,11691519.0
ITI,LOGISTIC,row,0.00073841,1.8308,1.8308,0.0,11691519.0
ITI,LOGISTIC,row,0.00077111,1.8772,1.8772,0.0,11691519.0
ITI,LOGISTIC,row,0.0008409,1.9715,1.9715,0.0,11691519.0
ITI,LOGISTIC,row,0.001,2.1660,2.1670,103.0,11691519.0
ITI,LOGISTIC,row,0.0010905,2.2878,2.2889,103.0,11691519.0
ITI,LOGISTIC,row,0.0011388,2.3357,2.3368,105.0,11691519.0
ITI,LOGISTIC,row,0.0011892,2.4078,2.4089,105.0,11691519.0
ITI,LOGISTIC,row,0.0014142,2.6330,2.6342,123.0,11691519.0
ITI,LOGISTIC,row,0.002,3.1901,3.1923,220.0,11691519.0
ITI,LOGISTIC,row,0.005,4.7150,5.5477,81134.0,11691519.0
ITI,LOGISTIC,row,0.01,5.2113,11.9245,654062.0,11691519.0
ITI,LOGISTIC,S1,,,1.8074,0.0,11691519.0
ITI,LOGISTIC,S2,,,2.3368,105.0,11691519.0
Ireland,LINEAR,row,0.00015,0.7702,0.7702,0.0,4997217.0
Ireland,LINEAR,row,0.0003,0.7702,0.7702,0.0,4997217.0
Ireland,LINEAR,row,0.0007,0.7702,0.7702,0.0,4997217.0
Ireland,LINEAR,row,0.0015,0.7885,0.7885,0.0,4997217.0
Ireland,LINEAR,row,0.003,0.9041,0.9041,0.0,4997217.0
Ireland,LINEAR,row,0.007,1.1770,1.1770,0.0,4997217.0
Ireland,LINEAR,row,0.01,1.3245,1.3245,0.0,4997217.0
Ireland,LINEAR,row,0.015,1.5195,1.5195,0.0,4997217.0
Ireland,LINEAR,row,0.02,1.6717,1.6717,0.0,4997217.0
Ireland,LINEAR,row,0.03,1.9502,1.9502,0.0,4997217.0
Ireland,LINEAR,row,0.05,2.4042,2.4042,0.0,4997217.0
Ireland,LINEAR,row,0.07,2.8118,2.8118,0.0,4997217.0
Ireland,LINEAR,row,0.15,4.0042,4.0042,0.0,4997217.0
Ireland,LINEAR,row,0.2104,4.7157,4.7157,0.0,4997217.0
Ireland,LINEAR,row,0.22134,4.8272,4.8272,0.0,4997217.0
Ireland,LINEAR,row,0.24495,5.0932,5.0932,0.0,4997217.0
Ireland,LINEAR,row,0.3,5.5647,5.5647,0.0,4997217.0
Ireland,LINEAR,row,0.0001,0.7702,0.7702,0.0,4997217.0
Ireland,LINEAR,row,0.0002,0.7702,0.7702,0.0,4997217.0
Ireland,LINEAR,row,0.0005,0.7702,0.7702,0.0,4997217.0
Ireland,LINEAR,row,0.001,0.7715,0.7715,0.0,4997217.0
Ireland,LINEAR,row,0.002,0.8214,0.8214,0.0,4997217.0
Ireland,LINEAR,row,0.005,1.0518,1.0518,0.0,4997217.0
Ireland,LINEAR,row,0.1,3.3114,3.3114,0.0,4997217.0
Ireland,LINEAR,row,0.14142,3.8964,3.8964,0.0,4997217.0
Ireland,LINEAR,row,0.14296,3.9047,3.9047,0.0,4997217.0
Ireland,LINEAR,row,0.14452,3.9306,3.9306,0.0,4997217.0
Ireland,LINEAR,row,0.14768,3.9627,3.9627,0.0,4997217.0
Ireland,LINEAR,row,0.15422,4.0712,4.0712,0.0,4997217.0
Ireland,LINEAR,row,0.16818,4.2129,4.2129,0.0,4997217.0
Ireland,LINEAR,row,0.2,4.6123,4.6123,0.0,4997217.0
Ireland,LINEAR,row,0.20581,4.6695,4.6695,0.0,4997217.0
Ireland,LINEAR,row,0.20878,4.6862,4.6862,0.0,4997217.0
Ireland,LINEAR,row,0.21028,4.7115,4.7115,0.0,4997217.0
Ireland,LINEAR,row,0.21179,4.7238,4.7237,0.0,4997217.0
Ireland,LINEAR,row,0.22427,4.8625,4.8625,0.0,4997217.0
Ireland,LINEAR,row,0.25149,5.1430,5.1429,0.0,4997217.0
Ireland,LINEAR,row,0.31623,5.6773,5.6773,0.0,4997217.0
Ireland,LINEAR,row,0.5,6.7373,6.7413,167.0,4997217.0
Ireland,LINEAR,S1,,,3.9047,0.0,4997217.0
Ireland,LINEAR,S2,,,4.7115,0.0,4997217.0
Ireland,LOGISTIC,row,0.0001,1.3539,1.3539,0.0,4997217.0
Ireland,LOGISTIC,row,0.0002,1.6892,1.6892,0.0,4997217.0
Ireland,LOGISTIC,row,0.0005,2.4108,2.4108,0.0,4997217.0
Ireland,LOGISTIC,row,0.001,3.2706,3.2706,0.0,4997217.0
Ireland,LOGISTIC,row,0.01,7.3124,8.1801,36137.0,4997217.0
Ireland,LOGISTIC,row,0.2,7.6790,34.6299,1122328.0,4997217.0
Ireland,LOGISTIC,row,0.5,1.7474,93.6045,3825245.0,4997217.0
Ireland,LOGISTIC,row,0.0014142,3.7913,3.7913,0.0,4997217.0
Ireland,LOGISTIC,row,0.0014768,3.8824,3.8824,0.0,4997217.0
Ireland,LOGISTIC,row,0.0015092,3.9206,3.9206,0.0,4997217.0
Ireland,LOGISTIC,row,0.0015256,3.9510,3.9510,0.0,4997217.0
Ireland,LOGISTIC,row,0.0015339,3.9596,3.9596,0.0,4997217.0
Ireland,LOGISTIC,row,0.0015422,3.9702,3.9702,0.0,4997217.0
Ireland,LOGISTIC,row,0.0016818,4.1573,4.1573,0.0,4997217.0
Ireland,LOGISTIC,row,0.002,4.4452,4.4452,0.0,4997217.0
Ireland,LOGISTIC,row,0.0025149,4.9248,4.9262,56.0,4997217.0
Ireland,LOGISTIC,row,0.0026631,5.0424,5.0424,0.0,4997217.0
Ireland,LOGISTIC,row,0.0027015,5.0774,5.0774,0.0,4997217.0
Ireland,LOGISTIC,row,0.0027404,5.1142,5.1141,0.0,4997217.0
Ireland,LOGISTIC,row,0.0028201,5.1664,5.1663,0.0,4997217.0
Ireland,LOGISTIC,row,0.0031623,5.3384,5.3384,0.0,4997217.0
Ireland,LOGISTIC,row,0.005,6.1785,6.1805,87.0,4997217.0
Ireland,LOGISTIC,S1,,,3.9596,0.0,4997217.0
Ireland,LOGISTIC,S2,,,5.0774,0.0,4997217.0
Latvia,LINEAR,row,0.0001,0.8055,0.8055,0.0,1892123.0
Latvia,LINEAR,row,0.0002,0.8055,0.8055,0.0,1892123.0
Latvia,LINEAR,row,0.0005,0.8055,0.8055,0.0,1892123.0
Latvia,LINEAR,row,0.001,0.8057,0.8057,0.0,1892123.0
Latvia,LINEAR,row,0.002,0.8135,0.8135,0.0,1892123.0
Latvia,LINEAR,row,0.005,0.9179,0.9179,0.0,1892123.0
Latvia,LINEAR,row,0.01,1.1058,1.1058,0.0,1892123.0
Latvia,LINEAR,row,0.02,1.4661,1.4661,0.0,1892123.0
Latvia,LINEAR,row,0.05,2.3429,2.3429,0.0,1892123.0
Latvia,LINEAR,row,0.14142,3.9384,3.9387,5.0,1892123.0
Latvia,LINEAR,row,0.2,4.7072,4.7075,5.0,1892123.0
Latvia,LINEAR,row,0.5,6.6219,6.6429,332.0,1892123.0
Latvia,LINEAR,row,1,7.7986,8.1158,5000.0,1892123.0
Latvia,LINEAR,row,2,8.3053,9.3636,16686.0,1892123.0
Latvia,LINEAR,row,5,8.8504,12.4908,57401.0,1892123.0
Latvia,LINEAR,row,0.070711,2.8128,2.8128,0.0,1892123.0
Latvia,LINEAR,row,0.08409,3.0831,3.0831,0.0,1892123.0
Latvia,LINEAR,row,0.085931,3.1012,3.1012,0.0,1892123.0
Latvia,LINEAR,row,0.086398,3.1103,3.1103,0.0,1892123.0
Latvia,LINEAR,row,0.086867,3.1194,3.1194,0.0,1892123.0
Latvia,LINEAR,row,0.087813,3.1240,3.1240,0.0,1892123.0
Latvia,LINEAR,row,0.0917,3.1762,3.1762,0.0,1892123.0
Latvia,LINEAR,row,0.1,3.3527,3.3527,0.0,1892123.0
Latvia,LINEAR,row,0.11232,3.5213,3.5213,0.0,1892123.0
Latvia,LINEAR,row,0.12806,3.7677,3.7680,5.0,1892123.0
Latvia,LINEAR,row,0.13674,3.8645,3.8648,5.0,1892123.0
Latvia,LINEAR,row,0.1413,3.9384,3.9387,5.0,1892123.0
Latvia,LINEAR,row,0.14246,3.9533,3.9537,5.0,1892123.0
Latvia,LINEAR,row,0.14364,3.9914,3.9917,5.0,1892123.0
Latvia,LINEAR,row,0.14601,4.0221,4.0224,5.0,1892123.0
Latvia,LINEAR,S1,,,3.1103,0.0,1892123.0
Latvia,LINEAR,S2,,,3.9537,5.0,1892123.0
Latvia,LOGISTIC,row,0.0001,1.1364,1.1363,0.0,1892123.0
Latvia,LOGISTIC,row,0.0002,1.4732,1.4732,0.0,1892123.0
Latvia,LOGISTIC,row,0.0005,2.2512,2.2512,0.0,1892123.0
Latvia,LOGISTIC,row,0.001,3.1254,3.1254,0.0,1892123.0
Latvia,LOGISTIC,row,0.0021179,4.3974,4.3977,5.0,1892123.0
Latvia,LOGISTIC,row,0.0022427,4.4959,4.4962,5.0,1892123.0
Latvia,LOGISTIC,row,0.0025149,4.7820,4.7824,5.0,1892123.0
Latvia,LOGISTIC,row,0.0031623,5.2843,5.2846,5.0,1892123.0
Latvia,LOGISTIC,row,0.005,6.0963,6.1068,166.0,1892123.0
Latvia,LOGISTIC,row,0.01,7.2008,7.4219,3486.0,1892123.0
Latvia,LOGISTIC,row,0.02,7.9013,8.8812,15450.0,1892123.0
Latvia,LOGISTIC,row,0.05,8.0611,14.5574,102431.0,1892123.0
Latvia,LOGISTIC,row,0.1,6.8108,26.7348,314156.0,1892123.0
Latvia,LOGISTIC,row,0.2,4.8824,47.7632,676132.0,1892123.0
Latvia,LOGISTIC,row,0.5,0.5977,104.6767,1641085.0,1892123.0
Latvia,LOGISTIC,row,0.0010219,3.1553,3.1553,0.0,1892123.0
Latvia,LOGISTIC,row,0.0010274,3.1630,3.1630,0.0,1892123.0
Latvia,LOGISTIC,row,0.001033,3.1737,3.1737,0.0,1892123.0
Latvia,LOGISTIC,row,0.0010443,3.1773,3.1773,0.0,1892123.0
Latvia,LOGISTIC,row,0.0010905,3.2357,3.2357,0.0,1892123.0
Latvia,LOGISTIC,row,0.0011892,3.4127,3.4127,0.0,1892123.0
Latvia,LOGISTIC,row,0.0013357,3.5881,3.5881,0.0,1892123.0
Latvia,LOGISTIC,row,0.0014142,3.7086,3.7086,0.0,1892123.0
Latvia,LOGISTIC,row,0.0017364,4.0454,4.0457,5.0,1892123.0
Latvia,LOGISTIC,row,0.0019798,4.3253,4.3256,5.0,1892123.0
Latvia,LOGISTIC,row,0.002,4.3253,4.3256,5.0,1892123.0
Latvia,LOGISTIC,row,0.0020458,4.3503,4.3506,5.0,1892123.0
Latvia,LOGISTIC,row,0.002114,4.3974,4.3977,5.0,1892123.0
Latvia,LOGISTIC,row,0.0022573,4.4950,4.4954,5.0,1892123.0
Latvia,LOGISTIC,S1,,,3.1630,0.0,1892123.0
Latvia,LOGISTIC,S2,,,4.3506,5.0,1892123.0
Lithuania,LINEAR,row,0.0001,0.5066,0.5066,0.0,2806212.0
Lithuania,LINEAR,row,0.0002,0.5066,0.5066,0.0,2806212.0
Lithuania,LINEAR,row,0.0005,0.5066,0.5066,0.0,2806212.0
Lithuania,LINEAR,row,0.001,0.5070,0.5070,0.0,2806212.0
Lithuania,LINEAR,row,0.002,0.5241,0.5241,0.0,2806212.0
Lithuania,LINEAR,row,0.005,0.6816,0.6816,0.0,2806212.0
Lithuania,LINEAR,row,0.01,0.9337,0.9337,0.0,2806212.0
Lithuania,LINEAR,row,0.02,1.3765,1.3765,0.0,2806212.0
Lithuania,LINEAR,row,0.05,2.2675,2.2675,0.0,2806212.0
Lithuania,LINEAR,row,0.1,3.2006,3.2006,0.0,2806212.0
Lithuania,LINEAR,row,0.5,6.4055,6.4154,231.0,2806212.0
Lithuania,LINEAR,row,1,7.7503,8.0060,5978.0,2806212.0
Lithuania,LINEAR,row,5,9.0599,11.3281,53043.0,2806212.0
Lithuania,LINEAR,row,0.10443,3.2631,3.2631,0.0,2806212.0
Lithuania,LINEAR,row,0.10671,3.2972,3.2972,0.0,2806212.0
Lithuania,LINEAR,row,0.10788,3.3236,3.3236,0.0,2806212.0
Lithuania,LINEAR,row,0.10905,3.3468,3.3468,0.0,2806212.0
Lithuania,LINEAR,row,0.11892,3.4649,3.4649,0.0,2806212.0
Lithuania,LINEAR,row,0.14024,3.7435,3.7435,0.0,2806212.0
Lithuania,LINEAR,row,0.14142,3.7435,3.7435,0.0,2806212.0
Lithuania,LINEAR,row,0.18231,4.2233,4.2238,12.0,2806212.0
Lithuania,LINEAR,row,0.19467,4.3507,4.3512,12.0,2806212.0
Lithuania,LINEAR,row,0.19789,4.3856,4.3861,12.0,2806212.0
Lithuania,LINEAR,row,0.2,4.4068,4.4073,12.0,2806212.0
Lithuania,LINEAR,row,0.20116,4.4140,4.4145,12.0,2806212.0
Lithuania,LINEAR,row,0.20787,4.4871,4.4876,12.0,2806212.0
Lithuania,LINEAR,row,0.237,4.7580,4.7585,12.0,2806212.0
Lithuania,LINEAR,S1,,,3.3236,0.0,2806212.0
Lithuania,LINEAR,S2,,,4.3861,12.0,2806212.0
Lithuania,LOGISTIC,row,0.0001,0.9707,0.9707,0.0,2806212.0
Lithuania,LOGISTIC,row,0.0002,1.3879,1.3879,0.0,2806212.0
Lithuania,LOGISTIC,row,0.0005,2.2155,2.2155,0.0,2806212.0
Lithuania,LOGISTIC,row,0.001,3.0718,3.0718,0.0,2806212.0
Lithuania,LOGISTIC,row,0.0031623,5.0749,5.0771,52.0,2806212.0
Lithuania,LOGISTIC,row,0.005,5.8514,5.8560,107.0,2806212.0
Lithuania,LOGISTIC,row,0.01,7.2002,7.4404,5617.0,2806212.0
Lithuania,LOGISTIC,row,0.02,8.0357,8.5187,11294.0,2806212.0
Lithuania,LOGISTIC,row,0.05,8.6859,12.0184,77931.0,2806212.0
Lithuania,LOGISTIC,row,0.1,8.7382,17.1735,197259.0,2806212.0
Lithuania,LOGISTIC,row,0.2,5.5347,46.5106,958225.0,2806212.0
Lithuania,LOGISTIC,row,0.5,0.8921,100.1771,2321791.0,2806212.0
Lithuania,LOGISTIC,row,0.0011892,3.2834,3.2834,0.0,2806212.0
Lithuania,LOGISTIC,row,0.0012419,3.3244,3.3244,0.0,2806212.0
Lithuania,LOGISTIC,row,0.0012691,3.3648,3.3648,0.0,2806212.0
Lithuania,LOGISTIC,row,0.0012968,3.3988,3.3988,0.0,2806212.0
Lithuania,LOGISTIC,row,0.0014142,3.5608,3.5609,0.0,2806212.0
Lithuania,LOGISTIC,row,0.0016498,3.8040,3.8040,0.0,2806212.0
Lithuania,LOGISTIC,row,0.002,4.0716,4.0722,12.0,2806212.0
Lithuania,LOGISTIC,row,0.0021447,4.1709,4.1714,12.0,2806212.0
Lithuania,LOGISTIC,row,0.0027881,4.7393,4.7401,19.0,2806212.0
Lithuania,LOGISTIC,row,0.0029771,4.8757,4.8765,19.0,2806212.0
Lithuania,LOGISTIC,row,0.0030764,4.9760,4.9768,19.0,2806212.0
Lithuania,LOGISTIC,row,0.0031272,5.0164,5.0170,15.0,2806212.0
Lithuania,LOGISTIC,row,0.0031789,5.0794,5.0816,52.0,2806212.0
Lithuania,LOGISTIC,row,0.0036245,5.2717,5.2740,52.0,2806212.0
Lithuania,LOGISTIC,S1,,,3.3648,0.0,2806212.0
Lithuania,LOGISTIC,S2,,,5.0170,15.0,2806212.0
Luxembourg,LINEAR,row,0.01,0.3759,0.3759,0.0,634435.0
Luxembourg,LINEAR,row,0.02,0.7168,0.7168,0.0,634435.0
Luxembourg,LINEAR,row,0.05,1.4923,1.4923,0.0,634435.0
Luxembourg,LINEAR,row,0.20049,3.4798,3.4798,0.0,634435.0
Luxembourg,LINEAR,row,0.22859,3.6818,3.6818,0.0,634435.0
Luxembourg,LINEAR,row,0.24409,3.7182,3.7182,0.0,634435.0
Luxembourg,LINEAR,row,0.25222,3.7594,3.7594,0.0,634435.0
Luxembourg,LINEAR,row,0.2543,3.7594,3.7594,0.0,634435.0
Luxembourg,LINEAR,row,0.25639,3.8383,3.8383,0.0,634435.0
Luxembourg,LINEAR,row,0.26063,3.8383,3.8383,0.0,634435.0
Luxembourg,LINEAR,S1,,,3.0255,0.0,634435.0
Luxembourg,LINEAR,S2,,,3.7594,0.0,634435.0
Luxembourg,LOGISTIC,row,0.0001,0.4392,0.4392,0.0,634435.0
Luxembourg,LOGISTIC,row,0.0002,0.8388,0.8388,0.0,634435.0
Luxembourg,LOGISTIC,row,0.0005,1.6471,1.6471,0.0,634435.0
Luxembourg,LOGISTIC,row,0.001,2.5888,2.5888,0.0,634435.0
Luxembourg,LOGISTIC,row,0.01,6.2883,6.3376,261.0,634435.0
Luxembourg,LOGISTIC,row,0.02,7.0735,7.3602,1516.0,634435.0
Luxembourg,LOGISTIC,row,0.05,7.8050,8.9467,6036.0,634435.0
Luxembourg,LOGISTIC,row,0.1,7.9685,11.9094,20835.0,634435.0
Luxembourg,LOGISTIC,row,0.2,7.9956,17.3876,49655.0,634435.0
Luxembourg,LOGISTIC,row,0.5,1.9842,88.6342,458115.0,634435.0
Luxembourg,LOGISTIC,row,0.0014142,2.9662,2.9662,0.0,634435.0
Luxembourg,LOGISTIC,row,0.0014452,3.0399,3.0399,0.0,634435.0
Luxembourg,LOGISTIC,row,0.0014768,3.0888,3.0888,0.0,634435.0
Luxembourg,LOGISTIC,row,0.0015422,3.1392,3.1392,0.0,634435.0
Luxembourg,LOGISTIC,row,0.0016818,3.2182,3.2182,0.0,634435.0
Luxembourg,LOGISTIC,row,0.0018787,3.4504,3.4504,0.0,634435.0
Luxembourg,LOGISTIC,row,0.002,3.5338,3.5338,0.0,634435.0
Luxembourg,LOGISTIC,row,0.0024424,3.8105,3.8105,0.0,634435.0
Luxembourg,LOGISTIC,row,0.0026079,3.9460,3.9461,0.0,634435.0
Luxembourg,LOGISTIC,row,0.0026294,3.9460,3.9461,0.0,634435.0
Luxembourg,LOGISTIC,row,0.002651,4.0443,4.0443,0.0,634435.0
Luxembourg,LOGISTIC,row,0.0026949,4.0443,4.0443,0.0,634435.0
Luxembourg,LOGISTIC,row,0.0027847,4.0850,4.0850,0.0,634435.0
Luxembourg,LOGISTIC,row,0.0031751,4.0850,4.0850,0.0,634435.0
Luxembourg,LOGISTIC,S1,,,3.0399,0.0,634435.0
Luxembourg,LOGISTIC,S2,,,4.0443,0.0,634435.0
Netherlands,LINEAR,row,0.0001,0.0719,0.0719,0.0,17459056.0
Netherlands,LINEAR,row,0.00015,0.0719,0.0719,0.0,17459056.0
Netherlands,LINEAR,row,0.0002,0.0719,0.0719,0.0,17459056.0
Netherlands,LINEAR,row,0.0003,0.0719,0.0719,0.0,17459056.0
Netherlands,LINEAR,row,0.0005,0.0719,0.0719,0.0,17459056.0
Netherlands,LINEAR,row,0.0007,0.0719,0.0719,0.0,17459056.0
Netherlands,LINEAR,row,0.001,0.0722,0.0722,0.0,17459056.0
Netherlands,LINEAR,row,0.0015,0.0763,0.0763,0.0,17459056.0
Netherlands,LINEAR,row,0.002,0.0859,0.0859,0.0,17459056.0
Netherlands,LINEAR,row,0.003,0.1077,0.1077,0.0,17459056.0
Netherlands,LINEAR,row,0.005,0.1471,0.1471,0.0,17459056.0
Netherlands,LINEAR,row,0.007,0.1818,0.1818,0.0,17459056.0
Netherlands,LINEAR,row,0.01,0.2268,0.2268,0.0,17459056.0
Netherlands,LINEAR,row,0.015,0.2940,0.2940,0.0,17459056.0
Netherlands,LINEAR,row,0.02,0.3599,0.3599,0.0,17459056.0
Netherlands,LINEAR,row,0.03,0.4853,0.4853,0.0,17459056.0
Netherlands,LINEAR,row,0.05,0.7145,0.7145,0.0,17459056.0
Netherlands,LINEAR,row,0.07,0.9429,0.9429,0.0,17459056.0
Netherlands,LINEAR,row,0.1,1.2972,1.2972,0.0,17459056.0
Netherlands,LINEAR,row,0.15,1.8389,1.8389,0.0,17459056.0
Netherlands,LINEAR,row,0.2,2.3822,2.3822,0.0,17459056.0
Netherlands,LINEAR,row,0.3,3.1778,3.1778,0.0,17459056.0
Netherlands,LINEAR,row,0.34087,3.4598,3.4598,3.0,17459056.0
Netherlands,LINEAR,row,0.3873,3.7408,3.7410,33.0,17459056.0
Netherlands,LINEAR,row,0.7,4.9057,4.9089,459.0,17459056.0
Netherlands,LINEAR,row,1,5.6163,6.3748,110363.0,17459056.0
Netherlands,LINEAR,row,1.5,6.0586,10.5470,653028.0,17459056.0
Netherlands,LINEAR,row,0.22427,2.5825,2.5825,0.0,17459056.0
Netherlands,LINEAR,row,0.23749,2.7057,2.7057,0.0,17459056.0
Netherlands,LINEAR,row,0.24091,2.7317,2.7317,0.0,17459056.0
Netherlands,LINEAR,row,0.24264,2.7386,2.7386,0.0,17459056.0
Netherlands,LINEAR,row,0.24439,2.7512,2.7512,0.0,17459056.0
Netherlands,LINEAR,row,0.25149,2.7951,2.7951,0.0,17459056.0
Netherlands,LINEAR,row,0.31544,3.2921,3.2921,0.0,17459056.0
Netherlands,LINEAR,row,0.31623,3.2994,3.2994,3.0,17459056.0
Netherlands,LINEAR,row,0.33682,3.4361,3.4361,3.0,17459056.0
Netherlands,LINEAR,row,0.34239,3.4715,3.4715,3.0,17459056.0
Netherlands,LINEAR,row,0.34805,3.5091,3.5091,3.0,17459056.0
Netherlands,LINEAR,row,0.35965,3.5940,3.5940,3.0,17459056.0
Netherlands,LINEAR,row,0.41007,3.8506,3.8512,94.0,17459056.0
Netherlands,LINEAR,row,0.5,4.2792,4.2802,152.0,17459056.0
Netherlands,LINEAR,S1,,,2.7386,0.0,17459056.0
Netherlands,LINEAR,S2,,,3.4715,3.0,17459056.0
Netherlands,LOGISTIC,row,0.0001,0.2534,0.2534,0.0,17459056.0
Netherlands,LOGISTIC,row,0.0002,0.3980,0.3980,0.0,17459056.0
Netherlands,LOGISTIC,row,0.0005,0.7917,0.7917,0.0,17459056.0
Netherlands,LOGISTIC,row,0.001,1.4484,1.4484,0.0,17459056.0
Netherlands,LOGISTIC,row,0.002,2.5277,2.5277,0.0,17459056.0
Netherlands,LOGISTIC,row,0.003546,3.6197,3.6199,33.0,17459056.0
Netherlands,LOGISTIC,row,0.003755,3.7335,3.7346,168.0,17459056.0
Netherlands,LOGISTIC,row,0.0039764,3.8202,3.8217,225.0,17459056.0
Netherlands,LOGISTIC,row,0.01,5.3958,5.8259,62570.0,17459056.0
Netherlands,LOGISTIC,row,0.02,6.0283,11.0730,733963.0,17459056.0
Netherlands,LOGISTIC,row,0.2,7.2493,19.7194,1814309.0,17459056.0
Netherlands,LOGISTIC,row,0.5,6.1991,38.3903,4683566.0,17459056.0
Netherlands,LOGISTIC,row,0.0022427,2.7269,2.7269,0.0,17459056.0
Netherlands,LOGISTIC,row,0.002275,2.7622,2.7622,3.0,17459056.0
Netherlands,LOGISTIC,row,0.0023079,2.7851,2.7851,0.0,17459056.0
Netherlands,LOGISTIC,row,0.0023749,2.8293,2.8293,0.0,17459056.0
Netherlands,LOGISTIC,row,0.0025149,2.9664,2.9664,0.0,17459056.0
Netherlands,LOGISTIC,row,0.0029576,3.2935,3.2935,0.0,17459056.0
Netherlands,LOGISTIC,row,0.0031623,3.4316,3.4315,0.0,17459056.0
Netherlands,LOGISTIC,row,0.0033721,3.5316,3.5316,3.0,17459056.0
Netherlands,LOGISTIC,row,0.0036007,3.6408,3.6419,168.0,17459056.0
Netherlands,LOGISTIC,row,0.0037208,3.7084,3.7095,168.0,17459056.0
Netherlands,LOGISTIC,row,0.0038448,3.7650,3.7662,168.0,17459056.0
Netherlands,LOGISTIC,row,0.005,4.2555,4.2579,356.0,17459056.0
Netherlands,LOGISTIC,S1,,,2.7622,3.0,17459056.0
Netherlands,LOGISTIC,S2,,,3.7095,168.0,17459056.0
Norway,LINEAR,row,0.0001,0.7182,0.7182,0.0,5110060.0
Norway,LINEAR,row,0.00015,0.7182,0.7182,0.0,5110060.0
Norway,LINEAR,row,0.0002,0.7182,0.7182,0.0,5110060.0
Norway,LINEAR,row,0.0003,0.7182,0.7182,0.0,5110060.0
Norway,LINEAR,row,0.0005,0.7182,0.7182,0.0,5110060.0
Norway,LINEAR,row,0.0007,0.7182,0.7182,0.0,5110060.0
Norway,LINEAR,row,0.001,0.7184,0.7184,0.0,5110060.0
Norway,LINEAR,row,0.0015,0.7235,0.7235,0.0,5110060.0
Norway,LINEAR,row,0.002,0.7381,0.7381,0.0,5110060.0
Norway,LINEAR,row,0.003,0.7822,0.7822,0.0,5110060.0
Norway,LINEAR,row,0.005,0.8832,0.8832,0.0,5110060.0
Norway,LINEAR,row,0.007,0.9805,0.9805,0.0,5110060.0
Norway,LINEAR,row,0.01,1.1265,1.1265,0.0,5110060.0
Norway,LINEAR,row,0.015,1.3374,1.3374,0.0,5110060.0
Norway,LINEAR,row,0.02,1.5365,1.5365,0.0,5110060.0
Norway,LINEAR,row,0.03,1.8905,1.8905,0.0,5110060.0
Norway,LINEAR,row,0.05,2.5313,2.5313,0.0,5110060.0
Norway,LINEAR,row,0.07,3.0927,3.0927,0.0,5110060.0
Norway,LINEAR,row,0.1,3.8364,3.8363,0.0,5110060.0
Norway,LINEAR,row,0.15,4.8310,4.8309,0.0,5110060.0
Norway,LINEAR,row,0.2,5.5404,5.5406,9.0,5110060.0
Norway,LINEAR,row,0.3,6.7054,6.7064,42.0,5110060.0
Norway,LINEAR,row,0.3873,7.3590,7.3600,42.0,5110060.0
Norway,LINEAR,row,0.44006,7.6741,7.6751,42.0,5110060.0
Norway,LINEAR,row,0.46907,7.8166,7.8176,42.0,5110060.0
Norway,LINEAR,row,0.48429,7.8911,7.8921,42.0,5110060.0
Norway,LINEAR,row,0.49208,7.9579,7.9588,39.0,5110060.0
Norway,LINEAR,row,0.7,8.9808,8.9831,99.0,5110060.0
Norway,LINEAR,row,1,10.1616,10.1865,1060.0,5110060.0
Norway,LINEAR,row,1.5,11.5151,11.5924,3291.0,5110060.0
Norway,LINEAR,row,2,12.2914,12.4366,6186.0,5110060.0
Norway,LINEAR,row,3,13.5037,14.0017,21210.0,5110060.0
Norway,LINEAR,row,5,14.9606,16.0935,48244.0,5110060.0
Norway,LINEAR,row,0.22427,5.8662,5.8670,39.0,5110060.0
Norway,LINEAR,row,0.22588,5.9014,5.9023,39.0,5110060.0
Norway,LINEAR,row,0.2275,5.9326,5.9335,39.0,5110060.0
Norway,LINEAR,row,0.23079,5.9685,5.9693,39.0,5110060.0
Norway,LINEAR,row,0.23749,6.0506,6.0514,39.0,5110060.0
Norway,LINEAR,row,0.25149,6.2229,6.2238,42.0,5110060.0
Norway,LINEAR,row,0.29365,6.6125,6.6135,42.0,5110060.0
Norway,LINEAR,row,0.31623,6.8200,6.8210,42.0,5110060.0
Norway,LINEAR,row,0.38174,7.2987,7.2997,42.0,5110060.0
Norway,LINEAR,row,0.49626,7.9773,7.9782,39.0,5110060.0
Norway,LINEAR,row,0.5,7.9870,7.9879,39.0,5110060.0
Norway,LINEAR,row,0.50035,7.9870,7.9879,39.0,5110060.0
Norway,LINEAR,row,0.50447,8.0463,8.0475,48.0,5110060.0
Norway,LINEAR,row,0.51281,8.0671,8.0683,48.0,5110060.0
Norway,LINEAR,row,0.5299,8.1592,8.1604,48.0,5110060.0
Norway,LINEAR,row,0.56583,8.2916,8.2927,48.0,5110060.0
Norway,LINEAR,row,0.64514,8.7251,8.7274,99.0,5110060.0
Norway,LINEAR,S1,,,5.9023,39.0,5110060.0
Norway,LINEAR,S2,,,7.9879,39.0,5110060.0
Norway,LOGISTIC,row,0.0001,1.1612,1.1612,0.0,5110060.0
Norway,LOGISTIC,row,0.0002,1.5647,1.5647,0.0,5110060.0
Norway,LOGISTIC,row,0.0005,2.4968,2.4968,0.0,5110060.0
Norway,LOGISTIC,row,0.001,3.6769,3.6769,0.0,5110060.0
Norway,LOGISTIC,row,0.002,5.1377,5.1377,0.0,5110060.0
Norway,LOGISTIC,row,0.0070711,8.0603,8.0835,992.0,5110060.0
Norway,LOGISTIC,row,0.008409,8.4276,8.4570,1250.0,5110060.0
Norway,LOGISTIC,row,0.01,8.8827,8.9509,2904.0,5110060.0
Norway,LOGISTIC,row,0.02,11.0144,11.2925,11845.0,5110060.0
Norway,LOGISTIC,row,0.05,13.9851,15.9175,82289.0,5110060.0
Norway,LOGISTIC,row,0.1,13.8297,23.9749,432018.0,5110060.0
Norway,LOGISTIC,row,0.2,10.6646,38.0014,1164107.0,5110060.0
Norway,LOGISTIC,row,0.5,5.2870,70.3429,2770330.0,5110060.0
Norway,LOGISTIC,row,0.0025149,5.6534,5.6543,39.0,5110060.0
Norway,LOGISTIC,row,0.0028201,5.9262,5.9270,39.0,5110060.0
Norway,LOGISTIC,row,0.0029863,5.9978,5.9987,39.0,5110060.0
Norway,LOGISTIC,row,0.0030077,6.0149,6.0157,39.0,5110060.0
Norway,LOGISTIC,row,0.0030293,6.0396,6.0405,39.0,5110060.0
Norway,LOGISTIC,row,0.003073,6.0736,6.0745,39.0,5110060.0
Norway,LOGISTIC,row,0.0031623,6.1493,6.1502,39.0,5110060.0
Norway,LOGISTIC,row,0.00391,6.5625,6.5634,39.0,5110060.0
Norway,LOGISTIC,row,0.005,7.1266,7.1275,42.0,5110060.0
Norway,LOGISTIC,row,0.005083,7.1742,7.1752,42.0,5110060.0
Norway,LOGISTIC,row,0.006608,7.8698,7.8923,959.0,5110060.0
Norway,LOGISTIC,row,0.0075342,8.2062,8.2304,1031.0,5110060.0
Norway,LOGISTIC,row,0.008045,8.2987,8.3229,1031.0,5110060.0
Norway,LOGISTIC,row,0.0083132,8.3512,8.3773,1109.0,5110060.0
Norway,LOGISTIC,row,0.0084506,8.4452,8.4746,1250.0,5110060.0
Norway,LOGISTIC,row,0.0085904,8.4646,8.4939,1250.0,5110060.0
Norway,LOGISTIC,S1,,,6.0157,39.0,5110060.0
Norway,LOGISTIC,S2,,,8.4746,1250.0,5110060.0
PL2,LINEAR,row,0.0001,0.0703,0.1555,0.0,7638172.0
PL2,LINEAR,row,0.0002,0.0703,0.1555,0.0,7638172.0
PL2,LINEAR,row,0.0005,0.0703,0.1556,0.0,7638172.0
PL2,LINEAR,row,0.001,0.0710,0.1565,0.0,7638172.0
PL2,LINEAR,row,0.002,0.0976,0.1928,0.0,7638172.0
PL2,LINEAR,row,0.005,0.2791,0.4199,0.0,7638172.0
PL2,LINEAR,row,0.01,0.5715,0.7353,0.0,7638172.0
PL2,LINEAR,row,0.02,1.0136,1.1787,0.0,7638172.0
PL2,LINEAR,row,0.05,1.8352,2.0065,0.0,7638172.0
PL2,LINEAR,row,0.1,2.5933,2.7735,0.0,7638172.0
PL2,LINEAR,row,0.14142,3.0841,3.2693,0.0,7638172.0
PL2,LINEAR,row,0.15422,3.2032,3.3911,0.0,7638172.0
PL2,LINEAR,row,0.16818,3.3254,3.5096,0.0,7638172.0
PL2,LINEAR,row,0.2,3.5906,3.7738,0.0,7638172.0
PL2,LINEAR,row,0.5,5.2916,5.6273,10424.0,7638172.0
PL2,LINEAR,row,5,6.2590,19.3322,824073.0,7638172.0
PL2,LINEAR,row,0.070711,2.1790,2.1790,0.0,7638172.0
PL2,LINEAR,row,0.08409,2.3843,2.3843,0.0,7638172.0
PL2,LINEAR,row,0.0917,2.4891,2.4891,0.0,7638172.0
PL2,LINEAR,row,0.093708,2.5256,2.5256,0.0,7638172.0
PL2,LINEAR,row,0.094729,2.5404,2.5404,0.0,7638172.0
PL2,LINEAR,row,0.09576,2.5517,2.5517,0.0,7638172.0
PL2,LINEAR,row,0.12315,2.8786,2.8786,0.0,7638172.0
PL2,LINEAR,row,0.14041,3.0781,3.0781,0.0,7638172.0
PL2,LINEAR,row,0.14993,3.1632,3.1632,0.0,7638172.0
PL2,LINEAR,row,0.15493,3.2049,3.2049,0.0,7638172.0
PL2,LINEAR,row,0.16009,3.2669,3.2669,0.0,7638172.0
PL2,LINEAR,S1,,,2.5404,0.0,7638172.0
PL2,LINEAR,S2,,,3.2049,0.0,7638172.0
PL2,LOGISTIC,row,0.0001,0.6592,0.8215,0.0,7638172.0
PL2,LOGISTIC,row,0.0002,1.1189,1.2686,0.0,7638172.0
PL2,LOGISTIC,row,0.0005,1.9018,2.0666,0.0,7638172.0
PL2,LOGISTIC,row,0.0014142,3.0746,3.2538,0.0,7638172.0
PL2,LOGISTIC,row,0.0016818,3.2881,3.4643,0.0,7638172.0
PL2,LOGISTIC,row,0.002,3.5970,3.7672,0.0,7638172.0
PL2,LOGISTIC,row,0.005,5.1468,5.7596,28230.0,7638172.0
PL2,LOGISTIC,row,0.1,6.3503,20.0872,866375.0,7638172.0
PL2,LOGISTIC,row,0.2,4.9930,39.2970,2181344.0,7638172.0
PL2,LOGISTIC,row,0.5,0.7460,104.1882,6585237.0,7638172.0
PL2,LOGISTIC,row,0.00070711,2.2379,2.2379,0.0,7638172.0
PL2,LOGISTIC,row,0.0008409,2.4368,2.4368,0.0,7638172.0
PL2,LOGISTIC,row,0.000917,2.5354,2.5354,0.0,7638172.0
PL2,LOGISTIC,row,0.00093708,2.5542,2.5542,0.0,7638172.0
PL2,LOGISTIC,row,0.0009576,2.5747,2.5747,0.0,7638172.0
PL2,LOGISTIC,row,0.001,2.6256,2.6256,0.0,7638172.0
PL2,LOGISTIC,row,0.0012182,2.8679,2.8679,0.0,7638172.0
PL2,LOGISTIC,row,0.0015837,3.2139,3.2139,0.0,7638172.0
PL2,LOGISTIC,row,0.001691,3.2976,3.2976,0.0,7638172.0
PL2,LOGISTIC,row,0.001719,3.3406,3.3405,0.0,7638172.0
PL2,LOGISTIC,row,0.0017474,3.3820,3.3820,0.0,7638172.0
PL2,LOGISTIC,row,0.0018057,3.4310,3.4310,0.0,7638172.0
PL2,LOGISTIC,row,0.0020588,3.6314,3.6314,0.0,7638172.0
PL2,LOGISTIC,S1,,,2.5542,0.0,7638172.0
PL2,LOGISTIC,S2,,,3.3405,0.0,7638172.0
PL4,LINEAR,row,0.0001,0.2172,1.4090,0.0,6029035.0
PL4,LINEAR,row,0.0002,0.2172,1.4090,0.0,6029035.0
PL4,LINEAR,row,0.0005,0.2172,1.4104,0.0,6029035.0
PL4,LINEAR,row,0.001,0.2186,1.4142,0.0,6029035.0
PL4,LINEAR,row,0.002,0.2654,1.5367,0.0,6029035.0
PL4,LINEAR,row,0.005,0.5103,2.0935,0.0,6029035.0
PL4,LINEAR,row,0.01,0.8268,2.6859,0.0,6029035.0
PL4,LINEAR,row,0.02,1.2887,3.4529,0.0,6029035.0
PL4,LINEAR,row,0.05,2.1506,4.7113,0.0,6029035.0
PL4,LINEAR,row,0.1,3.0052,5.7855,0.0,6029035.0
PL4,LINEAR,row,0.2,4.0934,6.9442,0.0,6029035.0
PL4,LINEAR,row,0.5,5.7883,8.9302,22186.0,6029035.0
PL4,LINEAR,row,0.070711,2.5650,2.5650,0.0,6029035.0
PL4,LINEAR,row,0.08409,2.7630,2.7630,0.0,6029035.0
PL4,LINEAR,row,0.0917,2.8693,2.8693,0.0,6029035.0
PL4,LINEAR,row,0.09576,2.9344,2.9344,0.0,6029035.0
PL4,LINEAR,row,0.097857,2.9601,2.9601,0.0,6029035.0
PL4,LINEAR,row,0.098923,2.9797,2.9797,0.0,6029035.0
PL4,LINEAR,row,0.1286,3.3810,3.3810,0.0,6029035.0
PL4,LINEAR,row,0.14663,3.5645,3.5645,0.0,6029035.0
PL4,LINEAR,row,0.16718,3.7972,3.7972,0.0,6029035.0
PL4,LINEAR,S1,,,2.9797,0.0,6029035.0
PL4,LINEAR,S2,,,3.5645,0.0,6029035.0
PL4,LOGISTIC,row,0.0001,0.8978,2.7729,0.0,6029035.0
PL4,LOGISTIC,row,0.0002,1.3506,3.5313,0.0,6029035.0
PL4,LOGISTIC,row,0.0005,2.1576,4.6086,0.0,6029035.0
PL4,LOGISTIC,row,0.001,2.9436,5.5881,0.0,6029035.0
PL4,LOGISTIC,row,0.0016818,3.7097,6.4926,0.0,6029035.0
PL4,LOGISTIC,row,0.001834,3.8507,6.6073,0.0,6029035.0
PL4,LOGISTIC,row,0.0019152,3.9026,6.6604,0.0,6029035.0
PL4,LOGISTIC,row,0.005,5.4617,8.1073,6713.0,6029035.0
PL4,LOGISTIC,row,0.01,6.2981,11.7904,154194.0,6029035.0
PL4,LOGISTIC,row,0.1,7.5614,24.9583,789538.0,6029035.0
PL4,LOGISTIC,row,0.2,6.2401,51.0114,2214230.0,6029035.0
PL4,LOGISTIC,row,0.5,1.0086,107.9574,5376034.0,6029035.0
PL4,LOGISTIC,row,0.0010219,2.9882,2.9883,0.0,6029035.0
PL4,LOGISTIC,row,0.001033,2.9985,2.9986,0.0,6029035.0
PL4,LOGISTIC,row,0.0010386,3.0109,3.0110,0.0,6029035.0
PL4,LOGISTIC,row,0.0010443,3.0160,3.0160,0.0,6029035.0
PL4,LOGISTIC,row,0.0010905,3.0628,3.0628,0.0,6029035.0
PL4,LOGISTIC,row,0.0011892,3.2002,3.2002,0.0,6029035.0
PL4,LOGISTIC,row,0.0013502,3.3619,3.3619,0.0,6029035.0
PL4,LOGISTIC,row,0.0014142,3.4227,3.4227,0.0,6029035.0
PL4,LOGISTIC,row,0.0017553,3.7850,3.7850,0.0,6029035.0
PL4,LOGISTIC,row,0.0017697,3.7985,3.7984,0.0,6029035.0
PL4,LOGISTIC,row,0.0017843,3.8231,3.8230,0.0,6029035.0
PL4,LOGISTIC,row,0.0018138,3.8452,3.8452,0.0,6029035.0
PL4,LOGISTIC,row,0.0018743,3.8900,3.8900,0.0,6029035.0
PL4,LOGISTIC,row,0.002,3.9864,3.9864,0.0,6029035.0
PL4,LOGISTIC,row,0.0020013,3.9864,3.9864,0.0,6029035.0
PL4,LOGISTIC,row,0.0022819,4.2012,4.2012,0.0,6029035.0
PL4,LOGISTIC,S1,,,3.0110,0.0,6029035.0
PL4,LOGISTIC,S2,,,3.7984,0.0,6029035.0
PL5,LINEAR,row,0.0001,0.1239,0.7043,0.0,3742454.0
PL5,LINEAR,row,0.0002,0.1239,0.7043,0.0,3742454.0
PL5,LINEAR,row,0.0005,0.1240,0.7047,0.0,3742454.0
PL5,LINEAR,row,0.001,0.1252,0.7070,0.0,3742454.0
PL5,LINEAR,row,0.002,0.1625,0.7965,0.0,3742454.0
PL5,LINEAR,row,0.005,0.3773,1.2245,0.0,3742454.0
PL5,LINEAR,row,0.01,0.6836,1.7047,0.0,3742454.0
PL5,LINEAR,row,0.02,1.1162,2.2943,0.0,3742454.0
PL5,LINEAR,row,0.05,1.9126,3.3038,0.0,3742454.0
PL5,LINEAR,row,0.1,2.7242,4.1559,12.0,3742454.0
PL5,LINEAR,row,0.15422,3.3833,4.8408,12.0,3742454.0
PL5,LINEAR,row,0.1559,3.4080,4.8670,12.0,3742454.0
PL5,LINEAR,row,0.1576,3.4333,4.8953,12.0,3742454.0
PL5,LINEAR,row,0.16105,3.4672,4.9402,12.0,3742454.0
PL5,LINEAR,row,0.16818,3.5199,4.9795,12.0,3742454.0
PL5,LINEAR,row,0.5,5.4844,7.1073,5567.0,3742454.0
PL5,LINEAR,row,1,6.3628,9.6496,57576.0,3742454.0
PL5,LINEAR,row,2,6.9573,12.7286,138110.0,3742454.0
PL5,LINEAR,row,5,7.3317,16.1361,243347.0,3742454.0
PL5,LINEAR,row,0.10443,2.7907,2.7911,12.0,3742454.0
PL5,LINEAR,row,0.10905,2.8452,2.8455,12.0,3742454.0
PL5,LINEAR,row,0.11892,2.9765,2.9769,12.0,3742454.0
PL5,LINEAR,row,0.13576,3.1739,3.1743,12.0,3742454.0
PL5,LINEAR,row,0.14142,3.2000,3.2004,12.0,3742454.0
PL5,LINEAR,row,0.15479,3.3941,3.3945,12.0,3742454.0
PL5,LINEAR,row,0.15606,3.4066,3.4070,12.0,3742454.0
PL5,LINEAR,row,0.15734,3.4276,3.4280,12.0,3742454.0
PL5,LINEAR,row,0.15995,3.4572,3.4576,12.0,3742454.0
PL5,LINEAR,row,0.16528,3.5007,3.5011,12.0,3742454.0
PL5,LINEAR,row,0.17648,3.5968,3.5972,12.0,3742454.0
PL5,LINEAR,row,0.2,3.7585,3.7589,12.0,3742454.0
PL5,LINEAR,S1,,,2.7911,12.0,3742454.0
PL5,LINEAR,S2,,,3.4070,12.0,3742454.0
PL5,LOGISTIC,row,0.0001,0.7562,1.7868,0.0,3742454.0
PL5,LOGISTIC,row,0.0002,1.1944,2.3681,0.0,3742454.0
PL5,LOGISTIC,row,0.0005,1.9733,3.2866,0.0,3742454.0
PL5,LOGISTIC,row,0.001,2.7474,4.1375,12.0,3742454.0
PL5,LOGISTIC,row,0.0016818,3.4244,4.7838,12.0,3742454.0
PL5,LOGISTIC,row,0.001834,3.5384,4.8810,12.0,3742454.0
PL5,LOGISTIC,row,0.0019152,3.6418,4.9611,12.0,3742454.0
PL5,LOGISTIC,row,0.005,5.2520,6.6078,507.0,3742454.0
PL5,LOGISTIC,row,0.01,6.0474,9.1265,55227.0,3742454.0
PL5,LOGISTIC,row,0.02,6.6257,12.0940,130319.0,3742454.0
PL5,LOGISTIC,row,0.05,7.2604,15.3749,219628.0,3742454.0
PL5,LOGISTIC,row,0.1,7.4651,19.5494,353817.0,3742454.0
PL5,LOGISTIC,row,0.2,6.0665,41.1950,1082100.0,3742454.0
PL5,LOGISTIC,row,0.5,0.8430,104.8975,3246352.0,3742454.0
PL5,LOGISTIC,row,0.0010443,2.7977,2.7981,12.0,3742454.0
PL5,LOGISTIC,row,0.0010556,2.8028,2.8032,12.0,3742454.0
PL5,LOGISTIC,row,0.0010614,2.8080,2.8083,12.0,3742454.0
PL5,LOGISTIC,row,0.0010671,2.8191,2.8195,12.0,3742454.0
PL5,LOGISTIC,row,0.0010905,2.8338,2.8342,12.0,3742454.0
PL5,LOGISTIC,row,0.0011892,2.9378,2.9382,12.0,3742454.0
PL5,LOGISTIC,row,0.0013798,3.1425,3.1429,12.0,3742454.0
PL5,LOGISTIC,row,0.0014142,3.1908,3.1912,12.0,3742454.0
PL5,LOGISTIC,row,0.0017937,3.4924,3.4927,12.0,3742454.0
PL5,LOGISTIC,row,0.0018535,3.5785,3.5789,12.0,3742454.0
PL5,LOGISTIC,row,0.0018842,3.5994,3.5998,12.0,3742454.0
PL5,LOGISTIC,row,0.0019153,3.6404,3.6408,12.0,3742454.0
PL5,LOGISTIC,row,0.002,3.6948,3.6952,12.0,3742454.0
PL5,LOGISTIC,row,0.0020452,3.7662,3.7666,12.0,3742454.0
PL5,LOGISTIC,row,0.0023318,3.9807,3.9811,12.0,3742454.0
PL5,LOGISTIC,S1,,,2.8083,12.0,3742454.0
PL5,LOGISTIC,S2,,,3.5998,12.0,3742454.0
PL6,LINEAR,row,0.0001,0.3212,1.8030,0.0,5579189.0
PL6,LINEAR,row,0.0002,0.3213,1.8031,0.0,5579189.0
PL6,LINEAR,row,0.0005,0.3213,1.8032,0.0,5579189.0
PL6,LINEAR,row,0.001,0.3225,1.8068,0.0,5579189.0
PL6,LINEAR,row,0.002,0.3660,1.9371,0.0,5579189.0
PL6,LINEAR,row,0.005,0.6022,2.5115,0.0,5579189.0
PL6,LINEAR,row,0.01,0.9131,3.1531,0.0,5579189.0
PL6,LINEAR,row,0.02,1.3382,3.9414,0.0,5579189.0
PL6,LINEAR,row,0.05,2.1170,5.2255,0.0,5579189.0
PL6,LINEAR,row,0.1,2.9245,6.3775,0.0,5579189.0
PL6,LINEAR,row,0.5,5.9232,9.6463,14638.0,5579189.0
PL6,LINEAR,row,1,7.0770,12.5354,104805.0,5579189.0
PL6,LINEAR,row,0.10905,3.0442,3.0442,0.0,5579189.0
PL6,LINEAR,row,0.11144,3.0778,3.0778,0.0,5579189.0
PL6,LINEAR,row,0.11265,3.0878,3.0878,0.0,5579189.0
PL6,LINEAR,row,0.11388,3.1120,3.1120,0.0,5579189.0
PL6,LINEAR,row,0.11892,3.1662,3.1662,0.0,5579189.0
PL6,LINEAR,row,0.14142,3.4196,3.4196,0.0,5579189.0
PL6,LINEAR,row,0.14645,3.4635,3.4635,0.0,5579189.0
PL6,LINEAR,row,0.16698,3.6428,3.6428,0.0,5579189.0
PL6,LINEAR,row,0.1783,3.7649,3.7649,0.0,5579189.0
PL6,LINEAR,row,0.17976,3.7838,3.7838,0.0,5579189.0
PL6,LINEAR,row,0.18124,3.8098,3.8098,0.0,5579189.0
PL6,LINEAR,row,0.18424,3.8422,3.8422,0.0,5579189.0
PL6,LINEAR,row,0.19038,3.9025,3.9025,0.0,5579189.0
PL6,LINEAR,row,0.2,3.9900,3.9900,0.0,5579189.0
PL6,LINEAR,S1,,,3.0878,0.0,5579189.0
PL6,LINEAR,S2,,,3.7838,0.0,5579189.0
PL6,LOGISTIC,row,0.0001,0.9634,3.2267,0.0,5579189.0
PL6,LOGISTIC,row,0.0002,1.3793,3.9468,0.0,5579189.0
PL6,LOGISTIC,row,0.0005,2.1021,5.0396,0.0,5579189.0
PL6,LOGISTIC,row,0.001,2.8785,6.1554,0.0,5579189.0
PL6,LOGISTIC,row,0.0022427,4.0537,7.4005,0.0,5579189.0
PL6,LOGISTIC,row,0.0025149,4.2889,7.5749,0.0,5579189.0
PL6,LOGISTIC,row,0.0031623,4.7182,7.9248,208.0,5579189.0
PL6,LOGISTIC,row,0.005,5.5219,8.9052,9518.0,5579189.0
PL6,LOGISTIC,row,0.01,6.5477,10.7555,50772.0,5579189.0
PL6,LOGISTIC,row,0.1,8.2267,22.8141,585934.0,5579189.0
PL6,LOGISTIC,row,0.2,6.8422,48.2066,1882351.0,5579189.0
PL6,LOGISTIC,row,0.5,1.4870,103.5492,4748198.0,5579189.0
PL6,LOGISTIC,row,0.0011892,3.0987,3.0987,0.0,5579189.0
PL6,LOGISTIC,row,0.0012152,3.1216,3.1216,0.0,5579189.0
PL6,LOGISTIC,row,0.0012419,3.1457,3.1457,0.0,5579189.0
PL6,LOGISTIC,row,0.0012968,3.1936,3.1936,0.0,5579189.0
PL6,LOGISTIC,row,0.0014142,3.2983,3.2983,0.0,5579189.0
PL6,LOGISTIC,row,0.0015798,3.4414,3.4414,0.0,5579189.0
PL6,LOGISTIC,row,0.002,3.8404,3.8404,0.0,5579189.0
PL6,LOGISTIC,row,0.0020538,3.8894,3.8895,0.0,5579189.0
PL6,LOGISTIC,row,0.002193,4.0116,4.0116,0.0,5579189.0
PL6,LOGISTIC,row,0.0023417,4.1354,4.1354,0.0,5579189.0
PL6,LOGISTIC,row,0.0026699,4.4079,4.4088,41.0,5579189.0
PL6,LOGISTIC,S1,,,3.1216,0.0,5579189.0
PL6,LOGISTIC,S2,,,4.0116,0.0,5579189.0
PL7,LINEAR,row,0.0001,0.2616,0.2616,0.0,3535873.0
PL7,LINEAR,row,0.0002,0.2616,0.2616,0.0,3535873.0
PL7,LINEAR,row,0.0005,0.2616,0.2616,0.0,3535873.0
PL7,LINEAR,row,0.001,0.2636,0.2636,0.0,3535873.0
PL7,LINEAR,row,0.002,0.3357,0.3357,0.0,3535873.0
PL7,LINEAR,row,0.005,0.7121,0.7121,0.0,3535873.0
PL7,LINEAR,row,0.01,1.1415,1.1415,0.0,3535873.0
PL7,LINEAR,row,0.02,1.6451,1.6451,0.0,3535873.0
PL7,LINEAR,row,0.05,2.4445,2.4445,0.0,3535873.0
PL7,LINEAR,row,0.1,3.2467,3.2467,0.0,3535873.0
PL7,LINEAR,row,0.5,6.0413,6.3157,8084.0,3535873.0
PL7,LINEAR,row,5,7.3877,18.1843,318129.0,3535873.0
PL7,LINEAR,row,0.10054,3.2554,3.2554,0.0,3535873.0
PL7,LINEAR,row,0.10109,3.2612,3.2612,0.0,3535873.0
PL7,LINEAR,row,0.10219,3.2754,3.2754,0.0,3535873.0
PL7,LINEAR,row,0.10443,3.3011,3.3011,0.0,3535873.0
PL7,LINEAR,row,0.10905,3.3490,3.3490,0.0,3535873.0
PL7,LINEAR,row,0.11892,3.4523,3.4523,0.0,3535873.0
PL7,LINEAR,row,0.13,3.5997,3.5997,0.0,3535873.0
PL7,LINEAR,row,0.14142,3.7197,3.7197,0.0,3535873.0
PL7,LINEAR,row,0.14822,3.8029,3.8029,0.0,3535873.0
PL7,LINEAR,row,0.15067,3.8368,3.8368,0.0,3535873.0
PL7,LINEAR,row,0.15316,3.8586,3.8586,0.0,3535873.0
PL7,LINEAR,row,0.15827,3.9031,3.9031,0.0,3535873.0
PL7,LINEAR,row,0.169,3.9762,3.9762,0.0,3535873.0
PL7,LINEAR,row,0.2,4.2756,4.2756,0.0,3535873.0
PL7,LINEAR,S1,,,3.2554,0.0,3535873.0
PL7,LINEAR,S2,,,3.8368,0.0,3535873.0
PL7,LOGISTIC,row,0.0001,1.2180,1.2180,0.0,3535873.0
PL7,LOGISTIC,row,0.0002,1.6942,1.6942,0.0,3535873.0
PL7,LOGISTIC,row,0.0005,2.4376,2.4376,0.0,3535873.0
PL7,LOGISTIC,row,0.001,3.1958,3.1958,0.0,3535873.0
PL7,LOGISTIC,row,0.0016818,3.9103,3.9117,40.0,3535873.0
PL7,LOGISTIC,row,0.001834,4.0115,4.0115,0.0,3535873.0
PL7,LOGISTIC,row,0.005,5.7114,5.7328,632.0,3535873.0
PL7,LOGISTIC,row,0.1,7.3985,18.9001,338902.0,3535873.0
PL7,LOGISTIC,row,0.2,5.4385,40.3082,1027458.0,3535873.0
PL7,LOGISTIC,row,0.5,0.3817,112.0391,3290054.0,3535873.0
PL7,LOGISTIC,row,0.0010443,3.2466,3.2466,0.0,3535873.0
PL7,LOGISTIC,row,0.0010556,3.2629,3.2629,0.0,3535873.0
PL7,LOGISTIC,row,0.0010671,3.2752,3.2752,0.0,3535873.0
PL7,LOGISTIC,row,0.0010905,3.2924,3.2924,0.0,3535873.0
PL7,LOGISTIC,row,0.0011892,3.3844,3.3844,0.0,3535873.0
PL7,LOGISTIC,row,0.0013723,3.5907,3.5907,0.0,3535873.0
PL7,LOGISTIC,row,0.0014142,3.6347,3.6347,0.0,3535873.0
PL7,LOGISTIC,row,0.001784,3.9961,3.9961,0.0,3535873.0
PL7,LOGISTIC,row,0.001905,4.0478,4.0492,40.0,3535873.0
PL7,LOGISTIC,row,0.002,4.1172,4.1185,40.0,3535873.0
PL7,LOGISTIC,row,0.0020341,4.1419,4.1432,40.0,3535873.0
PL7,LOGISTIC,row,0.0023193,4.3006,4.3006,0.0,3535873.0
PL7,LOGISTIC,S1,,,3.2629,0.0,3535873.0
PL7,LOGISTIC,S2,,,4.0492,40.0,3535873.0
PL8,LINEAR,row,0.0002,0.3324,0.3324,0.0,5057024.0
PL8,LINEAR,row,0.0005,0.3325,0.3325,0.0,5057024.0
PL8,LINEAR,row,0.001,0.3342,0.3342,0.0,5057024.0
PL8,LINEAR,row,0.002,0.3984,0.3984,0.0,5057024.0
PL8,LINEAR,row,0.005,0.7546,0.7546,0.0,5057024.0
PL8,LINEAR,row,0.01,1.2262,5.5239,131050.0,5057024.0
PL8,LINEAR,row,0.02,1.8274,1.8273,0.0,5057024.0
PL8,LINEAR,row,0.05,2.7935,2.7935,0.0,5057024.0
PL8,LINEAR,row,0.5,6.8186,6.9846,6996.0,5057024.0
PL8,LINEAR,row,0.10219,3.7330,3.7331,0.0,5057024.0
PL8,LINEAR,row,0.10443,3.7694,3.7694,0.0,5057024.0
PL8,LINEAR,row,0.10905,3.8269,3.8270,0.0,5057024.0
PL8,LINEAR,row,0.11892,3.9607,3.9608,0.0,5057024.0
PL8,LINEAR,row,0.13285,4.1435,4.1435,0.0,5057024.0
PL8,LINEAR,row,0.14142,4.2494,4.2494,0.0,5057024.0
PL8,LINEAR,row,0.15147,4.3679,4.3680,0.0,5057024.0
PL8,LINEAR,row,0.16174,4.5249,4.5249,0.0,5057024.0
PL8,LINEAR,row,0.16441,4.5344,4.5344,0.0,5057024.0
PL8,LINEAR,row,0.16713,4.5573,4.5573,0.0,5057024.0
PL8,LINEAR,row,0.1727,4.6112,4.6112,0.0,5057024.0
PL8,LINEAR,row,0.2,4.8743,4.8743,0.0,5057024.0
PL8,LINEAR,S1,,,3.7331,0.0,5057024.0
PL8,LINEAR,S2,,,4.5344,0.0,5057024.0
PL8,LOGISTIC,row,0.0001,1.3141,1.3141,0.0,5057024.0
PL8,LOGISTIC,row,0.0002,1.8981,1.8981,0.0,5057024.0
PL8,LOGISTIC,row,0.0005,2.7792,2.7791,0.0,5057024.0
PL8,LOGISTIC,row,0.001,3.6029,3.6029,0.0,5057024.0
PL8,LOGISTIC,row,0.0021179,4.7697,4.7697,0.0,5057024.0
PL8,LOGISTIC,row,0.0022427,4.8621,4.8621,0.0,5057024.0
PL8,LOGISTIC,row,0.0025149,5.0143,5.0143,0.0,5057024.0
PL8,LOGISTIC,row,0.0031623,5.4060,5.4081,92.0,5057024.0
PL8,LOGISTIC,row,0.005,6.4059,6.5243,4988.0,5057024.0
PL8,LOGISTIC,row,0.1,8.1699,20.4282,516589.0,5057024.0
PL8,LOGISTIC,row,0.2,5.8276,43.9544,1606737.0,5057024.0
PL8,LOGISTIC,row,0.5,1.0714,102.3302,4267238.0,5057024.0
PL8,LOGISTIC,row,0.0010905,3.7030,3.7030,0.0,5057024.0
PL8,LOGISTIC,row,0.0011388,3.7669,3.7669,0.0,5057024.0
PL8,LOGISTIC,row,0.0011892,3.8275,3.8275,0.0,5057024.0
PL8,LOGISTIC,row,0.0014142,4.0834,4.0834,0.0,5057024.0
PL8,LOGISTIC,row,0.0014804,4.1790,4.1790,0.0,5057024.0
PL8,LOGISTIC,row,0.0019246,4.6135,4.6135,0.0,5057024.0
PL8,LOGISTIC,row,0.002,4.6713,4.6713,0.0,5057024.0
PL8,LOGISTIC,row,0.002055,4.7109,4.7109,0.0,5057024.0
PL8,LOGISTIC,row,0.0021235,4.7788,4.7789,0.0,5057024.0
PL8,LOGISTIC,row,0.0021943,4.8220,4.8220,0.0,5057024.0
PL8,LOGISTIC,row,0.0025019,4.9989,4.9989,0.0,5057024.0
PL8,LOGISTIC,S1,,,3.7669,0.0,5057024.0
PL8,LOGISTIC,S2,,,4.7789,0.0,5057024.0
PL9,LINEAR,row,0.0001,0.2220,0.2220,0.0,5482002.0
PL9,LINEAR,row,0.0002,0.2220,0.2220,0.0,5482002.0
PL9,LINEAR,row,0.0005,0.2220,0.2220,0.0,5482002.0
PL9,LINEAR,row,0.001,0.2233,0.2233,0.0,5482002.0
PL9,LINEAR,row,0.002,0.2731,0.2731,0.0,5482002.0
PL9,LINEAR,row,0.005,0.5131,0.5131,0.0,5482002.0
PL9,LINEAR,row,0.01,0.7993,0.7993,0.0,5482002.0
PL9,LINEAR,row,0.02,1.1633,1.1633,0.0,5482002.0
PL9,LINEAR,row,0.05,1.8242,1.8242,0.0,5482002.0
PL9,LINEAR,row,0.1,2.4965,2.4965,0.0,5482002.0
PL9,LINEAR,row,0.5,5.1557,5.3922,10802.0,5482002.0
PL9,LINEAR,row,5,6.7714,15.2449,387096.0,5482002.0
PL9,LINEAR,row,0.10443,2.5449,2.5449,0.0,5482002.0
PL9,LINEAR,row,0.10671,2.5734,2.5734,0.0,5482002.0
PL9,LINEAR,row,0.10788,2.5966,2.5966,0.0,5482002.0
PL9,LINEAR,row,0.10846,2.5985,2.5985,0.0,5482002.0
PL9,LINEAR,row,0.10905,2.6166,2.6166,0.0,5482002.0
PL9,LINEAR,row,0.11892,2.7312,2.7312,0.0,5482002.0
PL9,LINEAR,row,0.141,2.9484,2.9484,0.0,5482002.0
PL9,LINEAR,row,0.14142,2.9484,2.9484,0.0,5482002.0
PL9,LINEAR,row,0.16077,3.1361,3.1361,0.0,5482002.0
PL9,LINEAR,row,0.16612,3.1691,3.1690,0.0,5482002.0
PL9,LINEAR,row,0.16887,3.1904,3.1904,0.0,5482002.0
PL9,LINEAR,row,0.17166,3.2124,3.2124,0.0,5482002.0
PL9,LINEAR,row,0.1833,3.3014,3.3014,0.0,5482002.0
PL9,LINEAR,row,0.2,3.4506,3.4506,0.0,5482002.0
PL9,LINEAR,S1,,,2.5985,0.0,5482002.0
PL9,LINEAR,S2,,,3.1904,0.0,5482002.0
PL9,LOGISTIC,row,0.0001,0.8525,0.8525,0.0,5482002.0
PL9,LOGISTIC,row,0.0002,1.2008,1.2008,0.0,5482002.0
PL9,LOGISTIC,row,0.0005,1.8462,1.8462,0.0,5482002.0
PL9,LOGISTIC,row,0.001,2.5055,2.5055,0.0,5482002.0
PL9,LOGISTIC,row,0.0016818,3.1345,3.1345,0.0,5482002.0
PL9,LOGISTIC,row,0.001834,3.2634,3.2634,0.0,5482002.0
PL9,LOGISTIC,row,0.0019152,3.3244,3.3244,0.0,5482002.0
PL9,LOGISTIC,row,0.005,4.9808,5.1260,6631.0,5482002.0
PL9,LOGISTIC,row,0.1,6.4788,18.4464,546719.0,5482002.0
PL9,LOGISTIC,row,0.2,5.1745,36.0217,1409205.0,5482002.0
PL9,LOGISTIC,row,0.5,1.3857,89.0061,4002793.0,5482002.0
PL9,LOGISTIC,row,0.0010905,2.5966,2.5966,0.0,5482002.0
PL9,LOGISTIC,row,0.0011144,2.6185,2.6185,0.0,5482002.0
PL9,LOGISTIC,row,0.0011204,2.6287,2.6287,0.0,5482002.0
PL9,LOGISTIC,row,0.0011265,2.6332,2.6332,0.0,5482002.0
PL9,LOGISTIC,row,0.0011388,2.6505,2.6505,0.0,5482002.0
PL9,LOGISTIC,row,0.0011892,2.6937,2.6937,0.0,5482002.0
PL9,LOGISTIC,row,0.0014142,2.9171,2.9172,0.0,5482002.0
PL9,LOGISTIC,row,0.0014487,2.9343,2.9343,0.0,5482002.0
PL9,LOGISTIC,row,0.0018833,3.2940,3.2940,0.0,5482002.0
PL9,LOGISTIC,row,0.002,3.3800,3.3800,0.0,5482002.0
PL9,LOGISTIC,row,0.002011,3.3838,3.3838,0.0,5482002.0
PL9,LOGISTIC,row,0.0021473,3.5119,3.5119,0.0,5482002.0
PL9,LOGISTIC,row,0.0024483,3.6997,3.6997,0.0,5482002.0
PL9,LOGISTIC,S1,,,2.6185,0.0,5482002.0
PL9,LOGISTIC,S2,,,3.3800,0.0,5482002.0
Poland,LINEAR,row,0.0001,0.2127,0.2127,0.0,37067330.0
Poland,LINEAR,row,0.0002,0.2127,0.2127,0.0,37067330.0
Poland,LINEAR,row,0.0005,0.2127,0.2127,0.0,37067330.0
Poland,LINEAR,row,0.001,0.2140,0.2140,0.0,37067330.0
Poland,LINEAR,row,0.002,0.2605,0.2605,0.0,37067330.0
Poland,LINEAR,row,0.005,0.5154,0.5154,0.0,37067330.0
Poland,LINEAR,row,0.01,0.8524,0.8524,0.0,37067330.0
Poland,LINEAR,row,0.02,1.3095,1.3094,0.0,37067330.0
Poland,LINEAR,row,0.05,2.1203,2.1203,0.0,37067330.0
Poland,LINEAR,row,0.1,2.9182,2.9182,0.0,37067330.0
Poland,LINEAR,row,0.14142,3.4136,3.4136,29.0,37067330.0
Poland,LINEAR,row,0.15422,3.5518,3.5517,0.0,37067330.0
Poland,LINEAR,row,0.1576,3.5896,3.5895,0.0,37067330.0
Poland,LINEAR,row,0.16105,3.6260,3.6260,0.0,37067330.0
Poland,LINEAR,row,0.16818,3.6778,3.6778,0.0,37067330.0
Poland,LINEAR,row,0.2,3.9665,3.9665,0.0,37067330.0
Poland,LINEAR,S1,,,2.9182,0.0,37067330.0
Poland,LINEAR,S2,,,3.5895,0.0,37067330.0
Poland,LOGISTIC,row,0.0001,0.9246,0.9245,0.0,37067330.0
Poland,LOGISTIC,row,0.0002,1.3758,1.3757,0.0,37067330.0
Poland,LOGISTIC,row,0.0005,2.1431,2.1431,0.0,37067330.0
Poland,LOGISTIC,row,0.001,2.8963,2.8963,0.0,37067330.0
Poland,LOGISTIC,row,0.0016818,3.5973,3.5973,0.0,37067330.0
Poland,LOGISTIC,row,0.001834,3.7466,3.7466,0.0,37067330.0
Poland,LOGISTIC,row,0.0010443,2.9464,2.9464,12.0,37067330.0
Poland,LOGISTIC,row,0.0010671,2.9708,2.9708,12.0,37067330.0
Poland,LOGISTIC,row,0.0010905,2.9961,2.9961,12.0,37067330.0
Poland,LOGISTIC,row,0.0011892,3.1147,3.1147,12.0,37067330.0
Poland,LOGISTIC,row,0.0013873,3.3156,3.3156,12.0,37067330.0
Poland,LOGISTIC,row,0.0014142,3.3442,3.3442,12.0,37067330.0
Poland,LOGISTIC,row,0.0018035,3.7095,3.7095,12.0,37067330.0
Poland,LOGISTIC,row,0.0018636,3.7731,3.7731,12.0,37067330.0
Poland,LOGISTIC,row,0.0019257,3.8157,3.8157,12.0,37067330.0
Poland,LOGISTIC,row,0.002,3.8731,3.8732,52.0,37067330.0
Poland,LOGISTIC,row,0.0020563,3.9218,3.9219,52.0,37067330.0
Poland,LOGISTIC,row,0.0023445,4.1245,4.1245,12.0,37067330.0
Poland,LOGISTIC,S1,,,2.9708,12.0,37067330.0
Poland,LOGISTIC,S2,,,3.7731,12.0,37067330.0
Portugal,LINEAR,row,0.0001,0.1526,0.1526,0.0,9850636.0
Portugal,LINEAR,row,0.0002,0.1526,0.1526,0.0,9850636.0
Portugal,LINEAR,row,0.0005,0.1526,0.1526,0.0,9850636.0
Portugal,LINEAR,row,0.001,0.1528,0.1528,0.0,9850636.0
Portugal,LINEAR,row,0.002,0.1753,0.1753,0.0,9850636.0
Portugal,LINEAR,row,0.005,0.3456,0.3456,0.0,9850636.0
Portugal,LINEAR,row,0.01,0.6052,0.6052,0.0,9850636.0
Portugal,LINEAR,row,0.02,1.0126,1.0126,0.0,9850636.0
Portugal,LINEAR,row,0.05,1.8066,1.8066,0.0,9850636.0
Portugal,LINEAR,row,0.1,2.6507,2.6507,0.0,9850636.0
Portugal,LINEAR,row,0.5,5.5024,6.5742,87987.0,9850636.0
Portugal,LINEAR,row,0.10219,2.6835,2.6835,0.0,9850636.0
Portugal,LINEAR,row,0.1033,2.6981,2.6981,0.0,9850636.0
Portugal,LINEAR,row,0.10386,2.7076,2.7076,0.0,9850636.0
Portugal,LINEAR,row,0.10443,2.7139,2.7139,0.0,9850636.0
Portugal,LINEAR,row,0.10905,2.7702,2.7702,0.0,9850636.0
Portugal,LINEAR,row,0.11892,2.8956,2.8956,0.0,9850636.0
Portugal,LINEAR,row,0.13429,3.1020,3.1020,0.0,9850636.0
Portugal,LINEAR,row,0.14142,3.1855,3.1855,0.0,9850636.0
Portugal,LINEAR,row,0.15312,3.3061,3.3061,0.0,9850636.0
Portugal,LINEAR,row,0.1635,3.4050,3.4050,0.0,9850636.0
Portugal,LINEAR,row,0.16895,3.4520,3.4520,0.0,9850636.0
Portugal,LINEAR,row,0.17174,3.4711,3.4711,0.0,9850636.0
Portugal,LINEAR,row,0.17458,3.4929,3.4929,0.0,9850636.0
Portugal,LINEAR,row,0.2,3.7164,3.7164,0.0,9850636.0
Portugal,LINEAR,S1,,,2.6981,0.0,9850636.0
Portugal,LINEAR,S2,,,3.4711,0.0,9850636.0
Portugal,LOGISTIC,row,0.0001,0.6775,0.6775,0.0,9850636.0
Portugal,LOGISTIC,row,0.0002,1.0867,1.0867,0.0,9850636.0
Portugal,LOGISTIC,row,0.0005,1.8535,1.8535,0.0,9850636.0
Portugal,LOGISTIC,row,0.001,2.6512,2.6512,0.0,9850636.0
Portugal,LOGISTIC,row,0.0016818,3.3632,3.3633,4.0,9850636.0
Portugal,LOGISTIC,row,0.001834,3.5183,3.5184,4.0,9850636.0
Portugal,LOGISTIC,row,0.0019152,3.5816,3.5817,4.0,9850636.0
Portugal,LOGISTIC,row,0.005,5.2715,5.8193,44964.0,9850636.0
Portugal,LOGISTIC,row,0.01,5.8958,10.3973,369516.0,9850636.0
Portugal,LOGISTIC,row,0.1,6.5823,23.3311,1374888.0,9850636.0
Portugal,LOGISTIC,row,0.2,5.4973,35.7101,2480128.0,9850636.0
Portugal,LOGISTIC,row,0.5,1.3341,94.6478,7659992.0,9850636.0
Portugal,LOGISTIC,row,0.0010443,2.7037,2.7037,0.0,9850636.0
Portugal,LOGISTIC,row,0.0010671,2.7289,2.7289,0.0,9850636.0
Portugal,LOGISTIC,row,0.0010905,2.7516,2.7516,0.0,9850636.0
Portugal,LOGISTIC,row,0.0011892,2.8684,2.8684,4.0,9850636.0
Portugal,LOGISTIC,row,0.0013873,3.0747,3.0748,4.0,9850636.0
Portugal,LOGISTIC,row,0.0014142,3.1018,3.1019,4.0,9850636.0
Portugal,LOGISTIC,row,0.0018035,3.4947,3.4948,4.0,9850636.0
Portugal,LOGISTIC,row,0.0019257,3.5971,3.5971,4.0,9850636.0
Portugal,LOGISTIC,row,0.0019576,3.6218,3.6219,4.0,9850636.0
Portugal,LOGISTIC,row,0.0019899,3.6498,3.6498,4.0,9850636.0
Portugal,LOGISTIC,row,0.002,3.6535,3.6535,0.0,9850636.0
Portugal,LOGISTIC,row,0.0020563,3.6880,3.6880,0.0,9850636.0
Portugal,LOGISTIC,row,0.0023445,3.8950,3.8950,0.0,9850636.0
Portugal,LOGISTIC,S1,,,2.7289,0.0,9850636.0
Portugal,LOGISTIC,S2,,,3.6219,4.0,9850636.0
SE1,LINEAR,row,0.0001,0.4850,5.9180,0.0,4072082.0
SE1,LINEAR,row,0.00015,0.4850,5.9180,0.0,4072082.0
SE1,LINEAR,row,0.0002,0.4850,5.9180,0.0,4072082.0
SE1,LINEAR,row,0.0003,0.4850,5.9190,0.0,4072082.0
SE1,LINEAR,row,0.0005,0.4850,5.9190,0.0,4072082.0
SE1,LINEAR,row,0.0007,0.4850,5.9190,0.0,4072082.0
SE1,LINEAR,row,0.001,0.4852,5.9237,0.0,4072082.0
SE1,LINEAR,row,0.0015,0.4867,5.9381,0.0,4072082.0
SE1,LINEAR,row,0.002,0.4911,5.9496,0.0,4072082.0
SE1,LINEAR,row,0.003,0.5073,6.0651,0.0,4072082.0
SE1,LINEAR,row,0.005,0.5499,6.2837,0.0,4072082.0
SE1,LINEAR,row,0.007,0.5979,6.5246,0.0,4072082.0
SE1,LINEAR,row,0.01,0.6663,6.8223,0.0,4072082.0
SE1,LINEAR,row,0.015,0.7719,7.1775,0.0,4072082.0
SE1,LINEAR,row,0.02,0.8779,7.5705,0.0,4072082.0
SE1,LINEAR,row,0.03,1.0830,8.0886,0.0,4072082.0
SE1,LINEAR,row,0.05,1.4401,8.8549,0.0,4072082.0
SE1,LINEAR,row,0.07,1.8100,9.2828,2.0,4072082.0
SE1,LINEAR,row,0.1,2.3398,10.2063,2.0,4072082.0
SE1,LINEAR,row,0.15,3.0265,11.2292,2.0,4072082.0
SE1,LINEAR,row,0.2,3.5452,12.4007,2.0,4072082.0
SE1,LINEAR,row,0.3,4.4118,13.0475,2.0,4072082.0
SE1,LINEAR,row,0.3873,5.0835,14.4255,48.0,4072082.0
SE1,LINEAR,row,0.44006,5.4012,14.5665,48.0,4072082.0
SE1,LINEAR,row,0.7,6.4354,16.4210,48.0,4072082.0
SE1,LINEAR,row,1,7.1610,17.2543,433.0,4072082.0
SE1,LINEAR,row,1.5,8.1883,18.7361,17838.0,4072082.0
SE1,LINEAR,row,2,8.6683,21.8504,114622.0,4072082.0
SE1,LINEAR,row,3,9.2743,22.8346,111524.0,4072082.0
SE1,LINEAR,row,5,10.1618,23.8601,122903.0,4072082.0
SE1,LINEAR,row,0.25149,3.9261,3.9384,420.0,4072082.0
SE1,LINEAR,row,0.26631,4.0407,4.0531,420.0,4072082.0
SE1,LINEAR,row,0.27404,4.1006,4.1129,420.0,4072082.0
SE1,LINEAR,row,0.278,4.1486,4.1610,420.0,4072082.0
SE1,LINEAR,row,0.27999,4.1621,4.1744,420.0,4072082.0
SE1,LINEAR,row,0.28201,4.1761,4.1884,420.0,4072082.0
SE1,LINEAR,row,0.31623,4.4334,4.4533,677.0,4072082.0
SE1,LINEAR,row,0.3614,4.7345,4.7544,677.0,4072082.0
SE1,LINEAR,row,0.46981,5.3948,5.4360,1398.0,4072082.0
SE1,LINEAR,row,0.5,5.5481,5.5893,1398.0,4072082.0
SE1,LINEAR,row,0.53567,5.6388,5.6800,1398.0,4072082.0
SE1,LINEAR,row,0.54008,5.6794,5.7215,1430.0,4072082.0
SE1,LINEAR,row,0.54453,5.7049,5.7461,1398.0,4072082.0
SE1,LINEAR,row,0.55353,5.7445,5.7998,1876.0,4072082.0
SE1,LINEAR,row,0.57198,5.8137,5.8690,1876.0,4072082.0
SE1,LINEAR,row,0.61076,5.9697,6.0418,2444.0,4072082.0
SE1,LINEAR,S1,,,4.1610,420.0,4072082.0
SE1,LINEAR,S2,,,5.7215,1430.0,4072082.0
SE1,LOGISTIC,row,0.0001,0.6818,6.7877,0.0,4072082.0
SE1,LOGISTIC,row,0.00015,0.7844,7.1346,0.0,4072082.0
SE1,LOGISTIC,row,0.0002,0.8852,7.4046,0.0,4072082.0
SE1,LOGISTIC,row,0.0003,1.0917,7.8107,0.0,4072082.0
SE1,LOGISTIC,row,0.0005,1.4434,8.3939,0.0,4072082.0
SE1,LOGISTIC,row,0.0007,1.8044,8.8079,0.0,4072082.0
SE1,LOGISTIC,row,0.001,2.3443,9.2681,2.0,4072082.0
SE1,LOGISTIC,row,0.0015,2.9876,9.8657,2.0,4072082.0
SE1,LOGISTIC,row,0.002,3.4569,10.9669,2.0,4072082.0
SE1,LOGISTIC,row,0.003,4.2750,12.0761,189.0,4072082.0
SE1,LOGISTIC,row,0.007,5.9965,14.4123,2389.0,4072082.0
SE1,LOGISTIC,row,0.0073192,6.0717,14.4745,2389.0,4072082.0
SE1,LOGISTIC,row,0.0076529,6.1567,14.7537,2389.0,4072082.0
SE1,LOGISTIC,row,0.0083666,6.2877,14.9622,2389.0,4072082.0
SE1,LOGISTIC,row,0.01,6.5515,15.5248,2404.0,4072082.0
SE1,LOGISTIC,row,0.015,7.2270,17.5248,24505.0,4072082.0
SE1,LOGISTIC,row,0.02,7.7498,18.5540,34303.0,4072082.0
SE1,LOGISTIC,row,0.03,8.5272,19.2397,37132.0,4072082.0
SE1,LOGISTIC,row,0.05,9.2221,21.5133,82001.0,4072082.0
SE1,LOGISTIC,row,0.07,9.8121,23.2528,122171.0,4072082.0
SE1,LOGISTIC,row,0.1,9.8832,27.1071,274198.0,4072082.0
SE1,LOGISTIC,row,0.15,9.8519,29.0569,345363.0,4072082.0
SE1,LOGISTIC,row,0.2,9.9037,33.3794,529149.0,4072082.0
SE1,LOGISTIC,row,0.3,9.6322,49.1229,1156660.0,4072082.0
SE1,LOGISTIC,row,0.5,6.7812,77.8015,2346494.0,4072082.0
SE1,LOGISTIC,row,0.0025149,3.8361,3.8561,677.0,4072082.0
SE1,LOGISTIC,row,0.0028201,4.0284,4.0579,1004.0,4072082.0
SE1,LOGISTIC,row,0.0029863,4.1547,4.1854,1041.0,4072082.0
SE1,LOGISTIC,row,0.0030293,4.1782,4.2089,1041.0,4072082.0
SE1,LOGISTIC,row,0.0030511,4.2032,4.2339,1041.0,4072082.0
SE1,LOGISTIC,row,0.003073,4.2241,4.2548,1041.0,4072082.0
SE1,LOGISTIC,row,0.0031623,4.2966,4.3272,1041.0,4072082.0
SE1,LOGISTIC,row,0.0039664,4.6998,4.7588,2003.0,4072082.0
SE1,LOGISTIC,row,0.005,5.1480,5.2729,4238.0,4072082.0
SE1,LOGISTIC,row,0.0051563,5.2301,5.3501,4074.0,4072082.0
SE1,LOGISTIC,row,0.0067033,5.7777,5.9228,4923.0,4072082.0
SE1,LOGISTIC,row,0.0076429,5.9873,6.1324,4923.0,4072082.0
SE1,LOGISTIC,row,0.0087142,6.1875,6.3326,4923.0,4072082.0
SE1,LOGISTIC,S1,,,4.2339,1041.0,4072082.0
SE1,LOGISTIC,S2,,,6.1324,4923.0,4072082.0
SE2,LINEAR,row,0.0001,0.7482,0.7483,0.0,4403564.0
SE2,LINEAR,row,0.0002,0.7483,0.7483,0.0,4403564.0
SE2,LINEAR,row,0.0005,0.7483,0.7483,0.0,4403564.0
SE2,LINEAR,row,0.001,0.7486,0.7486,0.0,4403564.0
SE2,LINEAR,row,0.002,0.7596,0.7596,0.0,4403564.0
SE2,LINEAR,row,0.005,0.8666,0.8666,0.0,4403564.0
SE2,LINEAR,row,0.01,1.0627,1.0627,0.0,4403564.0
SE2,LINEAR,row,0.02,1.4248,1.4248,0.0,4403564.0
SE2,LINEAR,row,0.05,2.2848,2.2849,0.0,4403564.0
SE2,LINEAR,row,0.1,3.3017,3.3036,69.0,4403564.0
SE2,LINEAR,row,0.2,4.6979,4.7095,425.0,4403564.0
SE2,LINEAR,row,1,8.7375,8.8674,4765.0,4403564.0
SE2,LINEAR,row,2,10.6919,11.0447,12946.0,4403564.0
SE2,LINEAR,row,5,12.8716,14.7180,67756.0,4403564.0
SE2,LINEAR,row,0.25149,5.2750,5.3146,1452.0,4403564.0
SE2,LINEAR,row,0.28201,5.5414,5.5810,1452.0,4403564.0
SE2,LINEAR,row,0.29863,5.6610,5.7136,1933.0,4403564.0
SE2,LINEAR,row,0.30293,5.6953,5.7480,1933.0,4403564.0
SE2,LINEAR,row,0.3073,5.7091,5.7618,1933.0,4403564.0
SE2,LINEAR,row,0.31623,5.7940,5.8538,2196.0,4403564.0
SE2,LINEAR,row,0.39381,6.2841,6.3679,3077.0,4403564.0
SE2,LINEAR,row,0.5,6.8995,6.9964,3558.0,4403564.0
SE2,LINEAR,row,0.51196,6.9909,7.0878,3558.0,4403564.0
SE2,LINEAR,row,0.54666,7.2306,7.3407,4040.0,4403564.0
SE2,LINEAR,row,0.5557,7.2560,7.3660,4040.0,4403564.0
SE2,LINEAR,row,0.56489,7.2813,7.3914,4040.0,4403564.0
SE2,LINEAR,row,0.58372,7.3341,7.4442,4040.0,4403564.0
SE2,LINEAR,row,0.66554,7.6745,7.7832,3989.0,4403564.0
SE2,LINEAR,S1,,,5.7480,1933.0,4403564.0
SE2,LINEAR,S2,,,7.3660,4040.0,4403564.0
SE2,LOGISTIC,row,0.0001,1.0897,1.0897,0.0,4403564.0
SE2,LOGISTIC,row,0.0002,1.4477,1.4477,0.0,4403564.0
SE2,LOGISTIC,row,0.0005,2.2934,2.2934,0.0,4403564.0
SE2,LOGISTIC,row,0.001,3.2562,3.2581,69.0,4403564.0
SE2,LOGISTIC,row,0.002,4.5047,4.5442,1448.0,4403564.0
SE2,LOGISTIC,row,0.005,6.3013,6.4145,4059.0,4403564.0
SE2,LOGISTIC,row,0.0070711,6.9990,7.1284,4751.0,4403564.0
SE2,LOGISTIC,row,0.008409,7.4309,7.5582,4671.0,4403564.0
SE2,LOGISTIC,row,0.00917,7.5117,7.6421,4786.0,4403564.0
SE2,LOGISTIC,row,0.009576,7.6073,7.7377,4786.0,4403564.0
SE2,LOGISTIC,row,0.01,7.7359,7.8663,4786.0,4403564.0
SE2,LOGISTIC,row,0.02,9.2810,9.6471,13432.0,4403564.0
SE2,LOGISTIC,row,0.05,11.2827,12.1518,31895.0,4403564.0
SE2,LOGISTIC,row,0.1,13.0402,16.7505,136155.0,4403564.0
SE2,LOGISTIC,row,0.2,13.1138,23.5208,381898.0,4403564.0
SE2,LOGISTIC,row,0.5,7.6834,55.6459,1760047.0,4403564.0
SE2,LOGISTIC,row,0.0031623,5.3465,5.4397,3417.0,4403564.0
SE2,LOGISTIC,row,0.003546,5.5950,5.6882,3417.0,4403564.0
SE2,LOGISTIC,row,0.003755,5.6944,5.8007,3899.0,4403564.0
SE2,LOGISTIC,row,0.0038641,5.7384,5.8447,3899.0,4403564.0
SE2,LOGISTIC,row,0.0038919,5.7384,5.8447,3899.0,4403564.0
SE2,LOGISTIC,row,0.0039198,5.7624,5.8687,3899.0,4403564.0
SE2,LOGISTIC,row,0.0039764,5.7908,5.8993,3979.0,4403564.0
SE2,LOGISTIC,row,0.0050233,6.3110,6.4230,4110.0,4403564.0
SE2,LOGISTIC,row,0.0065303,6.8800,7.0094,4751.0,4403564.0
SE2,LOGISTIC,row,0.0084894,7.4534,7.5807,4671.0,4403564.0
SE2,LOGISTIC,row,0.0090649,7.5104,7.6408,4786.0,4403564.0
SE2,LOGISTIC,row,0.0093672,7.5337,7.6641,4786.0,4403564.0
SE2,LOGISTIC,row,0.009522,7.5726,7.7030,4786.0,4403564.0
SE2,LOGISTIC,row,0.0096795,7.6323,7.7627,4786.0,4403564.0
SE2,LOGISTIC,row,0.011036,7.8978,8.0932,7172.0,4403564.0
SE2,LOGISTIC,S1,,,5.8447,3899.0,4403564.0
SE2,LOGISTIC,S2,,,7.7030,4786.0,4403564.0
SE3,LINEAR,row,0.0001,1.5910,1.5910,0.0,1734097.0
SE3,LINEAR,row,0.0002,1.5910,1.5910,0.0,1734097.0
SE3,LINEAR,row,0.0005,1.5911,1.5911,0.0,1734097.0
SE3,LINEAR,row,0.001,1.5913,1.5914,0.0,1734097.0
SE3,LINEAR,row,0.002,1.6068,1.6068,0.0,1734097.0
SE3,LINEAR,row,0.005,1.7866,1.7866,0.0,1734097.0
SE3,LINEAR,row,0.01,2.0895,2.0901,9.0,1734097.0
SE3,LINEAR,row,0.02,2.5946,2.5952,9.0,1734097.0
SE3,LINEAR,row,0.05,3.7362,3.7368,9.0,1734097.0
SE3,LINEAR,row,0.1,5.1602,5.1665,90.0,1734097.0
SE3,LINEAR,row,0.2,6.9021,6.9258,342.0,1734097.0
SE3,LINEAR,row,0.52214,9.3874,9.4443,822.0,1734097.0
SE3,LINEAR,row,0.54525,9.5422,9.5994,827.0,1734097.0
SE3,LINEAR,row,0.5946,9.7685,9.8574,1284.0,1734097.0
SE3,LINEAR,row,0.70711,10.3192,10.4109,1325.0,1734097.0
SE3,LINEAR,row,1,11.4641,11.6327,2436.0,1734097.0
SE3,LINEAR,row,2,14.3230,14.8154,7116.0,1734097.0
SE3,LINEAR,row,5,17.8579,19.4166,22526.0,1734097.0
SE3,LINEAR,row,0.25149,7.5825,7.6077,364.0,1734097.0
SE3,LINEAR,row,0.26631,7.6731,7.6982,364.0,1734097.0
SE3,LINEAR,row,0.27404,7.7357,7.7609,364.0,1734097.0
SE3,LINEAR,row,0.278,7.7675,7.7927,364.0,1734097.0
SE3,LINEAR,row,0.28201,7.8293,7.8545,364.0,1734097.0
SE3,LINEAR,row,0.31623,8.1750,8.2002,364.0,1734097.0
SE3,LINEAR,row,0.3614,8.4313,8.4770,661.0,1734097.0
SE3,LINEAR,row,0.46981,9.1316,9.1842,760.0,1734097.0
SE3,LINEAR,row,0.5,9.2693,9.3262,822.0,1734097.0
SE3,LINEAR,row,0.50166,9.2693,9.3262,822.0,1734097.0
SE3,LINEAR,row,0.51839,9.3574,9.4143,822.0,1734097.0
SE3,LINEAR,row,0.52696,9.4173,9.4746,827.0,1734097.0
SE3,LINEAR,row,0.53567,9.4788,9.5360,827.0,1734097.0
SE3,LINEAR,row,0.61076,9.9096,9.9984,1284.0,1734097.0
SE3,LINEAR,S1,,,7.7927,364.0,1734097.0
SE3,LINEAR,S2,,,9.4746,827.0,1734097.0
SE3,LOGISTIC,row,0.0001,2.1269,2.1276,9.0,1734097.0
SE3,LOGISTIC,row,0.0002,2.5887,2.5894,9.0,1734097.0
SE3,LOGISTIC,row,0.0005,3.6460,3.6467,9.0,1734097.0
SE3,LOGISTIC,row,0.001,4.8315,4.8376,88.0,1734097.0
SE3,LOGISTIC,row,0.002,6.2077,6.2312,340.0,1734097.0
SE3,LOGISTIC,row,0.005,8.1869,8.3346,2134.0,1734097.0
SE3,LOGISTIC,row,0.0070711,8.9794,9.1424,2355.0,1734097.0
SE3,LOGISTIC,row,0.008409,9.4064,9.5770,2466.0,1734097.0
SE3,LOGISTIC,row,0.00917,9.7043,9.8753,2471.0,1734097.0
SE3,LOGISTIC,row,0.01,10.0056,10.2237,3152.0,1734097.0
SE3,LOGISTIC,row,0.02,12.3736,12.9716,8642.0,1734097.0
SE3,LOGISTIC,row,0.05,15.5890,20.5771,72082.0,1734097.0
SE3,LOGISTIC,row,0.1,16.1408,28.5361,179122.0,1734097.0
SE3,LOGISTIC,row,0.2,13.0876,42.4661,424543.0,1734097.0
SE3,LOGISTIC,row,0.5,5.6721,80.3556,1079237.0,1734097.0
SE3,LOGISTIC,row,0.0031623,7.2480,7.2992,740.0,1734097.0
SE3,LOGISTIC,row,0.0039764,7.7378,7.7902,757.0,1734097.0
SE3,LOGISTIC,row,0.0042107,7.8338,7.8862,757.0,1734097.0
SE3,LOGISTIC,row,0.0044589,7.8881,7.9721,1214.0,1734097.0
SE3,LOGISTIC,row,0.0054739,8.3609,8.5208,2310.0,1734097.0
SE3,LOGISTIC,row,0.0071161,8.9794,9.1424,2355.0,1734097.0
SE3,LOGISTIC,row,0.0081136,9.3614,9.5277,2403.0,1734097.0
SE3,LOGISTIC,row,0.0086636,9.5204,9.6914,2471.0,1734097.0
SE3,LOGISTIC,row,0.0089525,9.5813,9.7523,2471.0,1734097.0
SE3,LOGISTIC,row,0.0091005,9.6354,9.8064,2471.0,1734097.0
SE3,LOGISTIC,row,0.0091754,9.7043,9.8753,2471.0,1734097.0
SE3,LOGISTIC,row,0.0092509,9.7043,9.8753,2471.0,1734097.0
SE3,LOGISTIC,S1,,,7.8862,757.0,1734097.0
SE3,LOGISTIC,S2,,,9.8753,2471.0,1734097.0
Slovenia,LINEAR,row,0.0001,0.3058,0.3058,0.0,2100749.0
Slovenia,LINEAR,row,0.0002,0.3058,0.3058,0.0,2100749.0
Slovenia,LINEAR,row,0.0005,0.3058,0.3058,0.0,2100749.0
Slovenia,LINEAR,row,0.001,0.3064,0.3064,0.0,2100749.0
Slovenia,LINEAR,row,0.002,0.3505,0.3505,0.0,2100749.0
Slovenia,LINEAR,row,0.005,0.6969,0.6969,0.0,2100749.0
Slovenia,LINEAR,row,0.01,1.1466,1.1465,0.0,2100749.0
Slovenia,LINEAR,row,0.02,1.7367,1.7367,0.0,2100749.0
Slovenia,LINEAR,row,0.05,2.7766,2.7766,0.0,2100749.0
Slovenia,LINEAR,row,0.1,3.7863,3.7863,0.0,2100749.0
Slovenia,LINEAR,row,0.2,5.0776,5.0776,0.0,2100749.0
Slovenia,LINEAR,row,0.25149,5.5584,5.5584,0.0,2100749.0
Slovenia,LINEAR,row,0.31623,6.0246,6.0246,0.0,2100749.0
Slovenia,LINEAR,row,0.5,7.1684,7.1683,0.0,2100749.0
Slovenia,LINEAR,row,1,8.3669,8.3719,89.0,2100749.0
Slovenia,LINEAR,row,2,9.8716,10.1552,4964.0,2100749.0
Slovenia,LINEAR,row,0.14142,4.4730,4.4730,0.0,2100749.0
Slovenia,LINEAR,row,0.15422,4.6637,4.6637,0.0,2100749.0
Slovenia,LINEAR,row,0.16105,4.7542,4.7542,0.0,2100749.0
Slovenia,LINEAR,row,0.1628,4.7772,4.7772,0.0,2100749.0
Slovenia,LINEAR,row,0.16458,4.7839,4.7839,0.0,2100749.0
Slovenia,LINEAR,row,0.16818,4.7992,4.7992,0.0,2100749.0
Slovenia,LINEAR,row,0.21164,5.1829,5.1829,0.0,2100749.0
Slovenia,LINEAR,row,0.24131,5.4404,5.4404,0.0,2100749.0
Slovenia,LINEAR,row,0.24936,5.5106,5.5106,0.0,2100749.0
Slovenia,LINEAR,row,0.25348,5.5584,5.5584,0.0,2100749.0
Slovenia,LINEAR,row,0.25557,5.5820,5.5820,0.0,2100749.0
Slovenia,LINEAR,row,0.25767,5.6186,5.6186,0.0,2100749.0
Slovenia,LINEAR,row,0.27514,5.7329,5.7329,0.0,2100749.0
Slovenia,LINEAR,S1,,,4.7772,0.0,2100749.0
Slovenia,LINEAR,S2,,,5.5820,0.0,2100749.0
Slovenia,LOGISTIC,row,0.0001,1.2362,1.2362,0.0,2100749.0
Slovenia,LOGISTIC,row,0.0002,1.8117,1.8117,0.0,2100749.0
Slovenia,LOGISTIC,row,0.0005,2.7786,2.7786,0.0,2100749.0
Slovenia,LOGISTIC,row,0.001,3.7658,3.7658,0.0,2100749.0
Slovenia,LOGISTIC,row,0.002,4.8715,4.8708,0.0,2100749.0
Slovenia,LOGISTIC,row,0.0031623,5.6549,5.6549,0.0,2100749.0
Slovenia,LOGISTIC,row,0.003546,5.8532,5.8532,0.0,2100749.0
Slovenia,LOGISTIC,row,0.0039764,6.1160,6.1160,0.0,2100749.0
Slovenia,LOGISTIC,row,0.005,6.5859,6.5859,0.0,2100749.0
Slovenia,LOGISTIC,row,0.01,7.6482,7.6602,211.0,2100749.0
Slovenia,LOGISTIC,row,0.02,8.8983,8.9579,1045.0,2100749.0
Slovenia,LOGISTIC,row,0.05,10.4319,12.0876,28984.0,2100749.0
Slovenia,LOGISTIC,row,0.1,10.9110,16.6154,99862.0,2100749.0
Slovenia,LOGISTIC,row,0.2,9.5998,30.5929,367510.0,2100749.0
Slovenia,LOGISTIC,row,0.5,3.7509,75.7325,1260127.0,2100749.0
Slovenia,LOGISTIC,row,0.0014142,4.3357,4.3357,0.0,2100749.0
Slovenia,LOGISTIC,row,0.0016818,4.5773,4.5773,0.0,2100749.0
Slovenia,LOGISTIC,row,0.001834,4.7226,4.7226,0.0,2100749.0
Slovenia,LOGISTIC,row,0.0019152,4.8071,4.8071,0.0,2100749.0
Slovenia,LOGISTIC,row,0.0019361,4.8280,4.8280,0.0,2100749.0
Slovenia,LOGISTIC,row,0.0019571,4.8401,4.8401,0.0,2100749.0
Slovenia,LOGISTIC,row,0.0025169,5.2483,5.2483,0.0,2100749.0
Slovenia,LOGISTIC,row,0.0032719,5.7120,5.7120,0.0,2100749.0
Slovenia,LOGISTIC,row,0.0034937,5.8222,5.8222,0.0,2100749.0
Slovenia,LOGISTIC,row,0.0035515,5.8532,5.8532,0.0,2100749.0
Slovenia,LOGISTIC,row,0.0036102,5.9362,5.9362,0.0,2100749.0
Slovenia,LOGISTIC,row,0.0037306,5.9878,5.9878,0.0,2100749.0
Slovenia,LOGISTIC,row,0.0042535,6.2477,6.2477,0.0,2100749.0
Slovenia,LOGISTIC,S1,,,4.8280,0.0,2100749.0
Slovenia,LOGISTIC,S2,,,5.8532,0.0,2100749.0
